customer_id,first_name,last_name,age,home_state,signup_date,card_type,email,is_churned,churn_month
CUST000001,Edward,Curtis,41,IL,2022-08-21,Green,nicholsonclinton@example.net,0,
CUST000002,William,Johnson,46,CA,2021-01-16,Gold,pbarnes@example.org,0,
CUST000003,Brian,Cunningham,25,TN,2024-01-01,Green,crystalaguilar@example.org,0,
CUST000004,Randy,Cherry,27,VA,2024-02-27,Gold,hawkinsdean@example.com,0,
CUST000005,David,Parker,58,CA,2021-07-24,Platinum,dakotaduncan@example.org,0,
CUST000006,Amy,Brown,53,OH,2022-12-05,Gold,montgomerytyler@example.net,0,
CUST000007,Lee,Richards,23,TX,2023-04-05,Gold,pward@example.org,0,
CUST000008,John,Andrews,48,AZ,2024-11-20,Green,ugolden@example.com,0,
CUST000009,Tina,Wilson,25,GA,2022-06-03,Green,vmartin@example.org,0,
CUST000010,Robert,Hayden,26,TN,2026-04-17,Gold,duranashley@example.com,0,
CUST000011,Michael,Crawford,48,CA,2022-09-26,Gold,fjones@example.com,0,
CUST000012,Elizabeth,Brown,57,FL,2023-07-16,Platinum,deborah74@example.net,0,
CUST000013,Elizabeth,Johnson,35,WI,2023-01-04,Green,nkelly@example.org,0,
CUST000014,Jeffery,Mitchell,24,WI,2023-08-28,Green,raymondrangel@example.com,0,
CUST000015,Shane,Dunn,58,WA,2021-03-06,Green,lorishields@example.com,0,
CUST000016,Valerie,Vega,24,GA,2024-12-06,Platinum,jrosario@example.org,0,
CUST000017,Jesse,Hall,23,TN,2021-10-02,Green,lguerra@example.com,0,
CUST000018,Dustin,Nichols,29,MI,2022-05-21,Gold,stephanie89@example.net,1,2025-09-01
CUST000019,Brian,Lam,47,IL,2024-10-01,Platinum,zsanders@example.org,0,
CUST000020,Richard,Lee,55,FL,2023-08-02,Green,scottrodriguez@example.net,0,
CUST000021,Aaron,Hernandez,57,MI,2021-01-04,Gold,rushchristina@example.org,0,
CUST000022,Christina,Hernandez,56,PA,2025-12-09,Platinum,stephanie95@example.com,0,
CUST000023,Melinda,Kaiser,27,WI,2021-06-07,Green,tcastillo@example.org,0,
CUST000024,Kara,Yang,57,OH,2021-07-23,Gold,kpoole@example.net,0,
CUST000025,Stephanie,Rice,44,FL,2020-10-31,Platinum,hannahsloan@example.net,0,
CUST000026,Dawn,Davis,56,TX,2022-06-26,Green,april25@example.org,0,
CUST000027,Kimberly,Rivera,57,CA,2023-11-21,Gold,christiekramer@example.org,1,2025-10-01
CUST000028,Loretta,Singh,60,OH,2025-07-13,Gold,jamesvasquez@example.net,0,
CUST000029,Anthony,Ramirez,52,TN,2020-11-13,Gold,james95@example.com,0,
CUST000030,Jennifer,Bailey,48,NJ,2025-07-18,Gold,christopher13@example.com,1,2025-08-01
CUST000031,James,Hanson,50,WI,2021-11-15,Green,mendozadenise@example.net,0,
CUST000032,Donna,Browning,50,VA,2021-03-15,Gold,timothywhite@example.net,0,
CUST000033,Lauren,Bonilla,40,GA,2022-09-09,Green,vford@example.org,0,
CUST000034,George,Martinez,32,GA,2025-01-16,Gold,brittanymarshall@example.net,0,
CUST000035,Margaret,Baird,26,WI,2021-07-28,Green,eric82@example.org,1,2025-11-01
CUST000036,Tara,Santos,40,MD,2020-10-12,Platinum,ryanwiggins@example.org,0,
CUST000037,Jason,Mason,52,NJ,2020-11-11,Gold,jordan62@example.org,0,
CUST000038,Michael,Ellis,67,MA,2026-02-25,Green,gwilcox@example.org,1,2025-09-01
CUST000039,Alexandra,Smith,39,MN,2023-11-20,Gold,mfrank@example.org,0,
CUST000040,Edward,Thomas,25,FL,2025-05-08,Green,hawkinsmark@example.net,0,
CUST000041,Timothy,Frank,53,AZ,2023-11-17,Gold,wrightjoshua@example.org,0,
CUST000042,Anna,Wolf,31,NJ,2023-09-28,Green,ramoscheyenne@example.net,0,
CUST000043,James,Ramirez,30,CO,2024-05-01,Gold,promero@example.net,1,2025-08-01
CUST000044,Nancy,Reilly,47,CA,2023-11-01,Green,marytaylor@example.org,0,
CUST000045,Leslie,Lambert,63,TX,2023-01-18,Gold,qjones@example.com,0,
CUST000046,Penny,Moore,69,TN,2025-05-25,Gold,douglas27@example.org,0,
CUST000047,Clinton,Dyer,57,NJ,2025-03-04,Green,veronicawall@example.org,0,
CUST000048,Virginia,Powell,42,VA,2024-12-06,Platinum,ugonzalez@example.org,0,
CUST000049,Andrew,Spencer,59,CO,2025-01-10,Green,ywarner@example.com,0,
CUST000050,Kenneth,Yu,58,MA,2023-10-19,Gold,gallowaykristina@example.org,0,
CUST000051,Joseph,Bullock,25,TX,2021-03-14,Green,josephanderson@example.com,1,2025-09-01
CUST000052,Erica,Shah,38,CO,2025-10-16,Green,ghernandez@example.net,0,
CUST000053,Mark,Ramirez,65,TX,2023-08-30,Gold,ronaldjones@example.org,0,
CUST000054,Laurie,Miller,24,MI,2024-07-02,Gold,carlroy@example.com,0,
CUST000055,Virginia,Butler,62,WI,2020-10-06,Green,christy08@example.net,0,
CUST000056,Daniel,Martin,64,MA,2022-02-15,Green,whitesarah@example.net,0,
CUST000057,Katherine,Roberts,39,WA,2022-07-11,Green,josephlara@example.com,0,
CUST000058,Andrew,Wagner,63,VA,2020-11-30,Gold,williesanchez@example.com,0,
CUST000059,Lori,Reynolds,22,MA,2021-05-01,Gold,zgardner@example.net,0,
CUST000060,Jason,Hall,43,PA,2022-07-17,Gold,marisamann@example.net,0,
CUST000061,Veronica,Holden,60,FL,2021-07-14,Platinum,alexisgarrett@example.com,0,
CUST000062,Brian,Ortega,52,CA,2023-04-12,Gold,qharrell@example.com,0,
CUST000063,Heather,Williams,34,MI,2024-04-14,Green,ericgriffin@example.com,1,2025-07-01
CUST000064,Mark,Mercer,29,GA,2022-11-17,Green,john43@example.com,0,
CUST000065,Matthew,Miller,46,WA,2021-10-16,Gold,wesley33@example.net,0,
CUST000066,Christopher,Montoya,52,TX,2025-05-08,Green,reginaldwilliams@example.org,0,
CUST000067,Crystal,Miller,31,MA,2022-06-29,Platinum,dianebaldwin@example.net,1,2025-08-01
CUST000068,Mark,Rollins,46,TN,2023-01-12,Platinum,justinmontgomery@example.org,0,
CUST000069,Mary,Mcclain,38,IL,2020-12-15,Platinum,zgross@example.net,1,2025-11-01
CUST000070,Alexandra,Gordon,48,TN,2021-07-13,Gold,mckenziebrandy@example.net,0,
CUST000071,Heather,Hall,38,AZ,2024-10-16,Platinum,williamsdana@example.org,0,
CUST000072,Shannon,Williams,43,WA,2022-12-15,Green,simserin@example.com,0,
CUST000073,Stephen,Jones,35,IL,2022-04-11,Green,hopkinscarl@example.net,0,
CUST000074,Lisa,Mathis,26,PA,2023-07-16,Gold,jessicaharris@example.net,1,2025-11-01
CUST000075,Steven,Bruce,30,GA,2024-08-05,Gold,mendozagabriela@example.org,0,
CUST000076,Dawn,Jones,63,GA,2024-05-24,Gold,martinpearson@example.net,0,
CUST000077,Ashley,Smith,21,CO,2022-07-09,Green,tuckerteresa@example.org,0,
CUST000078,Emma,Carter,58,PA,2024-11-05,Green,steven71@example.net,0,
CUST000079,Tiffany,Mayer,37,MI,2021-11-21,Green,robertscharles@example.net,0,
CUST000080,Shannon,Adams,21,IL,2026-07-03,Green,sabrinaarias@example.org,0,
CUST000081,Donald,Warren,47,TN,2024-03-08,Green,david84@example.org,0,
CUST000082,Jesse,Hurst,44,MN,2024-11-30,Green,klong@example.org,0,
CUST000083,Erin,Sullivan,57,NJ,2026-05-24,Green,robertbennett@example.org,0,
CUST000084,Aaron,Christensen,29,MD,2025-09-25,Gold,mwilson@example.net,0,
CUST000085,Jodi,King,60,CA,2020-10-06,Gold,longyolanda@example.net,0,
CUST000086,Sara,Campos,50,TN,2021-02-25,Gold,ramirezbrett@example.net,0,
CUST000087,Selena,Wright,46,WA,2022-05-29,Gold,ryan53@example.com,0,
CUST000088,Ronald,Johnson,46,WA,2025-05-28,Gold,jgentry@example.net,0,
CUST000089,Christopher,Mahoney,27,CO,2021-11-30,Platinum,whayes@example.org,0,
CUST000090,Justin,Williams,61,WA,2024-07-24,Gold,georgeperry@example.com,0,
CUST000091,Joanne,Cherry,24,OH,2022-06-25,Platinum,richard34@example.com,0,
CUST000092,Preston,Jackson,25,OH,2024-01-15,Platinum,charlesmason@example.com,0,
CUST000093,Shawn,Cook,49,PA,2023-12-30,Green,jsimmons@example.org,1,2025-10-01
CUST000094,Gregg,Peters,28,NJ,2022-02-27,Platinum,john49@example.org,0,
CUST000095,Kara,Gutierrez,59,CA,2026-01-06,Green,nreese@example.com,0,
CUST000096,Karen,Jimenez,27,NY,2022-04-26,Gold,david88@example.net,0,
CUST000097,Melinda,Davis,57,IL,2025-06-08,Gold,patrickbrewer@example.com,0,
CUST000098,Melinda,Salas,55,FL,2026-06-02,Gold,martinezronald@example.com,0,
CUST000099,Tracy,Jones,44,MN,2026-07-03,Green,pcompton@example.org,0,
CUST000100,Edwin,Stanton,22,TX,2022-01-14,Gold,davidjennifer@example.net,0,
CUST000101,Patricia,Miller,34,MN,2025-10-09,Green,smithdavid@example.net,0,
CUST000102,Debbie,Torres,45,IL,2026-03-19,Green,courtneyrice@example.com,0,
CUST000103,Daniel,Jones,61,NC,2024-11-19,Platinum,paulwalker@example.net,0,
CUST000104,Amanda,Davies,43,MN,2020-09-13,Green,susan37@example.net,0,
CUST000105,John,Yu,44,CO,2022-02-07,Gold,brian37@example.net,0,
CUST000106,Christopher,Perez,28,FL,2024-07-29,Gold,obuckley@example.com,0,
CUST000107,Matthew,Fisher,52,MA,2020-11-24,Platinum,zgonzalez@example.com,0,
CUST000108,William,Harris,51,CO,2025-02-16,Gold,larrywilkins@example.org,1,2025-10-01
CUST000109,Joseph,Small,40,TX,2023-06-27,Green,cranetyler@example.org,0,
CUST000110,Todd,Lozano,30,FL,2026-01-27,Green,rushdustin@example.com,0,
CUST000111,Andrew,Carlson,68,NJ,2021-01-08,Gold,dwilliams@example.org,0,
CUST000112,Rachael,Stephenson,68,NC,2023-01-20,Green,brightsarah@example.com,0,
CUST000113,Denise,Warren,51,PA,2021-11-02,Gold,qjohnson@example.net,0,
CUST000114,Nathaniel,Rivera,54,NY,2022-12-19,Gold,danielmiller@example.org,0,
CUST000115,Stephanie,Martinez,34,MD,2022-10-21,Platinum,omarmack@example.com,0,
CUST000116,Ryan,Williams,44,IL,2025-08-17,Platinum,igonzalez@example.com,1,2025-10-01
CUST000117,Michael,Prince,65,TN,2021-11-07,Green,welchjohn@example.net,0,
CUST000118,Billy,Johnson,22,MD,2025-04-17,Green,prattbryan@example.org,0,
CUST000119,Rachel,Morgan,40,TX,2025-03-06,Gold,matthew90@example.com,0,
CUST000120,Hannah,Glass,65,NC,2025-03-04,Green,adam91@example.org,0,
CUST000121,Daniel,Baldwin,54,VA,2025-08-25,Green,yfinley@example.com,0,
CUST000122,Lisa,Anderson,31,VA,2026-03-05,Gold,zwhite@example.net,0,
CUST000123,Heather,Hernandez,70,GA,2022-07-07,Green,markflores@example.com,0,
CUST000124,Caitlin,Hunt,55,TN,2025-05-25,Gold,pmullins@example.com,0,
CUST000125,Arthur,Tran,70,MD,2021-01-30,Platinum,eugene61@example.org,0,
CUST000126,Christopher,Davis,42,GA,2022-04-14,Green,cmcneil@example.org,0,
CUST000127,Robert,Oliver,60,OH,2022-02-06,Gold,julieboone@example.net,0,
CUST000128,Kimberly,Carter,36,WA,2025-04-02,Gold,ashley54@example.net,0,
CUST000129,Scott,Lopez,68,GA,2022-04-04,Platinum,erichenson@example.net,0,
CUST000130,Calvin,King,33,MD,2021-10-28,Green,williamhall@example.org,0,
CUST000131,Vicki,Garcia,52,VA,2024-08-12,Green,oandrade@example.com,0,
CUST000132,Billy,Carter,67,NY,2026-03-07,Platinum,williamscaroline@example.net,0,
CUST000133,Charles,Hunt,22,NC,2021-11-10,Platinum,shanegreen@example.net,1,2025-08-01
CUST000134,Daniel,Carlson,51,NC,2026-05-15,Green,jeff55@example.org,0,
CUST000135,Zoe,Johnson,33,MN,2020-12-16,Green,lisafuentes@example.com,0,
CUST000136,Jacob,Collins,43,MA,2024-10-06,Gold,anthonysimpson@example.com,0,
CUST000137,Craig,Foster,67,VA,2021-01-27,Platinum,danielledavis@example.org,0,
CUST000138,Joseph,Mcneil,44,TX,2023-01-30,Green,robert04@example.net,0,
CUST000139,Michael,Butler,35,FL,2024-02-04,Gold,deanna66@example.org,0,
CUST000140,Ryan,Moore,35,CO,2026-05-06,Platinum,hooverrichard@example.com,0,
CUST000141,Francisco,Smith,33,NJ,2023-06-17,Gold,daniellebrowning@example.org,0,
CUST000142,Sara,Mclaughlin,34,CO,2024-02-18,Green,dustincampbell@example.net,0,
CUST000143,Carlos,Reyes,60,MN,2021-09-22,Green,kevinhood@example.org,1,2025-09-01
CUST000144,Timothy,Brown,21,CO,2026-07-19,Green,tmiller@example.net,0,
CUST000145,Patricia,Bowman,62,VA,2024-10-27,Platinum,christinemendez@example.org,0,
CUST000146,Isaac,Robinson,62,TX,2025-09-01,Green,kmays@example.com,0,
CUST000147,Edward,Arellano,63,FL,2022-11-07,Green,blakehart@example.net,0,
CUST000148,Mary,Wilson,45,OH,2020-12-03,Green,opierce@example.com,0,
CUST000149,Kyle,Wright,51,PA,2024-08-03,Green,chopkins@example.net,1,2025-04-01
CUST000150,Andrew,Montgomery,48,NJ,2023-04-29,Green,cmarshall@example.net,0,
CUST000151,Stephen,White,26,WA,2025-05-16,Green,eross@example.org,0,
CUST000152,Michael,Lang,50,WA,2022-11-05,Gold,williamsdavid@example.net,0,
CUST000153,Jennifer,Miller,68,TX,2022-07-30,Gold,ydelgado@example.org,0,
CUST000154,Carl,Mendez,67,PA,2020-11-06,Green,leetina@example.com,0,
CUST000155,Lisa,Norton,31,IL,2022-06-03,Green,cameronbell@example.com,0,
CUST000156,Peggy,Hill,22,IL,2021-08-24,Green,gthomas@example.com,0,
CUST000157,Jose,Hunter,58,MA,2021-12-11,Gold,nathan32@example.com,0,
CUST000158,Sharon,Frazier,62,IL,2021-08-30,Platinum,yjackson@example.com,0,
CUST000159,Alyssa,Fields,60,MN,2021-05-21,Platinum,tammy78@example.net,1,2025-06-01
CUST000160,Nicole,Garcia,51,VA,2024-03-04,Green,xrojas@example.com,1,2025-10-01
CUST000161,Miguel,Thomas,30,TN,2022-12-13,Green,kathy73@example.org,0,
CUST000162,Susan,Phillips,56,IL,2024-05-21,Platinum,kyle95@example.net,0,
CUST000163,Arthur,Hernandez,22,NY,2020-09-14,Platinum,xbutler@example.org,1,2025-03-01
CUST000164,Jeremy,Delgado,67,FL,2021-06-27,Gold,brownashley@example.com,0,
CUST000165,Michael,Walker,54,IL,2021-05-02,Gold,brianna35@example.net,0,
CUST000166,Eric,Smith,48,OH,2025-08-31,Platinum,jasminehayes@example.org,0,
CUST000167,Monica,Casey,34,NY,2024-07-10,Gold,acain@example.org,0,
CUST000168,Anna,Bell,37,OH,2024-07-25,Platinum,hguzman@example.net,0,
CUST000169,Frederick,Smith,39,MD,2023-08-26,Green,schmidtrichard@example.org,0,
CUST000170,Rhonda,Garcia,36,WI,2021-08-25,Green,douglasgonzalez@example.net,1,2025-06-01
CUST000171,Deborah,Perry,41,NC,2024-07-20,Green,williambrown@example.net,0,
CUST000172,Pamela,Logan,55,AZ,2020-12-26,Green,brookssamuel@example.com,0,
CUST000173,Diana,Thompson,29,CA,2021-03-06,Platinum,greendawn@example.org,0,
CUST000174,Kara,Neal,68,VA,2022-09-16,Green,jennifer48@example.net,0,
CUST000175,Kristina,Mills,50,WI,2023-04-24,Gold,kenneth31@example.net,0,
CUST000176,Jorge,Young,54,AZ,2020-10-14,Green,shirleyreese@example.com,0,
CUST000177,Paul,Burke,53,IL,2021-11-05,Green,osolomon@example.net,0,
CUST000178,Mckenzie,Herrera,55,IL,2026-08-01,Green,sfranco@example.org,0,
CUST000179,Samuel,Hardy,54,MD,2025-11-02,Green,kristina69@example.net,1,2025-06-01
CUST000180,Renee,Thomas,22,MA,2021-02-28,Gold,rodriguezchristy@example.org,0,
CUST000181,Donald,Johnson,70,PA,2022-10-06,Gold,taylordawn@example.org,0,
CUST000182,Jillian,Jones,59,NY,2024-11-16,Green,james81@example.net,0,
CUST000183,Daniel,Harris,70,IL,2026-05-12,Gold,johnsonstacy@example.net,0,
CUST000184,Karen,Chen,32,IL,2021-03-21,Green,ggarcia@example.net,0,
CUST000185,Luis,Coleman,51,MN,2021-12-04,Green,bellsarah@example.org,0,
CUST000186,Micheal,Flores,67,FL,2024-12-27,Green,nyork@example.net,1,2025-07-01
CUST000187,Robert,Graham,56,CA,2020-11-17,Green,reedjanet@example.net,0,
CUST000188,Jennifer,Carey,41,MD,2024-02-03,Green,george08@example.org,0,
CUST000189,Karen,Brown,54,TN,2022-06-04,Platinum,travis72@example.com,0,
CUST000190,Susan,Robertson,51,FL,2024-04-01,Platinum,justinlewis@example.net,0,
CUST000191,Gabriel,Mcmillan,56,CA,2022-01-31,Green,henryvickie@example.net,0,
CUST000192,Courtney,Kelly,36,OH,2025-06-01,Green,vmcfarland@example.org,1,2025-05-01
CUST000193,Debbie,Watson,38,CA,2023-03-24,Green,jose88@example.org,0,
CUST000194,Nicole,Hall,70,FL,2022-12-21,Gold,mmartinez@example.net,0,
CUST000195,Debbie,Bailey,53,MA,2025-03-18,Green,aimee78@example.net,0,
CUST000196,Steven,Norris,56,NY,2022-08-20,Gold,beth25@example.com,0,
CUST000197,Heather,Romero,69,TX,2024-07-20,Platinum,kevin92@example.net,0,
CUST000198,John,Nguyen,49,NJ,2021-08-18,Green,eugene53@example.com,0,
CUST000199,Jessica,Garcia,60,MD,2026-07-18,Gold,gonzalezedward@example.org,0,
CUST000200,Jessica,Graham,59,MD,2025-06-18,Gold,danielpruitt@example.com,0,
CUST000201,Paul,Johnson,33,NC,2021-12-07,Gold,bdickerson@example.net,0,
CUST000202,Tina,Phillips,49,MD,2022-01-11,Green,thomascassandra@example.com,0,
CUST000203,John,Farrell,55,CO,2020-09-23,Gold,qsingleton@example.net,0,
CUST000204,Natalie,May,53,GA,2024-08-10,Platinum,erinmay@example.com,0,
CUST000205,Jordan,Haynes,65,MD,2023-04-16,Gold,zsanchez@example.net,1,2025-04-01
CUST000206,Eric,Atkinson,37,TN,2024-12-20,Green,ngibson@example.com,0,
CUST000207,Donna,Salas,33,MA,2023-10-21,Gold,kimberly67@example.org,0,
CUST000208,Amy,Martin,29,AZ,2020-12-03,Gold,aprilgarcia@example.net,0,
CUST000209,Jamie,Alvarez,28,WA,2023-06-08,Gold,fowlermaria@example.net,0,
CUST000210,Judy,Bryant,49,NJ,2022-10-02,Green,philipfarmer@example.org,0,
CUST000211,Christina,Walsh,25,GA,2025-01-25,Platinum,joshua60@example.org,1,2025-07-01
CUST000212,Rose,Fuller,48,TX,2021-02-22,Platinum,betty13@example.com,1,2025-06-01
CUST000213,Shelby,Rose,34,MI,2025-02-21,Green,virginiayu@example.com,0,
CUST000214,David,Frank,28,IL,2021-12-19,Gold,taylorhart@example.org,0,
CUST000215,Dustin,Wade,66,VA,2025-07-31,Green,smcdonald@example.net,0,
CUST000216,Kimberly,Harrison,30,NC,2024-08-04,Platinum,josephbennett@example.com,0,
CUST000217,Erika,Olson,29,MA,2026-08-04,Platinum,michael45@example.com,0,
CUST000218,Cindy,Miller,35,FL,2023-08-09,Gold,eric46@example.org,0,
CUST000219,Anne,Nguyen,46,CO,2021-03-16,Gold,alyssareed@example.net,0,
CUST000220,Alexander,Lynn,31,GA,2020-10-13,Green,john19@example.org,0,
CUST000221,Jacob,Hayes,31,AZ,2025-10-26,Green,jasonpowell@example.net,0,
CUST000222,Patricia,Franklin,53,WA,2021-09-13,Green,barnettpatricia@example.net,1,2025-11-01
CUST000223,James,Schwartz,42,AZ,2025-09-22,Gold,harmonsamuel@example.org,0,
CUST000224,Joseph,Young,33,VA,2024-01-10,Green,thomasgrant@example.com,0,
CUST000225,Drew,Henry,41,TX,2023-07-01,Platinum,mmartin@example.net,0,
CUST000226,Mary,Mcdonald,67,VA,2020-09-25,Gold,dortega@example.com,0,
CUST000227,Zoe,Lowe,22,NJ,2023-04-01,Green,danafields@example.org,0,
CUST000228,Brandon,Doyle,56,MA,2020-10-26,Green,lindsey18@example.com,0,
CUST000229,Priscilla,Johnson,49,NY,2023-08-08,Gold,vgarrett@example.org,0,
CUST000230,Michael,Wells,45,NJ,2025-11-11,Platinum,justinpeterson@example.com,0,
CUST000231,Margaret,Carter,54,MN,2024-01-07,Gold,gpowell@example.com,0,
CUST000232,Michael,Harris,39,MD,2025-12-06,Green,vconner@example.org,0,
CUST000233,Kevin,Willis,25,FL,2022-08-06,Gold,muellerbilly@example.net,0,
CUST000234,Richard,Andrews,35,FL,2024-01-08,Green,aevans@example.org,0,
CUST000235,Sandra,Franklin,26,NC,2021-11-01,Platinum,mccormickrenee@example.net,0,
CUST000236,Dylan,Nunez,38,CA,2022-12-13,Gold,lewiselizabeth@example.com,0,
CUST000237,Gordon,Alvarado,70,PA,2024-06-11,Green,fishercraig@example.net,0,
CUST000238,Monica,Taylor,38,IL,2020-10-10,Gold,anna44@example.org,0,
CUST000239,Lucas,Jordan,48,NC,2023-03-24,Gold,jimenezalexa@example.org,0,
CUST000240,Robert,Dominguez,46,IL,2025-05-03,Green,agriffin@example.net,0,
CUST000241,Brittany,Pace,55,MD,2023-01-07,Platinum,thomasgutierrez@example.org,0,
CUST000242,Thomas,Huang,57,CO,2021-03-11,Green,simmonsalbert@example.net,0,
CUST000243,Tammy,Davis,65,NJ,2021-06-04,Platinum,andersonandrew@example.net,0,
CUST000244,Shannon,Manning,26,NC,2024-02-09,Platinum,diazjulie@example.net,0,
CUST000245,Jessica,Miller,24,PA,2025-10-29,Green,qmurray@example.org,0,
CUST000246,Alexander,Smith,48,TX,2024-12-30,Gold,pricelarry@example.net,0,
CUST000247,Michelle,Tucker,38,NY,2021-09-09,Green,stewartstacy@example.net,1,2025-10-01
CUST000248,Erica,Thomas,61,TX,2023-04-30,Gold,coxdeanna@example.net,0,
CUST000249,Thomas,Strickland,37,TX,2025-07-03,Gold,yduffy@example.net,0,
CUST000250,Joshua,Howell,59,GA,2022-09-12,Gold,molly02@example.net,0,
CUST000251,Brenda,Bray,25,NC,2025-09-09,Platinum,nicholascohen@example.net,0,
CUST000252,Jimmy,Hayes,28,MA,2025-04-28,Green,morrisjoseph@example.org,0,
CUST000253,Lisa,Clay,21,NJ,2024-03-19,Gold,robertsdonald@example.net,0,
CUST000254,Theresa,Robles,56,AZ,2021-07-30,Green,freed@example.net,0,
CUST000255,Laura,Gonzalez,38,MN,2024-01-07,Green,kylebrown@example.com,0,
CUST000256,Jamie,Scott,29,CA,2023-06-27,Gold,connersteve@example.org,0,
CUST000257,Michael,Brown,54,GA,2023-11-29,Gold,qriley@example.net,0,
CUST000258,William,Harris,28,PA,2022-08-15,Platinum,jameswhite@example.net,0,
CUST000259,Becky,Howard,37,CA,2022-06-07,Gold,johnlivingston@example.com,0,
CUST000260,Daniel,Chen,32,OH,2022-12-09,Green,moorecarla@example.com,0,
CUST000261,Catherine,Davis,40,MI,2022-05-18,Platinum,veronicacline@example.com,0,
CUST000262,Jason,Schaefer,54,OH,2024-03-19,Green,ronald79@example.net,0,
CUST000263,Jonathan,Johnson,39,MA,2026-06-22,Green,virginiagray@example.org,0,
CUST000264,Angela,Harrell,53,PA,2020-12-31,Gold,etucker@example.net,1,2025-07-01
CUST000265,Sandra,Mccarthy,38,VA,2024-07-13,Green,scottanne@example.net,0,
CUST000266,Samantha,Hunter,22,NC,2021-03-26,Green,shanemoore@example.org,0,
CUST000267,Jeffrey,Johnson,23,NY,2026-08-23,Platinum,shelley08@example.org,0,
CUST000268,Brandon,Hartman,22,MD,2025-09-19,Green,jbrown@example.com,0,
CUST000269,Sheila,Rhodes,56,OH,2025-03-23,Platinum,brittany71@example.com,0,
CUST000270,Jonathan,Martinez,53,CO,2022-08-21,Gold,cgray@example.org,0,
CUST000271,Robin,Mcclain,36,MA,2025-07-16,Green,mlove@example.org,1,2025-09-01
CUST000272,Marissa,Miller,27,AZ,2021-08-20,Green,pamela27@example.org,0,
CUST000273,Paul,Johnson,63,CO,2026-04-01,Green,chavezmatthew@example.org,0,
CUST000274,Courtney,Thomas,55,WA,2023-07-24,Platinum,jillwhite@example.com,0,
CUST000275,Duane,Harrell,53,MI,2024-01-06,Green,robert32@example.org,0,
CUST000276,Mary,Cook,65,OH,2022-04-27,Green,jorgerodriguez@example.com,0,
CUST000277,Danny,Irwin,35,NJ,2026-02-10,Green,welchkristin@example.org,0,
CUST000278,Mary,Wilson,33,IL,2024-01-20,Platinum,tarareynolds@example.com,0,
CUST000279,Sara,Davis,46,VA,2026-09-06,Green,robert20@example.net,0,
CUST000280,Drew,Bowman,24,IL,2026-07-25,Gold,vroman@example.net,1,2025-07-01
CUST000281,Aaron,Collier,21,TX,2021-07-15,Green,jacob60@example.com,0,
CUST000282,Ashley,Taylor,61,NC,2022-01-02,Platinum,aimeehall@example.org,0,
CUST000283,Christian,Miller,48,PA,2021-11-15,Gold,ljuarez@example.org,0,
CUST000284,Elizabeth,Fuller,24,TX,2021-07-08,Green,brandiharris@example.org,1,2025-10-01
CUST000285,April,Randall,63,WA,2024-11-05,Platinum,stonemichael@example.com,0,
CUST000286,Michelle,Snyder,53,MI,2025-09-29,Green,ortizkathryn@example.org,0,
CUST000287,Joseph,Lopez,59,GA,2025-12-04,Gold,benjamin59@example.net,0,
CUST000288,Michael,Frederick,65,MI,2025-11-04,Gold,martinezjennifer@example.com,0,
CUST000289,Miranda,Johnston,23,MA,2025-05-15,Green,carterdaniel@example.net,1,2025-10-01
CUST000290,William,Moreno,32,PA,2023-08-31,Green,andrewponce@example.org,1,2025-02-01
CUST000291,Gary,Collins,38,MA,2024-05-29,Green,smithsara@example.net,0,
CUST000292,Andrew,Greene,21,NC,2021-11-12,Green,smills@example.com,0,
CUST000293,Molly,Love,44,NJ,2021-04-24,Green,nelsonsteven@example.net,0,
CUST000294,Joshua,Martinez,56,NJ,2023-09-13,Green,iwilkerson@example.net,1,2025-11-01
CUST000295,Jeremy,Barnett,36,CA,2022-01-22,Platinum,kfrancis@example.org,0,
CUST000296,Paul,Fisher,40,OH,2026-04-27,Green,fostershelly@example.com,1,2025-07-01
CUST000297,John,Rogers,43,PA,2022-09-22,Gold,kcameron@example.com,0,
CUST000298,Melanie,Brown,21,NJ,2025-08-01,Green,susanmichael@example.org,1,2025-09-01
CUST000299,Elizabeth,Smith,45,TX,2025-12-01,Green,schmidtchad@example.com,0,
CUST000300,Elizabeth,Perez,51,NC,2021-11-24,Gold,xbooker@example.com,0,
CUST000301,Lisa,Wilkerson,53,OH,2024-06-29,Platinum,johnsondarlene@example.com,0,
CUST000302,Cindy,Fuller,36,MD,2026-03-15,Gold,howelljohn@example.net,0,
CUST000303,Joel,Williams,70,NY,2020-10-10,Green,torresdeborah@example.org,1,2025-06-01
CUST000304,Susan,Mccall,26,NC,2021-01-21,Platinum,christopher98@example.org,0,
CUST000305,William,Mcclure,26,IL,2023-05-02,Green,rray@example.org,0,
CUST000306,Joy,Mitchell,46,WI,2025-02-09,Green,kbishop@example.org,1,2025-06-01
CUST000307,James,Page,23,WA,2024-08-05,Gold,tsnow@example.net,0,
CUST000308,Lori,Johnson,22,MI,2023-07-24,Platinum,jeffrey88@example.com,0,
CUST000309,Randy,Glass,40,GA,2026-07-06,Platinum,michelleallen@example.net,0,
CUST000310,Joseph,Johns,26,WI,2022-08-25,Gold,kennethbarton@example.org,0,
CUST000311,Catherine,Bailey,54,IL,2024-01-01,Green,blackmary@example.com,1,2025-03-01
CUST000312,Daniel,Perez,63,MN,2025-02-08,Platinum,robertbarnett@example.org,0,
CUST000313,Christina,Horn,45,NJ,2024-09-29,Platinum,rodgersjulia@example.com,1,2025-04-01
CUST000314,Crystal,Chen,67,CO,2022-04-22,Platinum,robertgarcia@example.com,0,
CUST000315,Brenda,Jimenez,30,MI,2025-04-15,Gold,robertbowers@example.net,0,
CUST000316,Noah,Chavez,67,MN,2024-05-03,Green,wroberts@example.com,0,
CUST000317,Alicia,Larson,62,IL,2022-10-24,Green,adam76@example.com,0,
CUST000318,Amanda,Pratt,23,MD,2022-06-30,Gold,ljohnston@example.org,0,
CUST000319,Samantha,Nguyen,61,AZ,2021-03-22,Gold,susanharris@example.com,1,2025-09-01
CUST000320,Stephanie,Johnson,67,MD,2026-01-15,Platinum,annette74@example.net,0,
CUST000321,Amanda,Murillo,29,MD,2025-05-02,Green,wprice@example.org,0,
CUST000322,Michael,Gould,69,MD,2024-04-06,Gold,foxcorey@example.com,0,
CUST000323,Deborah,Hebert,57,NY,2023-09-13,Green,nicholeoconnell@example.com,0,
CUST000324,Katrina,Nolan,64,WI,2023-02-07,Gold,heather12@example.com,0,
CUST000325,Tiffany,Mckenzie,66,GA,2022-08-08,Green,danielkline@example.net,0,
CUST000326,Savannah,Hicks,26,NY,2022-10-03,Gold,hwelch@example.com,0,
CUST000327,Jared,Barry,23,IL,2025-08-04,Green,owhite@example.net,0,
CUST000328,Michael,Chaney,61,VA,2024-04-24,Green,holtalex@example.org,1,2025-08-01
CUST000329,Hannah,Smith,27,WA,2022-07-15,Platinum,raymond19@example.org,1,2025-02-01
CUST000330,James,Jimenez,49,TN,2024-09-13,Green,monica88@example.org,0,
CUST000331,Robert,Martinez,24,NY,2024-02-21,Platinum,aprilhicks@example.org,0,
CUST000332,George,Mills,61,TN,2021-04-18,Gold,zaustin@example.org,1,2025-03-01
CUST000333,Gabrielle,Riley,64,GA,2024-08-05,Green,jennifergomez@example.org,0,
CUST000334,Courtney,Villarreal,52,NC,2020-11-22,Gold,baileyshannon@example.com,1,2025-11-01
CUST000335,Jeffrey,Foster,21,MA,2020-10-23,Green,gonzaleschristine@example.org,0,
CUST000336,Erik,Matthews,25,MD,2022-01-12,Platinum,leroynolan@example.com,0,
CUST000337,Carrie,Choi,55,TX,2022-07-08,Green,epetty@example.org,0,
CUST000338,Emily,Richards,63,MD,2024-10-03,Gold,tparker@example.com,1,2025-09-01
CUST000339,Miranda,Miller,25,CO,2020-10-30,Green,michaellopez@example.com,1,2025-05-01
CUST000340,Michael,Rogers,37,TX,2023-01-26,Green,progers@example.org,0,
CUST000341,Robert,Durham,37,GA,2026-06-18,Platinum,paulowens@example.com,0,
CUST000342,Austin,Beck,67,OH,2022-02-12,Gold,linda32@example.org,0,
CUST000343,Amy,Cobb,35,MA,2021-11-15,Gold,ymcdonald@example.org,0,
CUST000344,Michael,Sharp,52,WA,2021-08-25,Gold,lsoto@example.org,1,2025-05-01
CUST000345,Thomas,Harris,25,CO,2022-06-24,Green,tleonard@example.com,0,
CUST000346,Scott,Branch,64,MI,2024-04-08,Platinum,richarddixon@example.org,0,
CUST000347,David,Palmer,70,CA,2025-12-05,Platinum,jill60@example.net,0,
CUST000348,Dustin,Smith,60,OH,2025-01-01,Green,nealkimberly@example.org,0,
CUST000349,Elizabeth,Rodriguez,25,MN,2022-08-15,Gold,linda43@example.org,1,2025-07-01
CUST000350,Christopher,Roberts,30,NJ,2025-01-02,Green,zcampbell@example.com,0,
CUST000351,Nicole,Callahan,37,MI,2025-05-06,Gold,sharonthompson@example.com,0,
CUST000352,Elizabeth,Bell,60,WI,2024-10-09,Green,tjohnson@example.net,0,
CUST000353,Zoe,Morales,29,NY,2023-06-21,Gold,whitedarius@example.net,0,
CUST000354,Jennifer,Williams,51,CA,2025-02-05,Gold,franklinryan@example.com,1,2025-11-01
CUST000355,Joanna,Tran,52,NC,2021-08-19,Gold,anneperez@example.com,0,
CUST000356,Jonathan,Graham,64,FL,2024-12-29,Green,shari14@example.org,0,
CUST000357,Brenda,Dominguez,65,OH,2025-12-11,Platinum,erinjohnson@example.com,0,
CUST000358,Robin,Brady,64,CO,2021-12-15,Green,butlerjulie@example.net,1,2025-08-01
CUST000359,Jeffrey,Rose,39,MD,2024-05-21,Platinum,stacey67@example.com,0,
CUST000360,Joanna,Greer,39,MA,2024-11-04,Gold,rromero@example.net,0,
CUST000361,Emily,Bradford,50,MA,2021-12-06,Green,tracylopez@example.net,0,
CUST000362,Angie,Thompson,70,FL,2025-08-23,Gold,tarawalsh@example.net,0,
CUST000363,Tamara,Jackson,56,OH,2022-04-04,Platinum,robert34@example.org,0,
CUST000364,Jasmine,Santiago,40,TX,2021-07-07,Gold,janicesmith@example.net,1,2025-07-01
CUST000365,Sharon,Bell,51,NY,2023-05-14,Platinum,dennis29@example.net,0,
CUST000366,Crystal,Wilson,39,MA,2022-02-20,Green,khodges@example.net,0,
CUST000367,Carol,Murray,25,MD,2024-09-10,Green,hguerra@example.net,0,
CUST000368,Michael,Clark,49,NC,2022-06-06,Green,huangkevin@example.org,0,
CUST000369,Shane,Rodriguez,45,OH,2024-11-26,Gold,sean95@example.com,1,2025-10-01
CUST000370,Charles,Smith,34,TX,2021-09-14,Green,tmiller@example.com,0,
CUST000371,Anne,Rodriguez,58,TX,2026-07-29,Green,ffrye@example.org,0,
CUST000372,Marc,Howard,30,MD,2025-05-25,Gold,newmancourtney@example.net,0,
CUST000373,John,Sanchez,37,VA,2024-08-10,Green,juliejohnson@example.com,0,
CUST000374,Kenneth,Lopez,29,MN,2025-09-24,Green,curtishiggins@example.com,0,
CUST000375,Mark,Lopez,61,MD,2025-02-23,Gold,luke52@example.net,0,
CUST000376,Mary,King,38,FL,2026-03-19,Green,williamsashley@example.net,0,
CUST000377,Zoe,Powell,66,VA,2026-03-22,Green,duffytroy@example.com,0,
CUST000378,Wendy,Morrison,35,CO,2025-01-29,Platinum,thomasjeremy@example.org,0,
CUST000379,Tara,Davis,52,WA,2023-05-10,Green,jeffersontimothy@example.org,0,
CUST000380,Aaron,Randall,22,PA,2025-01-11,Gold,ethomas@example.net,0,
CUST000381,Jennifer,Macdonald,21,CO,2021-01-10,Gold,gonzaleselizabeth@example.org,0,
CUST000382,Frank,Phillips,64,MA,2026-02-12,Green,rbrock@example.com,0,
CUST000383,Taylor,Daniels,46,MI,2024-02-06,Gold,ipatterson@example.net,1,2025-04-01
CUST000384,Terri,Nixon,67,IL,2025-11-20,Platinum,shepherdbrian@example.net,0,
CUST000385,Dominique,Cunningham,47,VA,2022-09-07,Green,ecisneros@example.net,0,
CUST000386,Kevin,Cooper,45,NJ,2024-07-30,Gold,charlesjeffrey@example.net,0,
CUST000387,Christopher,Guerrero,28,NJ,2023-05-19,Platinum,angela65@example.net,0,
CUST000388,Scott,Green,21,NJ,2022-02-19,Green,henrywu@example.net,0,
CUST000389,Jeffrey,Hood,69,NJ,2025-03-11,Platinum,lopezellen@example.net,1,2025-10-01
CUST000390,Angela,Perez,46,FL,2023-08-19,Gold,fitzgeraldregina@example.net,0,
CUST000391,Ricky,Jones,33,NY,2021-03-05,Gold,gtaylor@example.net,0,
CUST000392,Mary,Vaughan,68,MI,2023-09-27,Gold,stevensgina@example.net,1,2025-10-01
CUST000393,Susan,Hart,37,VA,2021-09-21,Green,taylorkimberly@example.org,0,
CUST000394,Brandon,Williams,25,WA,2023-02-13,Gold,stevemartinez@example.org,0,
CUST000395,Pamela,Howell,45,WI,2023-04-02,Green,annalowery@example.com,0,
CUST000396,Julie,Peterson,25,VA,2021-09-14,Platinum,petersendavid@example.com,0,
CUST000397,Alicia,Kelly,48,NC,2023-10-10,Gold,mwilliams@example.com,0,
CUST000398,Ana,Pratt,24,NC,2021-04-17,Green,johnsonrenee@example.org,0,
CUST000399,James,Griffin,27,CA,2022-03-22,Green,bwilson@example.com,1,2025-02-01
CUST000400,Lauren,Lopez,63,MI,2021-05-10,Platinum,morgan62@example.net,0,
CUST000401,Amanda,Norris,61,IL,2025-12-12,Platinum,stacy00@example.com,0,
CUST000402,Tony,Webb,36,NC,2026-08-29,Gold,mcbrideaustin@example.org,0,
CUST000403,Deanna,Greene,48,MD,2024-06-01,Green,sponce@example.com,0,
CUST000404,Morgan,Bishop,41,OH,2023-01-20,Green,wardallison@example.com,0,
CUST000405,Bridget,Williams,70,VA,2026-01-21,Platinum,loriacosta@example.com,0,
CUST000406,Paul,Gomez,48,NY,2024-02-27,Green,rogerstimothy@example.org,0,
CUST000407,Stephen,Downs,69,WA,2020-10-25,Platinum,mccoyjessica@example.org,0,
CUST000408,Joshua,Porter,56,TN,2022-05-01,Platinum,michael98@example.net,1,2025-09-01
CUST000409,Victoria,Johnson,34,TX,2026-06-08,Green,brennankim@example.net,0,
CUST000410,Corey,Conner,24,AZ,2024-02-15,Green,moniquemcmillan@example.net,0,
CUST000411,Sydney,Peterson,49,MN,2021-02-15,Gold,william35@example.net,0,
CUST000412,Matthew,Padilla,69,IL,2024-12-27,Platinum,nicole78@example.com,0,
CUST000413,Lisa,Barajas,62,MI,2026-01-22,Platinum,dereksmith@example.net,0,
CUST000414,Sean,Carroll,52,CA,2023-05-31,Platinum,sarah91@example.org,0,
CUST000415,Kyle,Barber,56,IL,2022-07-03,Green,charles39@example.org,0,
CUST000416,Kevin,Gomez,31,CO,2024-03-15,Green,xkelly@example.net,0,
CUST000417,Miranda,Jones,47,NJ,2023-04-07,Gold,lflores@example.com,1,2025-08-01
CUST000418,Amy,Blake,39,MI,2026-01-29,Gold,joel03@example.org,0,
CUST000419,James,Morrison,37,NC,2023-02-03,Gold,gonzalezjessica@example.org,0,
CUST000420,Christian,Pacheco,46,GA,2024-04-19,Green,jennifer03@example.com,0,
CUST000421,Nancy,Bowman,40,CO,2023-12-01,Gold,lewismark@example.net,0,
CUST000422,Tom,Lynch,56,WA,2020-11-09,Platinum,greg60@example.org,0,
CUST000423,Matthew,Snyder,28,PA,2024-06-14,Platinum,dscott@example.org,0,
CUST000424,Logan,Valdez,62,PA,2020-11-06,Platinum,brian95@example.org,0,
CUST000425,Eric,Thomas,25,OH,2021-04-03,Platinum,howardmichael@example.com,0,
CUST000426,Brianna,Peters,53,CO,2023-12-05,Platinum,jerry94@example.net,1,2025-04-01
CUST000427,Anthony,Holland,56,GA,2023-07-24,Green,xhansen@example.net,0,
CUST000428,Joshua,King,49,NJ,2023-11-15,Platinum,zgarcia@example.com,1,2025-04-01
CUST000429,Cristina,Morales,69,MA,2021-08-06,Green,gilescolleen@example.org,0,
CUST000430,Warren,Peters,48,IL,2021-01-20,Green,jonathonobrien@example.net,0,
CUST000431,Gregory,Rojas,56,OH,2021-08-04,Gold,allisonbell@example.net,0,
CUST000432,Toni,Porter,36,TX,2022-02-24,Platinum,rachel67@example.org,0,
CUST000433,Rebecca,Rodriguez,32,NJ,2022-08-21,Gold,jonesdebbie@example.com,0,
CUST000434,Michael,Perez,56,TX,2024-09-27,Green,yortiz@example.net,0,
CUST000435,Jeffrey,King,41,GA,2024-06-16,Green,jenna33@example.com,0,
CUST000436,Katherine,Day,44,NC,2021-11-30,Platinum,natasha73@example.net,0,
CUST000437,Thomas,Peck,57,OH,2025-06-09,Platinum,stephanie24@example.com,0,
CUST000438,Adam,Wiggins,22,AZ,2021-03-23,Green,evanvega@example.net,0,
CUST000439,Jason,Williams,45,AZ,2026-06-08,Green,melissamoss@example.org,0,
CUST000440,Michelle,White,68,MD,2025-05-16,Green,wandaevans@example.org,0,
CUST000441,Edwin,Durham,34,WA,2025-07-10,Green,rhondahernandez@example.net,0,
CUST000442,Karen,Marshall,38,NJ,2022-10-21,Gold,vdavis@example.net,0,
CUST000443,Jennifer,Macias,69,CA,2026-03-16,Green,richardsjames@example.net,0,
CUST000444,Benjamin,Wagner,52,NC,2024-10-30,Gold,baileyhale@example.net,0,
CUST000445,Vicki,Stewart,57,VA,2020-10-24,Platinum,martineztony@example.org,0,
CUST000446,Aaron,Walker,29,MD,2023-11-06,Platinum,cynthiagardner@example.org,0,
CUST000447,Mary,Bernard,54,OH,2023-11-16,Green,baileyjason@example.org,0,
CUST000448,Joshua,Thompson,26,NC,2025-01-30,Green,joseph03@example.net,0,
CUST000449,Kristine,Crane,36,WA,2020-12-24,Green,alex07@example.net,0,
CUST000450,Mark,Jenkins,46,MA,2022-05-22,Gold,reginald58@example.com,0,
CUST000451,Edward,Hodges,48,MI,2022-12-29,Green,olara@example.org,0,
CUST000452,Walter,Hinton,22,IL,2022-02-16,Green,mritter@example.net,0,
CUST000453,Megan,Bowers,23,AZ,2021-05-23,Green,sullivanangelica@example.net,0,
CUST000454,Ana,Stewart,66,CO,2024-07-27,Green,wellsdeborah@example.com,0,
CUST000455,Brittany,Cooley,58,CO,2023-10-03,Platinum,mallorymoody@example.com,1,2025-08-01
CUST000456,Caleb,Daugherty,21,TX,2022-10-29,Gold,chloe51@example.net,0,
CUST000457,Elizabeth,Bradshaw,46,MD,2025-06-23,Green,jose75@example.net,0,
CUST000458,Ashley,Kidd,50,MA,2024-03-25,Gold,hoallison@example.net,0,
CUST000459,Gary,Diaz,36,FL,2021-12-03,Gold,elijahstanley@example.org,0,
CUST000460,Maria,Shannon,35,IL,2024-07-15,Gold,morrismichael@example.com,0,
CUST000461,Eric,King,30,MD,2021-06-07,Green,diazelizabeth@example.net,0,
CUST000462,Shawn,Miller,64,FL,2023-10-28,Gold,croberts@example.net,0,
CUST000463,Cynthia,Cross,67,MA,2021-05-13,Platinum,katherinehernandez@example.net,1,2025-02-01
CUST000464,Tracy,Keller,26,TN,2021-06-23,Gold,alexandra64@example.org,0,
CUST000465,Aaron,Green,70,CA,2024-01-12,Platinum,kristopherstephens@example.com,0,
CUST000466,Joseph,Kim,21,IL,2022-03-25,Green,mtrevino@example.org,0,
CUST000467,Laura,Williamson,35,WI,2023-03-27,Gold,samantha76@example.com,0,
CUST000468,Karen,Booker,23,MI,2020-12-11,Green,zwong@example.com,0,
CUST000469,Paul,Lane,29,NC,2022-10-23,Green,tiffanychristian@example.net,0,
CUST000470,Elizabeth,Rivera,54,AZ,2022-12-05,Green,millersean@example.com,0,
CUST000471,Tyler,Valenzuela,65,FL,2023-11-07,Green,rodriguezanna@example.com,0,
CUST000472,Ryan,Cooley,27,TX,2024-11-24,Green,pamelagonzales@example.com,0,
CUST000473,Karen,Smith,40,MD,2021-07-04,Gold,joymorales@example.org,0,
CUST000474,Kelly,Rivera,58,OH,2026-04-01,Gold,hcarrillo@example.org,0,
CUST000475,Chris,Roth,45,NC,2022-01-07,Gold,crawfordmelanie@example.org,0,
CUST000476,Brian,Becker,35,MN,2024-01-30,Green,timothy08@example.net,1,2025-10-01
CUST000477,Megan,Taylor,21,NY,2025-03-07,Green,omontoya@example.org,1,2025-04-01
CUST000478,James,Hendrix,55,MI,2022-08-14,Green,vanessahill@example.com,0,
CUST000479,Patrick,Beck,50,NC,2021-03-19,Green,angela86@example.net,0,
CUST000480,Kevin,Delacruz,41,GA,2021-01-01,Green,qgates@example.com,0,
CUST000481,Brett,Herrera,51,MD,2021-11-27,Platinum,sarah79@example.org,0,
CUST000482,Laurie,Gonzalez,36,TN,2022-11-21,Platinum,danielalan@example.org,0,
CUST000483,Annette,Morris,36,NY,2023-02-23,Green,jeffrey74@example.org,0,
CUST000484,Leah,Vargas,47,MI,2024-12-15,Green,usullivan@example.com,0,
CUST000485,James,White,24,NY,2021-12-01,Platinum,williamsmichelle@example.org,0,
CUST000486,Tyler,Smith,33,CO,2025-07-31,Gold,tyronecraig@example.net,1,2025-02-01
CUST000487,Laurie,Ferguson,64,AZ,2025-03-09,Green,dustinhardin@example.org,0,
CUST000488,Steven,Harris,26,NC,2023-10-17,Gold,tapiarobert@example.net,0,
CUST000489,Jasmin,Ramos,35,AZ,2025-09-11,Green,dmoore@example.net,0,
CUST000490,Ethan,Griffin,44,GA,2021-06-30,Gold,nancyrobles@example.net,0,
CUST000491,Eric,Barr,52,CA,2024-01-22,Gold,ana32@example.net,1,2025-05-01
CUST000492,Peter,Johnson,65,NJ,2026-07-29,Gold,smoore@example.org,0,
CUST000493,Heather,Gonzalez,66,AZ,2024-08-15,Platinum,jessicajordan@example.net,0,
CUST000494,Benjamin,Bell,44,WA,2023-02-07,Green,wendyayers@example.net,0,
CUST000495,Tracy,Smith,33,NY,2021-02-17,Gold,fpreston@example.org,0,
CUST000496,Michelle,Harper,39,MD,2023-08-09,Platinum,harristhomas@example.org,0,
CUST000497,Kevin,Carpenter,25,OH,2024-03-02,Green,coffeymax@example.org,0,
CUST000498,Brendan,Cook,52,OH,2024-08-19,Gold,vcastillo@example.net,0,
CUST000499,Daniel,Collier,40,OH,2022-11-17,Gold,cummingsspencer@example.net,0,
CUST000500,Kristin,Larson,35,MA,2024-01-02,Green,cjohnson@example.net,1,2025-09-01
CUST000501,Robert,Horton,35,NC,2024-03-03,Platinum,wlane@example.org,0,
CUST000502,Elizabeth,Martin,69,MI,2022-12-10,Gold,elizabethdavis@example.org,0,
CUST000503,Morgan,Castillo,27,MN,2025-09-30,Gold,joserodriguez@example.org,0,
CUST000504,Tyler,Herrera,52,MN,2021-05-25,Platinum,nguyenjohn@example.net,1,2025-11-01
CUST000505,William,Richardson,32,GA,2023-11-28,Green,justinpeters@example.org,0,
CUST000506,Jessica,Nichols,52,AZ,2026-02-22,Platinum,pamelasmith@example.org,0,
CUST000507,Kylie,Hudson,63,CA,2023-08-17,Green,christopherjackson@example.com,0,
CUST000508,Roger,Weber,59,IL,2026-09-06,Green,carterpamela@example.org,0,
CUST000509,Jeff,Sanchez,46,CA,2024-09-04,Gold,underwoodcharles@example.com,0,
CUST000510,Blake,Montgomery,34,NY,2026-08-04,Gold,lisapeterson@example.com,1,2025-08-01
CUST000511,Ian,Stewart,59,IL,2024-03-30,Green,cbuchanan@example.org,0,
CUST000512,Earl,Dixon,47,CA,2025-06-04,Green,edwardcooper@example.org,0,
CUST000513,Sara,Parks,66,CA,2021-12-01,Green,osbornlatasha@example.com,0,
CUST000514,Alicia,Rivera,32,WA,2020-12-02,Platinum,waltondana@example.org,0,
CUST000515,Brent,Diaz,49,NJ,2025-11-22,Platinum,tdavis@example.com,1,2025-02-01
CUST000516,Linda,Vasquez,67,FL,2024-03-10,Gold,staylor@example.com,0,
CUST000517,Julie,Wall,26,PA,2026-02-14,Platinum,ryanbryan@example.net,1,2025-08-01
CUST000518,Susan,Schmidt,42,OH,2022-06-28,Platinum,joneskrista@example.com,0,
CUST000519,Melanie,Allen,32,MD,2025-03-13,Green,fhoffman@example.net,1,2025-10-01
CUST000520,Gina,Page,68,MA,2026-02-21,Green,zalvarado@example.net,0,
CUST000521,Shelly,Petersen,23,MI,2024-10-16,Gold,ovaughan@example.net,0,
CUST000522,Latoya,Alvarado,63,WA,2024-09-22,Green,amcguire@example.com,0,
CUST000523,Allen,Rodriguez,44,NJ,2023-08-18,Green,mbarnes@example.com,0,
CUST000524,Matthew,Lewis,49,PA,2023-06-10,Platinum,phillip79@example.org,0,
CUST000525,Christopher,Nelson,27,NY,2022-06-13,Platinum,irussell@example.org,1,2025-04-01
CUST000526,Felicia,Williams,26,NC,2021-06-02,Gold,petercook@example.org,1,2025-08-01
CUST000527,Jeffrey,Wu,26,VA,2022-11-13,Gold,uparker@example.net,0,
CUST000528,Catherine,Gates,47,FL,2025-06-09,Gold,petersmith@example.org,0,
CUST000529,John,Cunningham,56,OH,2021-04-26,Platinum,jill18@example.net,0,
CUST000530,Willie,Bennett,45,VA,2025-11-13,Gold,elizabeth18@example.net,0,
CUST000531,Joseph,Phillips,70,MI,2022-09-06,Gold,donna68@example.net,0,
CUST000532,Diamond,Snyder,48,TX,2021-01-19,Green,brownmary@example.net,1,2025-07-01
CUST000533,Nicholas,Collins,24,CO,2021-05-29,Green,jessicabrady@example.org,0,
CUST000534,Timothy,Smith,33,VA,2026-05-20,Gold,drew99@example.net,0,
CUST000535,Philip,Burgess,55,MA,2020-12-22,Green,courtney34@example.net,0,
CUST000536,Amy,Russell,33,NJ,2020-11-06,Green,ballarderica@example.com,0,
CUST000537,Theresa,Ward,44,CO,2023-08-27,Green,mario97@example.org,0,
CUST000538,Michael,Taylor,22,AZ,2025-06-15,Gold,martinjoanna@example.org,0,
CUST000539,Rebecca,Matthews,36,WA,2024-10-12,Green,xwaters@example.net,0,
CUST000540,Kyle,Acevedo,23,WA,2021-10-26,Platinum,christinereilly@example.com,0,
CUST000541,Jorge,Long,23,MA,2021-05-06,Gold,emcguire@example.com,0,
CUST000542,Sara,Dean,25,CA,2021-05-15,Gold,xwalsh@example.com,0,
CUST000543,Joshua,Nichols,37,OH,2020-12-16,Platinum,rgoodwin@example.com,0,
CUST000544,Samantha,Moreno,68,TX,2022-11-14,Green,melissa14@example.com,0,
CUST000545,Blake,Serrano,59,NJ,2025-04-28,Green,michael54@example.org,0,
CUST000546,Nancy,Davis,44,NC,2026-01-03,Platinum,tflowers@example.org,0,
CUST000547,Gabriel,Thompson,42,MN,2026-04-10,Platinum,hamptonralph@example.net,0,
CUST000548,Ricardo,Porter,23,NC,2025-09-23,Green,michael22@example.net,1,2025-03-01
CUST000549,Robert,Ho,68,NJ,2025-02-08,Gold,dennis51@example.com,0,
CUST000550,Aaron,Berry,38,MI,2021-02-04,Green,beckypowell@example.net,0,
CUST000551,Kristen,Frazier,21,MN,2025-01-24,Green,edwardpowers@example.org,0,
CUST000552,Rachel,Roach,61,TX,2023-09-12,Green,ijohns@example.net,0,
CUST000553,Jane,Salazar,22,GA,2024-12-01,Green,jennifer99@example.net,1,2025-05-01
CUST000554,Jason,Walker,27,CO,2022-05-02,Green,wardashley@example.org,1,2025-03-01
CUST000555,Holly,Jones,66,MA,2022-11-08,Platinum,jeffery72@example.com,0,
CUST000556,Brian,Griffin,70,WA,2022-05-06,Green,williamsmaria@example.org,0,
CUST000557,Kelly,Mayer,37,AZ,2023-08-06,Green,alyssa33@example.net,0,
CUST000558,Jason,Franco,52,IL,2025-06-15,Green,walkergilbert@example.net,1,2025-03-01
CUST000559,Nicholas,Blevins,52,PA,2022-04-21,Green,jenny91@example.com,0,
CUST000560,Stephanie,Ortiz,21,MI,2023-01-14,Green,brocksusan@example.com,1,2025-06-01
CUST000561,Johnathan,May,65,IL,2024-08-22,Green,ryancosta@example.net,0,
CUST000562,James,Gilbert,59,GA,2024-05-26,Gold,powelljustin@example.org,1,2025-11-01
CUST000563,Phyllis,Smith,41,NJ,2021-02-25,Green,kristypaul@example.com,0,
CUST000564,Karla,Massey,50,VA,2021-11-25,Green,julie09@example.net,0,
CUST000565,Michael,Butler,59,TX,2020-10-15,Green,angela29@example.net,0,
CUST000566,Michael,Garcia,53,OH,2022-08-03,Gold,heatherfisher@example.org,0,
CUST000567,Spencer,Garcia,46,PA,2025-07-09,Green,hodgemichael@example.com,1,2025-11-01
CUST000568,Christopher,Morgan,36,AZ,2023-08-11,Green,thomas21@example.net,0,
CUST000569,William,Clark,25,CA,2024-01-28,Gold,diana34@example.net,1,2025-08-01
CUST000570,Jessica,Cruz,51,TN,2023-04-25,Green,aanderson@example.org,0,
CUST000571,Brenda,Gray,55,NJ,2021-12-23,Green,literesa@example.org,0,
CUST000572,Bradley,Small,31,AZ,2023-06-23,Green,garrisonmatthew@example.net,0,
CUST000573,Todd,Fowler,27,TX,2026-01-02,Gold,adrianharris@example.com,0,
CUST000574,Dalton,Garza,37,MN,2022-12-28,Green,shirleyalexander@example.net,0,
CUST000575,Dana,Mann,26,OH,2024-03-16,Platinum,kgill@example.net,0,
CUST000576,Michelle,Jackson,27,AZ,2025-01-03,Green,jenniferharrison@example.com,0,
CUST000577,David,Jimenez,52,MA,2024-04-30,Green,pbrown@example.org,0,
CUST000578,Ashlee,Mcgee,32,GA,2020-09-21,Gold,cynthiaharmon@example.org,0,
CUST000579,Rebecca,Gonzalez,29,AZ,2022-02-24,Gold,johnsonbrandon@example.org,0,
CUST000580,Susan,Rowe,50,MN,2026-05-05,Platinum,ariasdanielle@example.com,0,
CUST000581,Eric,Smith,64,GA,2022-04-10,Green,malonenicole@example.org,0,
CUST000582,Lindsay,Martin,68,TN,2021-10-25,Gold,daniel60@example.org,0,
CUST000583,Angela,Underwood,70,FL,2025-10-20,Platinum,mccarthydoris@example.net,0,
CUST000584,Randy,Smith,70,MI,2022-06-10,Green,andrewgallegos@example.com,0,
CUST000585,Jean,Moss,39,NC,2021-12-12,Gold,nlucero@example.org,0,
CUST000586,Michael,Davis,57,NC,2023-12-21,Gold,melissacharles@example.org,0,
CUST000587,Joshua,Parker,44,NC,2021-03-26,Green,dylan99@example.com,0,
CUST000588,Adam,Jones,68,NC,2025-04-22,Platinum,vegakatrina@example.org,1,2025-11-01
CUST000589,Stanley,Russell,33,MA,2023-10-25,Gold,sabrinaoconnor@example.org,1,2025-08-01
CUST000590,Mary,Moran,36,PA,2026-03-04,Platinum,santiagoderek@example.com,0,
CUST000591,Brian,Montgomery,36,GA,2025-07-02,Green,scott24@example.com,0,
CUST000592,Anthony,Reyes,30,MI,2025-10-09,Gold,scottpollard@example.net,0,
CUST000593,Thomas,Dean,58,OH,2024-08-18,Green,joshua30@example.com,0,
CUST000594,Matthew,Stephens,41,TX,2023-12-03,Green,samantha50@example.org,0,
CUST000595,Laura,Patel,46,NC,2026-01-12,Gold,johnsonmelissa@example.com,0,
CUST000596,Michael,Medina,36,MD,2024-06-15,Platinum,hmartin@example.org,0,
CUST000597,Amanda,Hurley,54,GA,2024-08-05,Green,hvelazquez@example.net,0,
CUST000598,Crystal,Holland,62,FL,2025-05-09,Green,karlknox@example.org,0,
CUST000599,Ryan,Wilson,62,MA,2024-12-24,Green,cherylmendez@example.org,0,
CUST000600,Julie,Mullins,23,FL,2024-11-02,Green,matthewyu@example.org,0,
CUST000601,Jason,Green,21,CO,2024-11-03,Gold,dianaharper@example.net,0,
CUST000602,Christian,Blair,35,MA,2023-01-15,Green,jonescharles@example.net,0,
CUST000603,Tristan,Montes,44,CA,2021-05-16,Gold,samantha72@example.org,0,
CUST000604,Ralph,Horton,39,GA,2022-03-23,Gold,seanchandler@example.org,0,
CUST000605,Steven,Morris,28,CA,2025-11-11,Platinum,anthonypoole@example.org,0,
CUST000606,Jason,Bell,33,MN,2021-05-02,Green,joshua03@example.org,0,
CUST000607,Eric,Hopkins,58,OH,2026-02-14,Green,donna20@example.org,0,
CUST000608,Mary,Brown,25,VA,2023-08-01,Gold,denise99@example.org,0,
CUST000609,Kenneth,Adams,53,PA,2021-01-24,Green,sharonkelly@example.net,0,
CUST000610,Devon,French,49,MN,2025-01-11,Green,mitchell28@example.net,0,
CUST000611,John,Flynn,37,NY,2021-05-13,Gold,kathleen03@example.net,1,2025-03-01
CUST000612,Jeffery,Cruz,27,MN,2021-11-09,Gold,john74@example.org,0,
CUST000613,Elizabeth,Copeland,66,MN,2020-12-30,Green,juankennedy@example.com,0,
CUST000614,Steve,Dawson,43,OH,2021-05-22,Gold,sullivantodd@example.org,1,2025-07-01
CUST000615,Ronald,Brown,23,VA,2026-02-25,Gold,carlosward@example.com,0,
CUST000616,Matthew,Brown,42,IL,2022-02-16,Platinum,timothylewis@example.net,1,2025-08-01
CUST000617,Sydney,Hodge,23,OH,2025-11-30,Green,brownryan@example.org,0,
CUST000618,George,Hancock,37,CA,2022-02-18,Platinum,craigwoods@example.com,1,2025-04-01
CUST000619,Steven,Simon,59,OH,2026-03-28,Green,romancrystal@example.org,0,
CUST000620,Elizabeth,Ward,21,NJ,2021-12-04,Gold,warnerthomas@example.com,0,
CUST000621,Alex,Delgado,47,VA,2021-10-10,Gold,schneidergloria@example.org,0,
CUST000622,Jim,Porter,32,MN,2023-12-01,Platinum,debrathomas@example.com,0,
CUST000623,Meredith,Richardson,40,TX,2025-02-19,Gold,hollysmith@example.com,0,
CUST000624,Christopher,Robinson,34,CA,2026-02-07,Green,mitchelltheresa@example.org,0,
CUST000625,Lee,Gonzalez,52,TN,2022-07-10,Gold,moraleserin@example.org,1,2025-02-01
CUST000626,Todd,Jones,51,TX,2022-11-08,Green,william73@example.net,0,
CUST000627,James,Ruiz,47,FL,2026-02-17,Platinum,yvonne74@example.org,0,
CUST000628,Katelyn,Johnson,46,TN,2026-07-18,Green,matthewbarnett@example.org,0,
CUST000629,Kayla,Allen,30,TN,2024-02-08,Green,moorelisa@example.net,1,2025-08-01
CUST000630,Anna,Joseph,26,PA,2023-06-03,Gold,josehart@example.com,0,
CUST000631,Edward,Taylor,46,NC,2026-06-15,Green,bonnietanner@example.org,0,
CUST000632,Roberto,Miller,47,MI,2021-09-13,Gold,qtyler@example.net,0,
CUST000633,Michelle,Krueger,63,MI,2024-08-30,Gold,tammy61@example.org,1,2025-09-01
CUST000634,Lori,Ponce,47,CA,2023-04-23,Gold,chad22@example.com,0,
CUST000635,Nicholas,Evans,40,WI,2021-02-18,Platinum,griffinvictor@example.net,0,
CUST000636,Laurie,Roach,43,AZ,2024-03-18,Green,ryanvargas@example.com,1,2025-08-01
CUST000637,Hunter,Holt,47,NY,2024-02-12,Green,dawn65@example.net,0,
CUST000638,Lynn,Haynes,70,VA,2022-03-29,Green,weberthomas@example.net,0,
CUST000639,Samantha,Wallace,62,OH,2022-08-30,Green,erica27@example.com,0,
CUST000640,Jesse,Jordan,46,WA,2025-05-29,Green,amymorales@example.org,0,
CUST000641,Jesse,Moss,34,NY,2026-02-04,Gold,norman75@example.org,0,
CUST000642,Danielle,Koch,48,PA,2026-09-05,Green,johnsonderek@example.com,1,2025-07-01
CUST000643,Deborah,Harrison,48,FL,2024-05-22,Green,kdunlap@example.net,0,
CUST000644,Janet,Kim,26,WA,2022-10-30,Platinum,lisasteele@example.net,0,
CUST000645,Eugene,Wood,57,VA,2024-10-01,Platinum,mary33@example.net,0,
CUST000646,Kayla,Wood,50,PA,2024-03-31,Green,deborah21@example.net,0,
CUST000647,Elizabeth,Wang,29,NY,2023-06-04,Green,gonzalezalexis@example.net,0,
CUST000648,Ann,Johnson,24,TN,2023-03-03,Platinum,hoodchristopher@example.org,1,2025-07-01
CUST000649,Jerry,Baker,30,WA,2020-09-19,Gold,andrewwilson@example.org,1,2025-09-01
CUST000650,Edgar,Rogers,26,WI,2026-07-07,Green,luke67@example.com,0,
CUST000651,Sara,Baker,60,VA,2022-09-10,Green,christopher90@example.net,0,
CUST000652,David,Parrish,68,MD,2026-07-15,Platinum,matthew72@example.org,0,
CUST000653,Veronica,Trujillo,31,IL,2024-04-28,Green,maryhenderson@example.com,1,2025-09-01
CUST000654,Jerome,Robles,43,MI,2024-12-29,Platinum,ldavis@example.org,0,
CUST000655,Jasmine,Brock,31,MD,2021-11-04,Gold,cindysummers@example.com,0,
CUST000656,Devon,Lee,31,TX,2024-01-31,Green,danielwalters@example.org,1,2025-11-01
CUST000657,Walter,Boyd,27,WA,2025-03-14,Platinum,jennifer03@example.net,0,
CUST000658,William,Lewis,52,OH,2020-11-01,Green,lmendez@example.org,0,
CUST000659,Wanda,Roach,40,IL,2026-08-11,Green,ericperez@example.com,0,
CUST000660,Jennifer,Benjamin,23,CO,2025-08-27,Gold,randy84@example.org,0,
CUST000661,Leslie,Carter,41,CA,2025-05-05,Green,willie22@example.net,0,
CUST000662,Steven,Gonzalez,59,WA,2025-12-16,Platinum,gloverjennifer@example.com,0,
CUST000663,Thomas,Collins,26,MN,2024-10-22,Gold,rodriguezchad@example.com,0,
CUST000664,Carl,Lara,65,PA,2023-04-27,Green,shannonphelps@example.net,0,
CUST000665,Janet,Nichols,61,GA,2023-03-16,Green,christine17@example.org,0,
CUST000666,Joshua,Johnson,60,WA,2024-07-07,Green,bryansutton@example.org,0,
CUST000667,Casey,Christensen,60,OH,2022-06-30,Gold,samuel12@example.com,1,2025-08-01
CUST000668,Jennifer,Fitzgerald,51,PA,2024-11-17,Green,robertskatrina@example.org,0,
CUST000669,Isabel,Stewart,57,OH,2023-11-16,Gold,ljackson@example.com,0,
CUST000670,Ronald,Morgan,23,WA,2025-04-14,Platinum,vancestephen@example.net,0,
CUST000671,Jordan,Yang,54,PA,2021-05-25,Platinum,lkennedy@example.net,0,
CUST000672,Katherine,Long,45,VA,2025-07-23,Green,jessicaanderson@example.org,0,
CUST000673,Travis,Dillon,28,IL,2026-03-09,Green,leah04@example.net,0,
CUST000674,Vicki,Hernandez,36,OH,2023-07-06,Green,lawrence53@example.net,0,
CUST000675,Lorraine,Roy,23,TN,2023-03-16,Green,alex49@example.org,0,
CUST000676,Stephanie,Murphy,69,CA,2026-02-02,Green,lori45@example.com,0,
CUST000677,Michael,Gray,63,NJ,2022-12-10,Gold,benderalexander@example.net,1,2025-04-01
CUST000678,Cynthia,Clay,28,WA,2023-02-27,Gold,lisanewman@example.org,0,
CUST000679,Jessica,Fischer,59,MA,2026-08-21,Green,jon56@example.com,0,
CUST000680,Dennis,Ryan,56,MI,2025-09-24,Green,emily05@example.org,0,
CUST000681,Natasha,Taylor,62,AZ,2025-10-12,Green,leonmegan@example.com,0,
CUST000682,Theodore,Murray,40,WI,2026-05-16,Green,jessicaward@example.org,1,2025-06-01
CUST000683,Mark,Johnson,36,AZ,2021-04-18,Gold,perezchad@example.org,0,
CUST000684,Brian,Heath,45,VA,2023-09-06,Green,ecollins@example.com,1,2025-07-01
CUST000685,Cynthia,Kline,49,MD,2022-07-21,Platinum,wflores@example.net,1,2025-05-01
CUST000686,Jocelyn,Bell,49,PA,2025-09-22,Platinum,greenewhitney@example.net,0,
CUST000687,Sean,Smith,22,NY,2021-02-07,Green,jaredcox@example.com,1,2025-06-01
CUST000688,Donna,Roy,60,CO,2026-04-05,Green,murrayashley@example.org,0,
CUST000689,Ruben,Davis,50,GA,2024-12-30,Gold,lori51@example.org,0,
CUST000690,Cassandra,Brown,49,MN,2025-06-16,Gold,nicole62@example.com,0,
CUST000691,Chase,Butler,70,MA,2024-07-07,Green,kevin58@example.net,0,
CUST000692,Travis,Goodwin,32,CO,2026-07-12,Gold,barnettdouglas@example.com,0,
CUST000693,Ann,Pope,46,FL,2026-09-10,Green,andresbanks@example.org,0,
CUST000694,Michael,Bradshaw,25,IL,2025-11-26,Gold,williamvalenzuela@example.net,0,
CUST000695,Stephanie,Dixon,43,AZ,2026-02-04,Gold,annthomas@example.net,0,
CUST000696,Anthony,Taylor,44,TX,2023-04-29,Platinum,cassandra36@example.org,0,
CUST000697,Taylor,Davis,49,MD,2023-10-10,Gold,langrebecca@example.org,0,
CUST000698,Joel,Scott,53,CA,2025-03-08,Platinum,jessethompson@example.org,1,2025-03-01
CUST000699,Jennifer,Rodriguez,23,IL,2026-07-20,Green,tjoseph@example.org,0,
CUST000700,Mary,Buckley,26,NJ,2022-05-01,Green,freemanaaron@example.org,1,2025-07-01
CUST000701,Rachael,Hansen,70,MD,2025-11-27,Green,dthomas@example.org,0,
CUST000702,Whitney,Rogers,26,CA,2024-07-11,Platinum,wendyperez@example.com,0,
CUST000703,Ryan,Collins,69,MD,2022-11-01,Green,seanthomas@example.net,0,
CUST000704,William,White,45,IL,2022-08-03,Gold,xlarsen@example.net,0,
CUST000705,Shirley,Ruiz,22,TX,2023-08-12,Gold,thomashicks@example.net,0,
CUST000706,Charles,Miles,60,FL,2021-09-16,Platinum,powellmichael@example.com,1,2025-11-01
CUST000707,Janet,Larsen,33,IL,2022-09-16,Green,stevendavenport@example.net,0,
CUST000708,Melissa,Chandler,52,MI,2020-09-25,Green,william66@example.net,0,
CUST000709,Angela,Bates,31,GA,2022-06-26,Green,averydustin@example.com,0,
CUST000710,Raymond,Nguyen,25,VA,2024-10-05,Green,matthewduffy@example.net,0,
CUST000711,Debra,Mitchell,60,NC,2024-01-03,Green,priscillamcbride@example.org,1,2025-02-01
CUST000712,Lindsay,Alexander,31,NJ,2024-05-23,Gold,michael05@example.net,0,
CUST000713,Sarah,Fowler,60,NC,2023-11-20,Green,qwilson@example.com,1,2025-06-01
CUST000714,Annette,Vincent,50,IL,2024-05-08,Platinum,woodpaul@example.com,0,
CUST000715,Courtney,Smith,37,MD,2025-07-22,Gold,keith72@example.net,1,2025-10-01
CUST000716,Charles,Clark,51,OH,2022-12-16,Green,dylanperez@example.org,0,
CUST000717,David,Maddox,58,NC,2023-04-25,Platinum,arroyoandrea@example.org,1,2025-07-01
CUST000718,Edgar,Monroe,60,MD,2025-05-01,Green,adkinsmichele@example.com,0,
CUST000719,Crystal,Fletcher,36,NJ,2023-03-25,Green,carladavila@example.org,0,
CUST000720,Ethan,Williams,44,CA,2021-03-14,Platinum,jeanette21@example.com,0,
CUST000721,Henry,Lynch,33,PA,2021-09-01,Green,michaelwerner@example.com,0,
CUST000722,Robert,Griffin,46,PA,2022-08-24,Gold,rvillegas@example.net,0,
CUST000723,Gabriel,Orozco,61,NC,2026-02-04,Green,connie07@example.net,0,
CUST000724,Rebecca,Logan,64,NJ,2024-06-05,Gold,hayesnicole@example.net,0,
CUST000725,Donna,Dixon,45,PA,2024-06-29,Gold,michelemelendez@example.net,0,
CUST000726,Tyler,Barker,37,FL,2023-10-17,Green,hannahsmith@example.net,0,
CUST000727,Adam,Yates,70,MD,2023-10-14,Green,mthornton@example.net,0,
CUST000728,Elaine,Cook,24,VA,2022-12-23,Gold,nmoses@example.org,0,
CUST000729,Nicholas,Adams,49,TN,2022-08-05,Gold,laurafrench@example.org,1,2025-11-01
CUST000730,Hailey,Flores,54,WI,2026-08-21,Green,laurie52@example.net,0,
CUST000731,Tracy,Hill,65,FL,2025-11-03,Green,vasquezmaria@example.org,0,
CUST000732,Kathleen,Berry,37,TN,2021-08-03,Platinum,brenda60@example.org,0,
CUST000733,Dennis,Bennett,61,WA,2024-03-24,Green,obrienryan@example.net,0,
CUST000734,Christopher,Cole,68,VA,2025-07-20,Gold,connor74@example.org,0,
CUST000735,Jonathan,Casey,37,WA,2021-01-31,Green,samanthahahn@example.net,0,
CUST000736,Ashley,Stokes,44,WI,2023-04-04,Gold,stephen56@example.net,0,
CUST000737,Thomas,Wilson,30,VA,2026-05-24,Gold,lisaphillips@example.net,0,
CUST000738,Amber,Yang,42,TX,2026-08-16,Gold,michaelyork@example.org,0,
CUST000739,William,Wallace,49,GA,2022-04-03,Gold,millermelissa@example.org,1,2025-06-01
CUST000740,Caroline,Liu,32,MN,2021-12-26,Gold,danielmatthew@example.net,0,
CUST000741,Derrick,Briggs,68,CA,2021-10-22,Gold,newmanmary@example.com,1,2025-03-01
CUST000742,Frank,Spears,39,MD,2022-09-17,Platinum,omathews@example.com,0,
CUST000743,Bruce,Martin,37,MI,2022-04-02,Platinum,tasha16@example.net,1,2025-08-01
CUST000744,Tammy,Lewis,61,WI,2024-06-10,Green,zmcintyre@example.com,0,
CUST000745,Julie,Hall,63,NJ,2024-10-14,Platinum,hcastillo@example.org,0,
CUST000746,Ethan,Sutton,67,NY,2026-03-26,Gold,richard22@example.com,0,
CUST000747,Sarah,Hart,68,CA,2023-07-06,Green,spencerkathleen@example.net,0,
CUST000748,Matthew,Davis,35,IL,2022-08-31,Green,imoyer@example.com,1,2025-09-01
CUST000749,Tammy,Cruz,39,MN,2024-03-09,Gold,leejohnson@example.org,0,
CUST000750,Summer,Gibson,61,AZ,2023-06-12,Gold,anna57@example.net,0,
CUST000751,Susan,Ortega,47,MD,2021-11-18,Green,michaeljacobs@example.com,1,2025-09-01
CUST000752,Jenna,Fletcher,44,CA,2022-06-15,Gold,fisherjason@example.org,1,2025-08-01
CUST000753,William,Wilson,29,CO,2021-12-05,Green,elizabethsutton@example.org,1,2025-04-01
CUST000754,Erika,Reeves,35,MN,2026-08-24,Green,adamstheresa@example.org,0,
CUST000755,Lawrence,Carroll,62,CA,2026-07-05,Gold,robertsonmichael@example.net,0,
CUST000756,Madison,Smith,22,CA,2024-03-25,Gold,vanessaescobar@example.org,0,
CUST000757,Sarah,Adams,21,WI,2021-04-21,Green,emily66@example.net,1,2025-11-01
CUST000758,Candace,Wolfe,43,MI,2020-11-08,Green,vrodriguez@example.com,0,
CUST000759,Ronald,Harrell,27,MD,2023-10-13,Gold,mckayvictoria@example.com,0,
CUST000760,Denise,Martin,43,TN,2024-06-07,Platinum,andrea55@example.com,1,2025-08-01
CUST000761,Francisco,Hernandez,35,AZ,2023-12-15,Gold,chapmanlauren@example.org,0,
CUST000762,Ashley,Davis,58,MI,2022-07-20,Green,igutierrez@example.org,0,
CUST000763,Joel,Taylor,58,IL,2025-01-21,Gold,allenmadison@example.org,0,
CUST000764,Mary,Chapman,34,VA,2025-05-02,Gold,wrogers@example.org,0,
CUST000765,Elizabeth,Davenport,60,CO,2022-01-11,Platinum,phuerta@example.org,1,2025-06-01
CUST000766,Henry,Jones,31,IL,2024-04-26,Gold,schroederkaren@example.com,1,2025-10-01
CUST000767,Rodney,Parker,21,GA,2024-08-02,Platinum,jsanchez@example.org,0,
CUST000768,Mark,Browning,66,IL,2022-07-12,Green,lhebert@example.org,0,
CUST000769,Veronica,Moss,49,FL,2023-09-06,Green,lorityler@example.com,0,
CUST000770,Matthew,Garcia,25,IL,2023-09-26,Green,williamjackson@example.net,0,
CUST000771,Jonathon,Chavez,63,NC,2021-12-13,Gold,rachelsmith@example.org,0,
CUST000772,Craig,Russell,46,NC,2024-08-31,Platinum,victoria53@example.com,0,
CUST000773,Mark,Johnson,21,CA,2024-08-30,Gold,bbarker@example.org,0,
CUST000774,Chad,Daniels,62,TN,2021-08-18,Gold,samantha16@example.net,1,2025-03-01
CUST000775,Johnny,Garcia,43,MN,2024-10-10,Green,chart@example.com,1,2025-03-01
CUST000776,Bridget,Snow,62,WI,2021-01-28,Gold,donaldwebb@example.org,0,
CUST000777,Anthony,Lopez,49,MN,2024-08-27,Green,clarkekrystal@example.org,0,
CUST000778,Marc,Brown,54,CO,2021-05-16,Green,michael56@example.net,0,
CUST000779,Evan,Kim,36,PA,2025-08-29,Green,adamdavis@example.net,0,
CUST000780,Joe,Solomon,21,CA,2023-04-12,Gold,jennifer16@example.org,0,
CUST000781,Adam,Williams,24,TN,2024-09-21,Gold,christopher49@example.com,0,
CUST000782,Kaitlyn,Hansen,22,WA,2025-10-10,Gold,pmontes@example.net,0,
CUST000783,Larry,Harris,32,GA,2023-11-23,Gold,david58@example.net,0,
CUST000784,Jeffrey,Ramirez,31,CA,2024-03-22,Gold,williambarnes@example.net,0,
CUST000785,Bradley,Carter,70,FL,2024-04-12,Platinum,carrillojane@example.com,0,
CUST000786,John,Frost,21,MN,2023-10-19,Gold,sstephens@example.com,0,
CUST000787,Anthony,Scott,56,OH,2025-09-03,Platinum,jessica37@example.com,0,
CUST000788,Spencer,Miller,30,AZ,2024-12-12,Green,jessica33@example.com,0,
CUST000789,Erica,Reid,33,MD,2024-08-15,Gold,nelsonbruce@example.com,0,
CUST000790,Samuel,Franklin,59,MD,2023-02-25,Green,linda35@example.com,1,2025-06-01
CUST000791,Jennifer,Mclaughlin,62,AZ,2023-07-12,Green,tonywood@example.com,1,2025-04-01
CUST000792,Bradley,Anderson,60,PA,2026-01-26,Platinum,melinda74@example.com,0,
CUST000793,Eric,Davidson,53,MI,2021-08-17,Green,michaelbrown@example.net,0,
CUST000794,Martin,Christian,25,MI,2025-10-23,Green,simmonsjames@example.com,0,
CUST000795,Daniel,Nelson,61,CA,2023-10-01,Gold,qcarney@example.org,1,2025-03-01
CUST000796,Jacob,Casey,67,CO,2023-01-17,Platinum,daniel55@example.org,0,
CUST000797,Claudia,Lopez,66,TN,2024-10-08,Gold,rileyashley@example.org,0,
CUST000798,James,Wyatt,21,WA,2022-06-16,Platinum,jesuswillis@example.net,1,2025-07-01
CUST000799,David,Duncan,48,MA,2025-12-26,Platinum,hicksdavid@example.org,0,
CUST000800,Victoria,Herman,26,MA,2023-05-04,Gold,barreradarren@example.com,0,
CUST000801,Melissa,Sanchez,32,GA,2022-02-19,Green,nicholasjohnson@example.net,1,2025-10-01
CUST000802,Joseph,Parsons,27,NC,2025-07-22,Green,amcdonald@example.org,0,
CUST000803,Steven,George,35,CA,2024-09-03,Green,kimberlywilkinson@example.net,0,
CUST000804,Ernest,Blanchard,28,NJ,2026-06-07,Gold,katherine71@example.com,1,2025-10-01
CUST000805,Jason,Smith,68,NC,2023-06-19,Platinum,steinivan@example.org,0,
CUST000806,William,Roberts,66,CA,2023-04-16,Green,zachary21@example.net,0,
CUST000807,Daniel,Roberts,38,TN,2023-11-11,Platinum,jeffreyhughes@example.com,1,2025-10-01
CUST000808,Anita,Hill,64,AZ,2024-04-21,Gold,montgomeryjennifer@example.org,0,
CUST000809,Tracey,May,64,MD,2022-11-21,Gold,markkirk@example.com,0,
CUST000810,Andrew,Villanueva,37,MI,2021-08-30,Green,richardmartin@example.net,0,
CUST000811,Amanda,Ward,62,OH,2021-11-18,Green,jesse72@example.com,0,
CUST000812,Brian,Bennett,26,MD,2025-08-01,Gold,faith07@example.net,1,2025-02-01
CUST000813,James,Thompson,21,PA,2023-07-12,Gold,heathergreen@example.net,0,
CUST000814,Jacqueline,Townsend,37,GA,2023-09-15,Green,kelly82@example.net,0,
CUST000815,Christina,Taylor,68,OH,2023-08-06,Green,kevin38@example.net,0,
CUST000816,Shelby,Bass,31,NJ,2025-06-02,Green,upaul@example.net,0,
CUST000817,Melissa,Snyder,33,WA,2021-06-14,Platinum,lynndelgado@example.org,0,
CUST000818,Colleen,Vargas,42,MN,2021-03-07,Platinum,josephsingleton@example.org,0,
CUST000819,Stefanie,Johnson,36,WA,2026-02-16,Platinum,scottgreer@example.net,0,
CUST000820,John,White,61,TN,2023-06-02,Platinum,rachel59@example.org,0,
CUST000821,Nathan,Browning,51,CO,2021-06-26,Gold,weberdavid@example.org,0,
CUST000822,Emily,Turner,54,NY,2024-11-25,Platinum,bergveronica@example.com,1,2025-05-01
CUST000823,Tara,Tran,22,AZ,2024-04-23,Green,cochranjessica@example.org,0,
CUST000824,Stacy,Stanley,67,GA,2022-07-17,Gold,jsalazar@example.com,0,
CUST000825,Steven,Hartman,57,MI,2024-11-21,Green,ogallegos@example.com,0,
CUST000826,Stephanie,Dixon,34,WA,2022-04-27,Green,heatherfoster@example.org,0,
CUST000827,Scott,Gibbs,60,WI,2021-04-07,Platinum,ghicks@example.com,0,
CUST000828,Karen,Mcgee,25,WI,2020-11-08,Green,richard25@example.com,0,
CUST000829,Diane,Sullivan,31,IL,2025-02-01,Platinum,ronaldlopez@example.net,0,
CUST000830,Stacey,Valdez,23,NY,2021-12-14,Gold,michaelburnett@example.org,1,2025-05-01
CUST000831,Michael,Martinez,28,FL,2022-04-11,Green,nicholas93@example.com,0,
CUST000832,Aaron,Lindsey,60,PA,2023-04-27,Green,laura28@example.net,0,
CUST000833,Connie,Martinez,43,IL,2024-04-20,Green,kellyroy@example.net,0,
CUST000834,Stuart,Davenport,65,NY,2023-04-22,Gold,glopez@example.org,0,
CUST000835,William,Hernandez,22,CA,2023-03-02,Platinum,dawnhamilton@example.com,0,
CUST000836,Isaac,Ray,29,CA,2021-08-03,Green,evanwillis@example.org,0,
CUST000837,William,Copeland,65,TX,2023-05-02,Gold,bairdmonica@example.com,0,
CUST000838,Katrina,Hudson,68,CA,2020-12-03,Platinum,xrobinson@example.com,0,
CUST000839,Brooke,Ayers,25,WI,2024-06-23,Green,deborahwatson@example.com,0,
CUST000840,Tina,Moore,69,VA,2025-07-14,Platinum,eric81@example.org,0,
CUST000841,Monica,Williams,33,TN,2025-09-23,Platinum,jamiescott@example.org,0,
CUST000842,Ian,Smith,63,TX,2022-04-09,Gold,pwalker@example.net,0,
CUST000843,Karen,Boyer,69,WA,2023-03-06,Gold,murphydaniel@example.net,0,
CUST000844,Andrew,Perez,27,GA,2023-08-21,Green,benjamin66@example.net,0,
CUST000845,Philip,Edwards,34,OH,2026-04-12,Gold,montgomerylindsey@example.net,1,2025-04-01
CUST000846,Samuel,Mack,28,CA,2023-05-04,Gold,ahill@example.com,0,
CUST000847,Brandon,Lewis,23,TX,2021-12-17,Green,wandaromero@example.org,1,2025-10-01
CUST000848,Miguel,Gilmore,69,MI,2021-03-04,Green,smithcourtney@example.net,0,
CUST000849,James,Meyers,51,FL,2021-08-22,Green,ryan32@example.net,0,
CUST000850,Aaron,Phillips,29,FL,2023-01-20,Green,ualexander@example.net,0,
CUST000851,Matthew,Anderson,69,OH,2024-04-11,Green,mitchellkrystal@example.com,0,
CUST000852,Haley,Martin,39,NJ,2025-06-19,Platinum,simoncarlos@example.com,0,
CUST000853,Jennifer,Wood,42,AZ,2020-11-05,Gold,christinafields@example.net,0,
CUST000854,David,Mills,37,NY,2023-03-09,Gold,tony76@example.org,0,
CUST000855,Jeremy,Novak,43,NC,2023-04-22,Green,timothy66@example.net,0,
CUST000856,Joshua,Rodriguez,39,CA,2025-03-23,Green,pearsonjose@example.org,0,
CUST000857,Peter,Lynch,66,VA,2021-08-13,Gold,elijah82@example.com,0,
CUST000858,Joshua,Massey,41,MN,2021-08-02,Gold,hoffmanrobert@example.org,0,
CUST000859,Elizabeth,Clarke,53,CO,2024-05-18,Green,epage@example.org,0,
CUST000860,Daniel,Turner,39,MN,2026-03-28,Green,cochranmichael@example.com,0,
CUST000861,Anthony,Gordon,68,NY,2021-03-24,Gold,briggsangela@example.net,0,
CUST000862,Derrick,Nicholson,47,NY,2023-10-20,Platinum,lalexander@example.org,0,
CUST000863,Tamara,Elliott,48,MD,2022-07-28,Green,danielsdiana@example.com,0,
CUST000864,Michelle,Garcia,70,FL,2024-04-12,Green,armstrongjason@example.net,0,
CUST000865,Erica,Roberts,43,CO,2025-11-13,Gold,dsmith@example.net,0,
CUST000866,Andrea,Little,66,CA,2022-08-24,Green,daviszachary@example.com,0,
CUST000867,Danny,Hicks,55,WI,2022-01-25,Gold,jennifer53@example.com,1,2025-07-01
CUST000868,William,Larson,34,TX,2026-03-06,Platinum,veronicaharding@example.com,1,2025-03-01
CUST000869,Melissa,Solis,57,MI,2026-05-15,Green,whitneyholland@example.net,0,
CUST000870,Jonathan,Warner,31,AZ,2020-10-14,Gold,jonathon93@example.com,1,2025-08-01
CUST000871,Jennifer,Davis,21,MD,2023-06-21,Green,lopezdawn@example.net,0,
CUST000872,Bradley,Lee,33,MI,2024-10-25,Gold,bmyers@example.org,1,2025-04-01
CUST000873,Heather,Yang,69,CA,2022-12-10,Platinum,richard96@example.net,1,2025-06-01
CUST000874,Peter,Thomas,21,VA,2023-01-26,Gold,victoria70@example.org,0,
CUST000875,Julia,Espinoza,52,FL,2022-02-20,Green,marthasuarez@example.com,0,
CUST000876,Stephen,Cook,52,PA,2026-01-17,Green,tonya28@example.net,0,
CUST000877,Christopher,Mcclain,52,WI,2021-10-03,Gold,timothyhancock@example.net,0,
CUST000878,Jennifer,Walker,43,MD,2021-08-16,Platinum,tara44@example.org,0,
CUST000879,Ralph,Smith,37,WI,2022-04-20,Gold,drobinson@example.org,1,2025-04-01
CUST000880,Crystal,Hartman,31,MI,2023-05-04,Gold,hornejeremy@example.com,0,
CUST000881,Brittney,Murray,34,GA,2022-02-19,Platinum,gperkins@example.org,0,
CUST000882,Justin,Cordova,52,PA,2022-03-04,Green,audrey01@example.net,0,
CUST000883,Jennifer,Pacheco,28,TX,2020-10-27,Platinum,zpierce@example.org,0,
CUST000884,Steven,Reed,52,TN,2026-01-24,Gold,jameserickson@example.net,0,
CUST000885,Elizabeth,Rogers,27,NJ,2025-05-30,Green,zweeks@example.com,0,
CUST000886,Mark,Reilly,43,FL,2024-02-04,Gold,william05@example.com,1,2025-05-01
CUST000887,Sarah,Brewer,46,WA,2024-12-06,Green,sharon87@example.com,0,
CUST000888,Katherine,Stewart,68,TX,2023-06-19,Green,barkergregory@example.org,0,
CUST000889,Gabriela,Stafford,48,NY,2022-03-08,Green,jasonclark@example.net,0,
CUST000890,Stacy,Barajas,44,OH,2022-09-13,Gold,colson@example.net,0,
CUST000891,Lisa,Brown,40,NC,2025-09-19,Green,cjones@example.org,0,
CUST000892,Timothy,Jenkins,48,TN,2020-10-20,Gold,gutierrezmelissa@example.org,1,2025-06-01
CUST000893,John,Torres,53,PA,2024-03-18,Green,dperry@example.net,0,
CUST000894,Albert,Johnson,45,GA,2025-12-26,Gold,vharris@example.org,0,
CUST000895,Megan,Castaneda,50,IL,2020-11-08,Green,xwolfe@example.org,0,
CUST000896,Betty,Smith,55,MN,2024-03-17,Gold,afuller@example.net,1,2025-03-01
CUST000897,Victor,Rose,69,MN,2026-06-12,Platinum,vasquezrichard@example.org,0,
CUST000898,Ryan,Wagner,62,CA,2023-09-07,Green,wilsoncarol@example.com,1,2025-04-01
CUST000899,Natalie,Ortega,43,WI,2020-12-20,Green,elizabeth07@example.org,1,2025-06-01
CUST000900,Taylor,Garcia,41,MD,2022-10-20,Gold,riveraamy@example.net,0,
CUST000901,Paige,Lloyd,30,MA,2023-02-03,Gold,jordannicole@example.net,0,
CUST000902,Tanya,Hanson,63,TN,2025-01-20,Green,itorres@example.org,0,
CUST000903,Stacey,Smith,68,NJ,2024-12-03,Gold,jenna03@example.org,0,
CUST000904,Fred,Baker,31,MA,2026-02-26,Platinum,vhood@example.net,0,
CUST000905,Tiffany,Carrillo,49,NC,2025-01-01,Gold,stephaniemaxwell@example.org,0,
CUST000906,Zachary,Cruz,58,GA,2022-03-06,Green,eric72@example.net,1,2025-02-01
CUST000907,Keith,Wood,29,NJ,2026-06-19,Platinum,laura01@example.org,1,2025-11-01
CUST000908,Aaron,Houston,50,GA,2025-09-21,Gold,nguyencharles@example.com,0,
CUST000909,Kevin,Haynes,53,OH,2021-07-01,Green,castanedastephen@example.org,0,
CUST000910,Mary,Martinez,38,MI,2023-08-14,Green,lisaperez@example.org,0,
CUST000911,Roberta,Green,69,MN,2021-01-07,Gold,kendraschultz@example.com,1,2025-10-01
CUST000912,David,Lopez,30,IL,2026-07-24,Gold,rcohen@example.net,0,
CUST000913,Linda,Jacobs,36,NJ,2023-05-20,Platinum,derekvillarreal@example.org,0,
CUST000914,Heidi,Nunez,59,MD,2022-02-23,Gold,harriskevin@example.org,0,
CUST000915,Corey,Campbell,43,PA,2022-07-14,Green,idrake@example.org,1,2025-04-01
CUST000916,Christopher,Morales,36,NJ,2023-05-09,Green,evanjones@example.org,0,
CUST000917,Elizabeth,Miller,33,NC,2021-03-30,Gold,shawnbrown@example.com,0,
CUST000918,Darryl,Sanders,67,FL,2024-06-13,Gold,johnkramer@example.net,0,
CUST000919,Shawn,Cox,31,FL,2022-10-10,Green,nancyjones@example.com,0,
CUST000920,Jocelyn,Lewis,33,WA,2022-05-22,Platinum,sean37@example.com,0,
CUST000921,Sandra,Ayers,30,IL,2022-12-22,Green,cbrown@example.com,0,
CUST000922,Jonathan,Garcia,40,MI,2022-03-26,Green,williamlee@example.org,0,
CUST000923,Patrick,Franco,48,NC,2023-08-01,Gold,nicholas18@example.net,0,
CUST000924,Christopher,Long,33,FL,2025-01-12,Green,kylerobertson@example.com,0,
CUST000925,Maria,Roberts,61,FL,2022-08-22,Green,nsalazar@example.org,0,
CUST000926,Jonathan,Mason,38,OH,2021-09-25,Gold,gutierrezvicki@example.org,0,
CUST000927,Amanda,Crawford,45,MA,2022-05-05,Gold,ronaldsmith@example.com,0,
CUST000928,Heidi,Fleming,23,NY,2025-01-24,Green,davistiffany@example.org,1,2025-10-01
CUST000929,James,Watson,46,AZ,2022-07-22,Green,xschultz@example.com,0,
CUST000930,Casey,Stone,65,GA,2021-05-04,Gold,awolf@example.net,0,
CUST000931,Robert,Jackson,53,MI,2022-10-20,Green,yrivera@example.com,0,
CUST000932,Jessica,Johnson,50,NY,2026-09-09,Green,nhart@example.net,1,2025-07-01
CUST000933,Erik,Reed,30,NC,2021-01-06,Green,smalljoel@example.com,0,
CUST000934,Amanda,Patel,59,WA,2023-05-06,Gold,dennisgerald@example.org,0,
CUST000935,Omar,Ellison,21,GA,2024-10-29,Green,michael28@example.com,0,
CUST000936,Jeffrey,Williams,48,WI,2024-08-14,Green,vnguyen@example.com,0,
CUST000937,Joshua,Griffin,58,AZ,2024-06-12,Gold,josephmcdonald@example.org,0,
CUST000938,Shawn,Baldwin,35,WI,2025-08-03,Gold,katherine29@example.net,1,2025-09-01
CUST000939,Philip,Hoffman,35,PA,2024-08-14,Green,kevincox@example.com,0,
CUST000940,Danielle,Garcia,62,FL,2023-11-21,Green,patrick95@example.org,0,
CUST000941,Hannah,Jordan,50,AZ,2020-10-01,Gold,kevin39@example.net,0,
CUST000942,Jared,Schultz,41,NC,2022-01-06,Platinum,sberry@example.com,0,
CUST000943,Michelle,Johnston,61,FL,2021-03-11,Green,lawrenceheather@example.net,0,
CUST000944,Leslie,Clark,47,GA,2025-04-24,Gold,tracyjohnson@example.org,0,
CUST000945,Kimberly,Neal,46,PA,2022-08-26,Green,elizabeth27@example.net,1,2025-11-01
CUST000946,Meghan,Mitchell,37,AZ,2024-06-09,Gold,uharper@example.org,0,
CUST000947,Raymond,Johnson,51,MA,2026-08-15,Gold,michael39@example.org,0,
CUST000948,Jessica,Wilson,22,MN,2021-09-24,Green,tabithaturner@example.net,0,
CUST000949,Dawn,Gibson,47,MD,2023-03-05,Gold,kathy85@example.com,0,
CUST000950,Teresa,Chandler,64,PA,2024-08-23,Gold,markmorris@example.org,1,2025-03-01
CUST000951,Jose,Peterson,62,NJ,2025-06-24,Green,julian84@example.org,0,
CUST000952,Darryl,Richardson,70,NY,2021-12-19,Green,romeroronald@example.org,0,
CUST000953,Sean,Torres,45,CO,2024-03-01,Platinum,coopersamantha@example.com,0,
CUST000954,Thomas,Rivera,27,CA,2024-01-24,Platinum,johnscott@example.net,0,
CUST000955,Sara,Eaton,37,TN,2021-04-15,Gold,gonzalezalexandra@example.org,0,
CUST000956,Mary,Bell,34,PA,2023-11-28,Gold,dbrooks@example.org,0,
CUST000957,Jerry,Holmes,66,OH,2024-09-07,Green,tlopez@example.com,0,
CUST000958,Joshua,Wilson,54,VA,2020-12-10,Green,williambarron@example.net,0,
CUST000959,Cindy,Callahan,27,WI,2021-04-10,Platinum,kevinaguilar@example.com,0,
CUST000960,Sarah,Morgan,50,TN,2023-07-08,Green,xclark@example.com,0,
CUST000961,Travis,Freeman,34,CO,2020-10-24,Platinum,amypugh@example.org,1,2025-09-01
CUST000962,Steven,Burch,53,NY,2024-10-29,Platinum,carolyngarcia@example.org,0,
CUST000963,Kristen,Cummings,61,VA,2021-04-23,Gold,michael16@example.org,0,
CUST000964,Bradley,Mahoney,54,NJ,2025-03-13,Green,dshaffer@example.com,0,
CUST000965,Matthew,Briggs,47,MA,2022-04-25,Green,lopezgregory@example.org,0,
CUST000966,Erica,Coleman,34,PA,2025-11-06,Green,fryechristopher@example.net,1,2025-10-01
CUST000967,Bradley,Martinez,46,MD,2025-10-08,Gold,mgonzales@example.net,0,
CUST000968,Joshua,Johnson,69,FL,2025-08-01,Green,allison42@example.com,0,
CUST000969,Jodi,Clark,67,MN,2026-08-30,Platinum,anthonyfields@example.net,0,
CUST000970,David,Gutierrez,43,CA,2024-03-11,Green,grahamheidi@example.net,1,2025-04-01
CUST000971,Dan,Mckay,37,NC,2026-09-06,Platinum,sullivanderek@example.com,0,
CUST000972,Kimberly,Powell,45,WA,2021-09-29,Platinum,wesleyvelazquez@example.com,0,
CUST000973,John,Stevens,24,NY,2022-04-17,Gold,ashley88@example.net,1,2025-02-01
CUST000974,April,Taylor,25,AZ,2021-10-17,Green,murphylawrence@example.org,0,
CUST000975,Howard,Davis,47,VA,2020-12-23,Green,qwashington@example.net,1,2025-11-01
CUST000976,Jason,Russell,58,NC,2025-12-12,Green,douglasmaldonado@example.com,0,
CUST000977,Gary,Cooper,27,GA,2025-05-07,Green,lindaspence@example.org,0,
CUST000978,Scott,Wilson,40,WA,2025-01-31,Gold,deborah89@example.net,0,
CUST000979,Gabriella,Williams,54,GA,2021-08-01,Gold,brianna79@example.com,0,
CUST000980,David,Simmons,46,MA,2024-02-17,Gold,pjones@example.net,0,
CUST000981,Zachary,Hernandez,34,PA,2023-10-23,Green,nathan91@example.com,1,2025-07-01
CUST000982,Jennifer,Foster,29,TX,2020-10-18,Green,hthompson@example.com,1,2025-10-01
CUST000983,Annette,Hernandez,61,OH,2020-11-30,Platinum,crosbyjustin@example.com,1,2025-06-01
CUST000984,Renee,Kerr,51,TN,2024-09-25,Platinum,maryallen@example.com,0,
CUST000985,Nancy,Leach,67,GA,2025-08-24,Green,ohughes@example.org,0,
CUST000986,Michelle,Hodge,30,VA,2025-06-25,Gold,baileylisa@example.net,0,
CUST000987,Stephen,Thomas,63,AZ,2024-12-25,Gold,colemanjason@example.net,0,
CUST000988,Elizabeth,Wells,50,MI,2025-07-19,Green,corychapman@example.com,1,2025-05-01
CUST000989,Wesley,Robbins,69,TN,2023-02-23,Gold,matthewsscott@example.org,1,2025-03-01
CUST000990,Mark,Gonzales,62,IL,2024-02-18,Green,jessicaholmes@example.net,0,
CUST000991,Mark,Obrien,70,CO,2026-05-28,Green,kingsharon@example.org,0,
CUST000992,Matthew,Johnson,43,GA,2024-07-10,Platinum,morrisjamie@example.com,0,
CUST000993,Eduardo,Baird,38,WA,2023-11-28,Gold,jonathan94@example.com,0,
CUST000994,Eric,Green,64,NC,2025-05-22,Green,mlewis@example.org,0,
CUST000995,Scott,Walter,48,PA,2024-03-21,Gold,glenn46@example.com,1,2025-10-01
CUST000996,Eric,Diaz,51,NY,2026-07-30,Green,colemansamantha@example.com,1,2025-09-01
CUST000997,Sabrina,Cook,67,NC,2021-10-02,Platinum,patricknelson@example.org,0,
CUST000998,Robin,Lutz,43,GA,2021-06-19,Gold,mhunt@example.org,0,
CUST000999,Dawn,Mercer,62,MI,2021-07-09,Gold,aaron62@example.org,0,
CUST001000,Christopher,Rodriguez,41,CO,2026-06-19,Green,andrea59@example.org,0,
CUST001001,Mallory,Cobb,52,AZ,2026-08-10,Green,wolfenicole@example.net,0,
CUST001002,Ashley,Johnson,60,TX,2024-08-23,Gold,michelle19@example.com,0,
CUST001003,Tracy,Stephens,63,VA,2021-11-07,Green,shawn44@example.org,0,
CUST001004,Kimberly,Patton,30,MI,2023-01-30,Platinum,jenna39@example.net,0,
CUST001005,Mario,Hill,45,CA,2024-12-16,Green,youngkimberly@example.org,0,
CUST001006,Michael,Lopez,26,WI,2024-05-14,Green,rmorgan@example.org,0,
CUST001007,Michelle,Yu,41,IL,2024-06-12,Green,hayden18@example.org,0,
CUST001008,Micheal,Palmer,54,VA,2020-11-17,Gold,angelaacosta@example.net,0,
CUST001009,Bobby,Rivas,61,WI,2023-07-04,Platinum,santosmary@example.org,0,
CUST001010,Kimberly,Anderson,21,NY,2024-04-22,Green,lori18@example.net,0,
CUST001011,Patricia,Banks,34,TX,2021-08-22,Gold,luis27@example.org,0,
CUST001012,Henry,Turner,62,MI,2023-05-14,Green,andreaarnold@example.com,0,
CUST001013,Kristina,Moreno,37,MN,2022-11-30,Platinum,glin@example.net,0,
CUST001014,Courtney,Parrish,27,WI,2024-01-07,Gold,chelsea25@example.com,1,2025-05-01
CUST001015,Andrew,Garcia,30,GA,2025-11-17,Green,janicepope@example.com,1,2025-10-01
CUST001016,Dustin,Juarez,32,MA,2022-08-07,Gold,watsonmatthew@example.org,0,
CUST001017,Stephen,Delgado,43,IL,2026-03-28,Platinum,morganmanuel@example.net,0,
CUST001018,Leonard,Brown,34,WA,2021-04-20,Green,wsutton@example.net,0,
CUST001019,Michael,Hill,55,PA,2024-01-10,Green,owenkevin@example.org,0,
CUST001020,Diane,Jordan,60,MN,2024-11-09,Green,patrickallison@example.net,1,2025-11-01
CUST001021,Henry,Mcintyre,26,TN,2026-03-13,Gold,andersonjohn@example.net,0,
CUST001022,Emily,Davidson,61,MI,2021-07-12,Platinum,ariasbrett@example.org,0,
CUST001023,Karen,Hebert,33,CO,2025-01-12,Platinum,xschmidt@example.org,1,2025-11-01
CUST001024,Allison,Lester,65,OH,2021-08-19,Green,zschmitt@example.com,0,
CUST001025,Mary,Hall,54,TX,2020-09-21,Green,kevin70@example.com,0,
CUST001026,David,Hanson,68,MA,2023-04-24,Gold,annaballard@example.net,1,2025-07-01
CUST001027,Debra,Joseph,63,FL,2022-09-06,Gold,jarnold@example.org,0,
CUST001028,Timothy,Clayton,56,FL,2020-09-30,Green,bwatson@example.net,1,2025-09-01
CUST001029,Ruth,Harrison,37,AZ,2023-08-28,Gold,hudsonmarc@example.com,1,2025-03-01
CUST001030,Deborah,Wallace,35,IL,2024-08-15,Platinum,hcarpenter@example.net,0,
CUST001031,Tom,Allison,51,CO,2023-12-06,Green,margaretjones@example.org,0,
CUST001032,Jennifer,Daniels,56,CA,2023-10-02,Green,susanwalker@example.org,0,
CUST001033,Richard,Mitchell,51,MA,2022-09-28,Platinum,ricekevin@example.net,0,
CUST001034,Peter,Luna,30,CO,2025-06-03,Green,thomasmarshall@example.com,1,2025-10-01
CUST001035,Connor,Valentine,36,CO,2023-02-07,Green,jacob80@example.net,0,
CUST001036,Tracy,Thompson,31,TN,2025-08-04,Green,mike99@example.org,0,
CUST001037,Brandi,Herman,59,NY,2022-09-01,Gold,hharper@example.com,0,
CUST001038,Jennifer,Cabrera,31,NJ,2022-09-04,Green,gregorysheppard@example.net,0,
CUST001039,Michele,Murray,50,WI,2025-10-12,Green,tonya81@example.org,0,
CUST001040,Yolanda,Nichols,52,MI,2022-12-07,Gold,jon01@example.net,0,
CUST001041,Ann,Ward,50,VA,2022-04-11,Gold,qwiley@example.org,0,
CUST001042,Angel,Phillips,48,AZ,2022-10-09,Gold,richardsonbonnie@example.org,0,
CUST001043,Allison,Ellis,64,TX,2024-01-02,Green,charles45@example.org,0,
CUST001044,Christian,Cuevas,32,VA,2021-07-22,Platinum,pcole@example.org,1,2025-10-01
CUST001045,Amanda,Hill,61,NY,2026-04-02,Green,tina74@example.com,1,2025-06-01
CUST001046,Audrey,Fuentes,22,MN,2024-05-29,Green,trevinoangel@example.net,0,
CUST001047,Brian,Yates,23,NJ,2025-11-01,Green,acooper@example.com,0,
CUST001048,Kenneth,Lee,27,MD,2025-10-10,Gold,hollowayamy@example.org,0,
CUST001049,Lindsey,Hensley,51,CO,2022-03-24,Green,jenniferrollins@example.org,0,
CUST001050,Michael,Smith,69,IL,2024-04-15,Green,pbaker@example.net,0,
CUST001051,Shannon,Frederick,23,OH,2021-04-30,Platinum,danielwalker@example.com,0,
CUST001052,Daniel,Graham,66,AZ,2024-03-15,Green,ymichael@example.com,1,2025-09-01
CUST001053,Eric,James,61,IL,2023-07-09,Gold,glopez@example.net,0,
CUST001054,Shawn,Hull,42,FL,2024-06-16,Platinum,jonesjohn@example.com,0,
CUST001055,Christopher,Lowe,63,VA,2025-10-23,Green,ekennedy@example.com,0,
CUST001056,Chelsea,Henderson,42,CO,2024-10-22,Green,sarahroberts@example.org,0,
CUST001057,Wanda,Hawkins,70,MD,2026-01-27,Gold,nathan93@example.org,0,
CUST001058,Lisa,Garrison,56,OH,2023-05-15,Green,pkim@example.org,0,
CUST001059,Michael,Riggs,39,AZ,2021-11-30,Green,jonesdavid@example.org,0,
CUST001060,Crystal,Spears,42,AZ,2025-02-28,Gold,esmith@example.net,0,
CUST001061,Ryan,Johnson,37,TN,2020-11-30,Green,jameschase@example.com,0,
CUST001062,Jason,Banks,24,MI,2022-08-24,Green,amberbaker@example.org,0,
CUST001063,Stephanie,Garner,39,VA,2026-05-05,Green,johnsonkerry@example.net,0,
CUST001064,Stephanie,Johnson,52,WA,2024-12-08,Gold,adickson@example.net,0,
CUST001065,Veronica,Ellison,42,MD,2023-04-29,Gold,cthomas@example.org,1,2025-03-01
CUST001066,Emily,Mccoy,38,MD,2025-09-05,Gold,ashley87@example.org,0,
CUST001067,Patricia,Smith,43,OH,2022-06-02,Green,leachlisa@example.org,0,
CUST001068,Melissa,Mccormick,62,CO,2023-11-03,Platinum,ypacheco@example.org,1,2025-02-01
CUST001069,David,Smith,28,NJ,2025-06-11,Green,richamanda@example.net,0,
CUST001070,Jimmy,Vincent,33,NJ,2023-10-16,Gold,parkscathy@example.net,0,
CUST001071,Robert,Wise,66,MI,2026-08-04,Green,valerieschroeder@example.net,1,2025-05-01
CUST001072,Christopher,Christensen,29,WI,2026-06-22,Platinum,grantcuevas@example.com,0,
CUST001073,Brian,Graham,61,TX,2026-08-16,Gold,vincentbryan@example.org,1,2025-09-01
CUST001074,Abigail,Saunders,23,WA,2024-11-26,Gold,tina37@example.net,0,
CUST001075,Jesse,Williams,67,TN,2026-04-24,Green,jo93@example.com,0,
CUST001076,Paul,Davis,46,TN,2026-04-15,Gold,collinsdavid@example.org,0,
CUST001077,Christopher,Benson,57,CA,2025-11-16,Gold,harrisjennifer@example.net,0,
CUST001078,Christine,Fisher,46,MI,2023-11-14,Gold,josephhernandez@example.com,1,2025-08-01
CUST001079,Sarah,Jackson,27,NY,2024-06-27,Gold,sydney70@example.com,1,2025-09-01
CUST001080,Jeremy,Turner,23,OH,2022-01-01,Green,debra82@example.org,0,
CUST001081,Jeffrey,Barrett,51,MN,2021-05-14,Green,meganmartin@example.org,0,
CUST001082,Jonathan,Reyes,70,CA,2020-09-24,Gold,timothyolsen@example.net,1,2025-05-01
CUST001083,Mark,Perry,53,TN,2022-02-27,Green,mark20@example.net,0,
CUST001084,Joanna,Vasquez,60,WA,2025-09-19,Platinum,santoschristopher@example.com,0,
CUST001085,Jamie,Wilkins,60,IL,2023-06-09,Gold,davidmason@example.net,0,
CUST001086,Adam,Lopez,61,MN,2026-08-16,Green,courtneyoliver@example.com,0,
CUST001087,Diane,Gonzalez,64,TX,2023-11-17,Platinum,charles12@example.com,0,
CUST001088,James,Heath,34,CA,2022-10-09,Green,mramirez@example.com,0,
CUST001089,Darren,Butler,63,MA,2023-02-15,Gold,patrick16@example.net,0,
CUST001090,Derek,Ramirez,61,PA,2021-10-19,Gold,alicianash@example.org,0,
CUST001091,Stephanie,Clark,27,PA,2023-08-28,Platinum,dylanjones@example.com,0,
CUST001092,Luis,Stanley,23,AZ,2024-11-10,Green,brycehickman@example.org,0,
CUST001093,Clifford,Knight,70,FL,2020-11-08,Platinum,garciamitchell@example.net,0,
CUST001094,Tamara,Brooks,62,NY,2023-03-22,Gold,jcunningham@example.net,1,2025-05-01
CUST001095,Heather,Martin,44,IL,2026-09-05,Green,arellanokathleen@example.org,0,
CUST001096,Raymond,Kerr,40,TN,2021-09-06,Green,oharrington@example.net,0,
CUST001097,Tracy,Simmons,66,NC,2024-12-14,Platinum,jenny64@example.net,0,
CUST001098,Tyler,Shepard,40,PA,2024-09-16,Platinum,gjimenez@example.org,0,
CUST001099,Frank,Flowers,47,CA,2024-08-12,Gold,daniel71@example.org,0,
CUST001100,Scott,Waller,41,NY,2025-12-25,Green,hporter@example.com,0,
CUST001101,Dennis,Smith,48,WI,2023-01-10,Platinum,cordovajuan@example.com,0,
CUST001102,Malik,Jenkins,62,WI,2025-05-14,Green,hernandeztammy@example.com,1,2025-06-01
CUST001103,Mark,Anderson,24,CO,2022-01-16,Green,hsilva@example.org,0,
CUST001104,Brooke,Clayton,57,MD,2024-07-18,Gold,hannah28@example.net,0,
CUST001105,Rachel,Parker,23,FL,2024-01-31,Gold,sday@example.com,0,
CUST001106,Miguel,Hill,70,AZ,2026-03-15,Green,jeffreynelson@example.com,0,
CUST001107,Amy,Valentine,57,WA,2025-02-24,Green,eflynn@example.com,0,
CUST001108,Hannah,Scott,49,TX,2023-09-23,Green,wilsonpamela@example.com,0,
CUST001109,Jeffrey,Miller,21,WA,2023-08-25,Green,jrichardson@example.com,0,
CUST001110,Maria,Wolfe,59,WI,2021-06-14,Green,audreyroy@example.org,0,
CUST001111,Joseph,Smith,63,IL,2022-01-15,Green,ubaker@example.net,0,
CUST001112,Melanie,Mitchell,51,AZ,2022-02-06,Green,mckaybrooke@example.org,0,
CUST001113,Dana,Barr,56,FL,2022-03-13,Green,christinarocha@example.com,0,
CUST001114,Albert,Clark,26,CO,2021-06-30,Green,kyle05@example.com,0,
CUST001115,Paul,Cole,34,IL,2021-02-09,Gold,kimberly12@example.org,0,
CUST001116,Tammy,Oneal,61,NY,2023-09-25,Green,ujackson@example.com,0,
CUST001117,Nicholas,White,48,NY,2022-08-21,Green,joshuarollins@example.org,0,
CUST001118,Timothy,Brown,21,FL,2025-04-30,Gold,hendersonsara@example.org,0,
CUST001119,Dan,Young,26,OH,2025-02-19,Gold,christopher16@example.net,0,
CUST001120,Jennifer,Johnson,28,IL,2022-10-28,Green,ambergarcia@example.net,1,2025-06-01
CUST001121,Mary,Davis,51,NY,2025-03-04,Green,heather16@example.org,0,
CUST001122,Joe,Larson,38,WI,2022-09-20,Gold,novakmichelle@example.org,0,
CUST001123,Leah,Colon,36,MA,2024-06-14,Gold,carolwilson@example.org,0,
CUST001124,Adam,Anderson,67,PA,2024-11-05,Platinum,rubiochris@example.org,1,2025-10-01
CUST001125,Joseph,Delacruz,24,VA,2022-04-08,Gold,davismatthew@example.org,0,
CUST001126,Charlotte,Smith,70,IL,2024-01-25,Gold,christinawise@example.net,0,
CUST001127,Craig,White,67,TX,2020-11-30,Green,millerdaniel@example.com,0,
CUST001128,Nicholas,Ross,39,TN,2025-02-01,Green,lmaynard@example.org,0,
CUST001129,Shannon,Brown,66,CO,2021-02-11,Green,yford@example.net,0,
CUST001130,Howard,Perkins,50,NC,2024-07-11,Platinum,brandi02@example.org,0,
CUST001131,Jose,Ferguson,24,CA,2025-11-28,Gold,dhoover@example.net,1,2025-08-01
CUST001132,Danny,Anderson,21,CA,2021-04-02,Green,pateljeffrey@example.com,1,2025-04-01
CUST001133,Mark,Taylor,21,MN,2022-02-18,Green,rachel53@example.com,0,
CUST001134,Crystal,Johnson,26,WA,2021-02-13,Green,matthew74@example.net,0,
CUST001135,Nicholas,Hall,40,MI,2022-06-26,Gold,beckerbrenda@example.org,0,
CUST001136,Zachary,Garrison,67,MN,2021-05-25,Green,danielle97@example.com,1,2025-03-01
CUST001137,Samantha,Harrison,31,CO,2024-01-08,Green,juan70@example.com,0,
CUST001138,Marc,Horne,59,CA,2023-01-20,Green,hansonwilliam@example.com,0,
CUST001139,John,Martin,41,VA,2022-11-03,Green,sjohnson@example.com,0,
CUST001140,Denise,Mason,57,MA,2024-04-10,Gold,reyesabigail@example.org,1,2025-10-01
CUST001141,Bradley,Martinez,51,PA,2024-04-21,Gold,gardnerfrank@example.net,0,
CUST001142,Yvonne,Durham,30,FL,2025-09-25,Gold,adamssusan@example.com,0,
CUST001143,Douglas,Glenn,44,PA,2022-09-29,Platinum,adrian18@example.net,0,
CUST001144,Shelby,Franklin,61,AZ,2023-05-04,Platinum,hunter52@example.com,0,
CUST001145,Paula,Horn,51,WA,2024-12-16,Green,rebeccatate@example.org,0,
CUST001146,Bonnie,Gray,70,MA,2025-05-30,Green,travis15@example.net,0,
CUST001147,Kristin,Flowers,38,WI,2026-02-17,Green,travisnguyen@example.net,0,
CUST001148,Jeffrey,Elliott,42,MI,2022-06-28,Green,iparker@example.org,0,
CUST001149,Kenneth,Cox,38,CA,2021-08-28,Gold,rjones@example.com,0,
CUST001150,Joseph,Ingram,60,MN,2026-07-10,Gold,daniel17@example.org,0,
CUST001151,Kimberly,Williams,42,MN,2025-11-29,Green,qolson@example.org,0,
CUST001152,Isaac,Dominguez,67,NY,2023-10-29,Platinum,elizabethcarter@example.org,0,
CUST001153,William,Mckinney,30,MN,2024-02-07,Gold,janderson@example.net,0,
CUST001154,Michael,Williams,40,WI,2020-10-29,Green,valdezeric@example.org,1,2025-10-01
CUST001155,Linda,Curtis,48,GA,2022-05-24,Gold,kenneth83@example.com,1,2025-07-01
CUST001156,Mike,Peters,45,WA,2020-10-06,Gold,tracy88@example.com,0,
CUST001157,Michael,Parks,64,WA,2021-02-10,Gold,jimenezjonathan@example.org,0,
CUST001158,Bruce,Johnson,59,GA,2025-07-06,Platinum,joshua83@example.org,0,
CUST001159,Kelly,Fernandez,49,MI,2021-04-15,Platinum,kruegerkathryn@example.com,0,
CUST001160,Melissa,Glenn,65,NY,2026-06-02,Green,caseytapia@example.net,1,2025-05-01
CUST001161,Valerie,Collins,41,NC,2021-12-22,Green,alison58@example.com,1,2025-04-01
CUST001162,Kristin,Hawkins,38,AZ,2021-12-18,Green,vasquezjacob@example.net,0,
CUST001163,Thomas,Mcpherson,31,WI,2022-11-17,Green,barbaraclark@example.com,0,
CUST001164,Joanne,Moore,69,CA,2024-01-23,Green,margaret25@example.net,0,
CUST001165,Stuart,Brennan,39,IL,2021-10-27,Green,mikaylajones@example.com,0,
CUST001166,Kimberly,Roberts,57,IL,2025-11-05,Platinum,williamssteven@example.net,0,
CUST001167,Stephanie,Howard,38,TN,2021-02-27,Green,ediaz@example.net,0,
CUST001168,Pamela,Payne,64,CO,2021-12-16,Green,desiree72@example.org,0,
CUST001169,William,Lindsey,43,TN,2021-07-28,Gold,awilliams@example.org,0,
CUST001170,Janet,Rowland,26,TN,2025-11-01,Gold,melissashaw@example.org,0,
CUST001171,Ryan,Barnes,56,CO,2025-03-24,Green,rsolis@example.org,0,
CUST001172,James,Anderson,45,OH,2026-05-31,Platinum,james50@example.com,0,
CUST001173,Michael,Ho,69,GA,2024-10-02,Green,samantha35@example.net,0,
CUST001174,Juan,Caldwell,40,MN,2023-11-23,Green,vreid@example.com,0,
CUST001175,Brandy,Gomez,24,WA,2022-01-14,Gold,shenderson@example.org,0,
CUST001176,Michael,Salazar,50,OH,2023-08-02,Green,jesus33@example.org,1,2025-08-01
CUST001177,Jackie,Francis,37,WI,2023-06-22,Gold,christopher17@example.com,0,
CUST001178,Kathy,Stephens,69,NY,2025-11-22,Platinum,allisonthomas@example.com,1,2025-09-01
CUST001179,Charles,Ross,45,MA,2021-05-25,Platinum,linnathan@example.com,0,
CUST001180,Vicki,Smith,55,TX,2026-08-26,Platinum,calebstephenson@example.org,0,
CUST001181,Sydney,Sawyer,55,VA,2026-06-07,Green,maryjohnson@example.org,0,
CUST001182,Nicholas,Mitchell,70,TX,2021-11-05,Green,christine62@example.com,0,
CUST001183,Elizabeth,Snyder,35,WA,2024-03-07,Platinum,davidberg@example.net,0,
CUST001184,Katrina,Wilcox,58,MD,2024-03-09,Platinum,bobby13@example.net,0,
CUST001185,Kayla,Brown,37,MD,2021-08-18,Gold,tommymills@example.net,0,
CUST001186,Jacob,Torres,41,CO,2021-11-30,Gold,hallcynthia@example.org,0,
CUST001187,Tina,Daniels,53,WI,2023-10-05,Green,daniel75@example.com,0,
CUST001188,Benjamin,Holt,33,OH,2024-11-30,Green,hughesjenna@example.com,0,
CUST001189,Shelby,Mejia,34,OH,2020-12-18,Green,dconrad@example.net,1,2025-02-01
CUST001190,Amber,Anderson,26,PA,2024-09-11,Platinum,veronicawagner@example.com,0,
CUST001191,Frank,Valdez,65,MI,2020-10-28,Green,ritterdonna@example.net,0,
CUST001192,Robert,Clarke,44,WI,2021-10-02,Platinum,lewisstacey@example.org,0,
CUST001193,Richard,Jones,57,VA,2021-12-29,Green,srobinson@example.com,0,
CUST001194,Hannah,Williamson,46,MD,2021-09-26,Gold,ssampson@example.com,0,
CUST001195,Ray,Shannon,30,GA,2024-10-16,Gold,josevelez@example.org,0,
CUST001196,Matthew,Short,23,CO,2026-05-24,Green,zfranco@example.net,0,
CUST001197,Randall,Flynn,44,FL,2023-06-03,Gold,anthonysmith@example.com,0,
CUST001198,Alyssa,Anderson,44,MA,2024-04-29,Gold,maciasjeffrey@example.org,0,
CUST001199,Kathleen,Frost,26,IL,2022-12-09,Gold,transtacy@example.net,0,
CUST001200,Robert,Lopez,41,MN,2021-05-11,Gold,hannahrodriguez@example.net,0,
CUST001201,Courtney,Davis,22,VA,2023-05-09,Gold,ggomez@example.net,0,
CUST001202,Amber,Beard,38,MD,2021-04-01,Gold,michaelowens@example.org,0,
CUST001203,Michele,Lopez,59,NY,2023-07-29,Green,cheryl37@example.com,0,
CUST001204,Michelle,Myers,27,CA,2022-07-05,Platinum,eross@example.com,0,
CUST001205,Michael,Bates,34,WI,2024-12-06,Gold,nwise@example.com,0,
CUST001206,Amy,Benjamin,52,WI,2022-06-04,Green,sarahdavis@example.com,0,
CUST001207,Melissa,Holmes,57,OH,2021-08-12,Platinum,wadesamantha@example.com,1,2025-07-01
CUST001208,Kirk,Conway,37,NC,2021-09-27,Green,mhansen@example.org,0,
CUST001209,April,Wong,48,FL,2021-05-16,Green,brocksean@example.net,0,
CUST001210,Christina,Blankenship,49,WI,2025-02-28,Gold,robertmiller@example.net,0,
CUST001211,Bryan,Butler,59,IL,2025-07-22,Gold,tiffany88@example.net,0,
CUST001212,Allison,Jones,37,CA,2020-10-27,Green,ebaker@example.net,1,2025-04-01
CUST001213,Edwin,Woods,42,OH,2024-12-10,Green,alexdaniel@example.net,0,
CUST001214,Michael,Crane,32,WA,2026-08-09,Gold,shafferdavid@example.org,0,
CUST001215,Kathleen,Martin,26,NY,2020-11-26,Gold,adrian13@example.com,1,2025-05-01
CUST001216,William,Anderson,24,CA,2022-07-30,Gold,frodgers@example.net,1,2025-08-01
CUST001217,George,Lowery,56,VA,2025-10-03,Green,annetterose@example.org,0,
CUST001218,David,Le,66,MA,2021-12-30,Platinum,christina51@example.com,0,
CUST001219,Margaret,Miller,52,TX,2024-02-18,Gold,william36@example.net,0,
CUST001220,Breanna,Taylor,59,WA,2025-01-08,Platinum,lisa02@example.net,0,
CUST001221,Joseph,Miller,28,TX,2025-08-01,Gold,woodsthomas@example.net,0,
CUST001222,Wanda,Moore,37,NJ,2025-05-03,Gold,tony23@example.com,0,
CUST001223,Michael,Beard,57,GA,2026-01-23,Gold,joseph01@example.net,0,
CUST001224,Troy,Lambert,62,TX,2023-10-22,Platinum,william89@example.com,0,
CUST001225,Lori,Wilkerson,63,MD,2021-02-17,Green,joseph16@example.org,1,2025-09-01
CUST001226,Mary,Wright,46,PA,2021-02-12,Gold,stevenwinters@example.com,0,
CUST001227,Jessica,Santiago,49,PA,2024-02-18,Gold,hwilliamson@example.net,0,
CUST001228,Stephanie,Simpson,44,GA,2023-12-04,Gold,meghanterry@example.net,0,
CUST001229,Danielle,White,67,GA,2021-02-27,Green,starkkenneth@example.com,0,
CUST001230,Taylor,Jones,32,CA,2021-12-05,Green,shawn20@example.com,0,
CUST001231,Lauren,Parrish,37,VA,2025-06-27,Platinum,zachary65@example.net,1,2025-08-01
CUST001232,Stephanie,Stephens,24,TN,2023-05-25,Gold,rodriguezadam@example.com,0,
CUST001233,Christian,Morton,22,CA,2023-03-05,Green,karendawson@example.net,0,
CUST001234,Jessica,Williams,37,MD,2026-02-08,Gold,carpenterhannah@example.com,0,
CUST001235,Michelle,Ballard,66,CO,2022-01-23,Platinum,ihart@example.org,0,
CUST001236,Thomas,Smith,24,FL,2022-02-20,Platinum,wilsonelizabeth@example.com,0,
CUST001237,David,Curry,30,NJ,2026-01-10,Gold,karen90@example.net,0,
CUST001238,William,Morrison,69,NY,2023-11-29,Green,stephanie46@example.com,0,
CUST001239,Patricia,Malone,33,MI,2026-07-11,Green,whiteveronica@example.net,0,
CUST001240,Susan,Bond,58,WI,2024-03-24,Green,carly51@example.org,0,
CUST001241,Joseph,Franklin,49,FL,2023-07-26,Green,inguyen@example.net,0,
CUST001242,Gabrielle,Wallace,51,NJ,2025-07-25,Green,joshua21@example.net,0,
CUST001243,Samantha,Martinez,44,NC,2025-10-15,Gold,allen85@example.com,1,2025-04-01
CUST001244,Carl,Wright,45,FL,2022-07-08,Gold,burkemary@example.net,1,2025-10-01
CUST001245,Eric,Martinez,44,CO,2024-10-13,Green,sandra21@example.net,0,
CUST001246,Lauren,Suarez,45,PA,2021-04-25,Platinum,harpertravis@example.org,1,2025-03-01
CUST001247,Kevin,Wilkins,49,GA,2024-08-07,Green,ruizdavid@example.com,0,
CUST001248,Rose,Webster,30,NY,2022-01-08,Green,richardsroger@example.org,0,
CUST001249,Kenneth,Washington,50,OH,2025-03-13,Gold,nwoods@example.com,0,
CUST001250,Crystal,Vazquez,23,PA,2025-12-02,Gold,brucemercado@example.net,0,
CUST001251,Caitlin,Newton,35,TX,2021-12-10,Green,joshua83@example.com,0,
CUST001252,Abigail,Harrell,60,VA,2020-09-21,Platinum,jasonromero@example.net,0,
CUST001253,Bryan,Stein,68,IL,2024-12-12,Gold,hibarra@example.org,0,
CUST001254,Erin,Wilson,70,MA,2025-05-26,Gold,robert45@example.org,0,
CUST001255,Kelly,Cuevas,27,WA,2023-08-23,Green,nathan85@example.org,0,
CUST001256,Kelly,Decker,22,TX,2025-04-25,Gold,laraluke@example.org,1,2025-06-01
CUST001257,Caroline,Gonzales,49,NJ,2023-07-15,Green,steven66@example.net,0,
CUST001258,Gregory,Wood,41,GA,2025-04-17,Green,brownleslie@example.org,0,
CUST001259,Trevor,Marquez,51,FL,2024-09-07,Gold,uperez@example.net,0,
CUST001260,Joshua,Decker,61,VA,2020-09-26,Gold,karenjohns@example.com,1,2025-08-01
CUST001261,John,Sullivan,30,NJ,2026-02-02,Gold,levydenise@example.net,0,
CUST001262,Christopher,Glenn,35,CA,2022-01-27,Green,christinenewman@example.org,0,
CUST001263,Lisa,Curry,32,MA,2025-03-06,Green,johnjones@example.net,0,
CUST001264,Jason,Christian,56,IL,2025-01-14,Platinum,morakristine@example.com,0,
CUST001265,Carl,Ortega,49,IL,2021-08-11,Platinum,jameslinda@example.org,0,
CUST001266,Aaron,Mitchell,38,AZ,2025-10-07,Platinum,kaitlyn01@example.net,1,2025-11-01
CUST001267,William,Gallagher,47,GA,2025-01-12,Green,nicholasbarker@example.net,0,
CUST001268,Eric,Swanson,30,NY,2024-11-29,Green,vargasjessica@example.org,0,
CUST001269,Jennifer,Sutton,38,WI,2025-04-13,Green,jonwells@example.com,1,2025-07-01
CUST001270,Albert,Roberson,39,NJ,2024-11-10,Platinum,nichole26@example.net,0,
CUST001271,Stephen,Riddle,31,NC,2025-02-25,Green,lopeztyler@example.org,0,
CUST001272,Phillip,Walker,52,FL,2022-09-15,Green,lauren37@example.org,0,
CUST001273,David,Black,41,MA,2025-10-07,Green,normanpaul@example.org,0,
CUST001274,Janet,Jimenez,51,FL,2026-03-13,Gold,reeddaniel@example.net,0,
CUST001275,Meghan,Torres,30,MD,2021-10-16,Gold,karlahudson@example.net,0,
CUST001276,Wendy,Carpenter,24,OH,2021-07-01,Platinum,jakedavis@example.net,1,2025-03-01
CUST001277,Kayla,George,56,CO,2025-05-11,Green,tkey@example.net,0,
CUST001278,Tamara,Evans,39,FL,2023-02-05,Green,smithcolleen@example.net,0,
CUST001279,Julian,Sharp,37,OH,2026-02-11,Platinum,dillonchris@example.net,0,
CUST001280,Rebecca,Reid,44,AZ,2024-03-30,Green,alison22@example.org,0,
CUST001281,Douglas,Bell,37,GA,2025-12-07,Gold,stephaniesimmons@example.net,0,
CUST001282,Christian,Brown,36,FL,2025-05-26,Gold,andersonlindsey@example.org,0,
CUST001283,Audrey,Morris,45,MI,2026-08-23,Green,anthonyrodriguez@example.net,0,
CUST001284,Blake,Riley,47,PA,2021-11-08,Green,laura09@example.org,0,
CUST001285,Bridget,Arnold,24,MI,2021-03-01,Gold,stricklanddaniel@example.net,0,
CUST001286,Sarah,King,30,NY,2023-10-15,Green,munozjonathan@example.com,0,
CUST001287,Andrea,Brown,49,MD,2022-06-29,Platinum,adavis@example.org,0,
CUST001288,Raymond,Hunter,42,MD,2026-08-13,Green,lisa06@example.org,0,
CUST001289,James,Williamson,29,MA,2024-12-18,Green,bradleysuzanne@example.com,1,2025-04-01
CUST001290,Joanna,Smith,21,MD,2022-10-22,Gold,garciamichael@example.net,0,
CUST001291,Carlos,Jacobs,39,PA,2026-07-09,Green,johnsonkimberly@example.net,0,
CUST001292,Luis,Smith,44,AZ,2022-08-28,Platinum,millscatherine@example.net,0,
CUST001293,Tonya,Bailey,23,AZ,2023-03-15,Green,johnnyweiss@example.net,0,
CUST001294,Stacey,Herring,34,NC,2026-02-05,Green,youngashley@example.org,0,
CUST001295,Timothy,Dunn,57,PA,2026-04-02,Green,thart@example.com,1,2025-09-01
CUST001296,Adam,Shannon,29,PA,2023-08-26,Gold,mariawilliams@example.net,0,
CUST001297,Jose,Moss,54,GA,2026-05-27,Platinum,toniholder@example.com,0,
CUST001298,Allison,Thomas,66,PA,2023-03-19,Green,james75@example.com,0,
CUST001299,Heather,Dunn,33,MN,2024-06-08,Green,briannaortega@example.org,0,
CUST001300,Tina,James,26,TX,2021-10-11,Gold,melissacox@example.net,0,
CUST001301,Brittany,Young,59,CO,2022-03-28,Gold,sara08@example.net,0,
CUST001302,Daniel,Blake,69,NC,2025-06-29,Gold,alex56@example.net,0,
CUST001303,James,Koch,32,OH,2023-08-19,Green,lisanorton@example.com,0,
CUST001304,Tiffany,Kline,29,MN,2022-11-12,Green,awalker@example.net,1,2025-02-01
CUST001305,Shawn,Sosa,63,OH,2023-08-23,Platinum,ehawkins@example.org,0,
CUST001306,Michael,Franklin,58,MI,2024-11-15,Platinum,grahamjoshua@example.com,0,
CUST001307,Dillon,Adams,33,NY,2026-09-04,Green,matthew50@example.org,0,
CUST001308,Erika,Nguyen,25,MD,2021-03-22,Platinum,emilytanner@example.org,0,
CUST001309,Brent,Webb,47,CA,2025-07-12,Green,howardwallace@example.com,0,
CUST001310,Bailey,Anderson,54,VA,2025-02-07,Platinum,dennis70@example.org,0,
CUST001311,Jamie,King,42,MI,2026-07-24,Platinum,kevinowens@example.net,0,
CUST001312,James,Williams,61,CO,2025-10-19,Gold,williamstodd@example.org,0,
CUST001313,Gregory,Johnson,26,NY,2024-05-26,Gold,caldwellsusan@example.net,0,
CUST001314,Tristan,Lutz,47,CO,2026-04-21,Green,michael45@example.org,0,
CUST001315,Jeanette,Brown,29,NC,2023-12-02,Platinum,juliecarlson@example.org,0,
CUST001316,Ashlee,Roberts,36,PA,2021-08-09,Gold,jmartinez@example.org,0,
CUST001317,Jose,Walter,57,VA,2022-04-14,Gold,tscott@example.com,0,
CUST001318,Matthew,Brown,23,PA,2022-01-27,Gold,tevans@example.net,0,
CUST001319,Alan,Jennings,65,VA,2021-12-26,Green,markcooley@example.net,0,
CUST001320,Deborah,Bowen,57,MN,2024-12-10,Platinum,tracyanderson@example.com,0,
CUST001321,Diane,Hernandez,21,VA,2024-08-07,Gold,cristian81@example.com,0,
CUST001322,Shane,Thomas,54,MA,2026-01-05,Gold,wrightjoseph@example.org,0,
CUST001323,Alicia,Smith,54,TX,2022-01-22,Green,tuckercharlotte@example.org,0,
CUST001324,Angela,Cook,28,VA,2023-02-04,Gold,marydavidson@example.org,0,
CUST001325,Rose,Wilson,66,GA,2024-10-13,Green,floressamantha@example.net,0,
CUST001326,Peter,Mills,41,WA,2025-03-23,Gold,morrisjessica@example.org,0,
CUST001327,Matthew,Obrien,57,CA,2025-01-01,Green,patrick05@example.org,0,
CUST001328,Timothy,Roberson,39,FL,2023-11-07,Green,karen66@example.net,0,
CUST001329,Eric,Good,67,CO,2024-08-10,Green,crossrobert@example.org,0,
CUST001330,Dana,Meyers,49,MD,2022-04-19,Green,tina97@example.com,0,
CUST001331,John,Rogers,22,MD,2020-11-13,Platinum,grantwashington@example.com,1,2025-06-01
CUST001332,Marcus,Flores,55,IL,2026-03-16,Green,karendean@example.org,0,
CUST001333,Jasmine,Medina,22,GA,2023-03-14,Gold,sharon50@example.org,1,2025-06-01
CUST001334,Christina,Crawford,26,GA,2023-08-23,Green,seangibson@example.com,1,2025-09-01
CUST001335,Daniel,Ford,60,PA,2026-08-26,Green,courtneybrown@example.com,0,
CUST001336,Christine,Wells,31,FL,2023-01-15,Green,lanenathan@example.org,0,
CUST001337,David,Walker,40,NC,2026-08-04,Green,wesleylarsen@example.net,0,
CUST001338,Nicole,Jones,56,NY,2024-09-27,Gold,smithryan@example.com,1,2025-06-01
CUST001339,Ryan,Cox,22,FL,2021-07-01,Green,fisherdawn@example.org,0,
CUST001340,Edward,Smith,65,OH,2023-07-11,Green,donald22@example.net,0,
CUST001341,Michelle,Singh,37,NY,2020-12-11,Gold,andrew45@example.com,0,
CUST001342,Jessica,Murillo,59,WI,2020-09-17,Green,michael53@example.com,0,
CUST001343,Jeffrey,Davies,50,MD,2022-11-19,Platinum,evargas@example.com,0,
CUST001344,Edward,Franco,36,MA,2025-07-15,Green,melissamorales@example.com,0,
CUST001345,Mary,Ward,27,VA,2025-01-05,Platinum,janet28@example.com,0,
CUST001346,Matthew,Collins,27,PA,2021-10-11,Green,moorebenjamin@example.com,0,
CUST001347,Alfred,Ward,23,NC,2026-04-14,Platinum,nunezemily@example.com,1,2025-08-01
CUST001348,Eric,Bradley,28,MA,2025-07-04,Green,kwebster@example.com,0,
CUST001349,Thomas,Washington,52,WI,2023-08-30,Green,xcook@example.org,0,
CUST001350,Emily,Bennett,53,NC,2022-12-12,Green,jamesmichael@example.com,0,
CUST001351,Ashley,Campos,28,FL,2026-01-19,Gold,sarah19@example.org,0,
CUST001352,Jennifer,Higgins,28,WA,2026-09-05,Green,hfisher@example.org,1,2025-05-01
CUST001353,Natalie,Griffith,29,TN,2025-10-27,Green,catherineford@example.com,0,
CUST001354,Linda,Patterson,58,GA,2025-06-02,Gold,usims@example.org,0,
CUST001355,Blake,Gilbert,35,IL,2022-02-15,Green,kevin35@example.com,1,2025-11-01
CUST001356,Julie,Garcia,63,WI,2024-03-17,Gold,adamhuang@example.net,0,
CUST001357,Jeffrey,Wang,50,WA,2021-02-24,Green,yfreeman@example.com,0,
CUST001358,Shelby,Sanchez,31,NY,2023-05-18,Green,vroberts@example.org,0,
CUST001359,Melanie,Brown,61,WA,2023-03-02,Platinum,gibbsanita@example.net,0,
CUST001360,Shelby,Taylor,65,AZ,2024-01-11,Green,yberger@example.org,0,
CUST001361,David,Moreno,59,MN,2025-04-12,Green,qdennis@example.org,0,
CUST001362,Katherine,Padilla,54,CA,2026-07-24,Gold,jack80@example.com,0,
CUST001363,Carolyn,Benitez,46,CA,2025-01-07,Platinum,karabennett@example.org,1,2025-11-01
CUST001364,Charles,Terry,70,VA,2024-03-17,Green,jjennings@example.net,0,
CUST001365,Alan,Schmitt,42,WA,2026-02-19,Green,pgomez@example.com,0,
CUST001366,Alec,Hanson,36,NJ,2024-04-09,Platinum,ycarney@example.org,0,
CUST001367,Jason,Lee,66,AZ,2023-07-30,Green,johnsondaniel@example.com,0,
CUST001368,Michelle,Mcdaniel,57,NJ,2022-08-06,Gold,xroberts@example.org,0,
CUST001369,Michael,Santiago,46,TN,2024-07-14,Gold,kellycoleman@example.com,0,
CUST001370,Dennis,Williams,24,NJ,2025-01-13,Platinum,cameron21@example.org,0,
CUST001371,Jennifer,Randolph,54,IL,2023-02-09,Green,natalie07@example.net,0,
CUST001372,William,Zuniga,64,VA,2022-08-03,Gold,ymcfarland@example.com,0,
CUST001373,Anna,Nichols,36,AZ,2026-01-16,Gold,melvin66@example.org,0,
CUST001374,Rose,Hardy,63,NY,2021-03-11,Green,hwalker@example.net,0,
CUST001375,John,Dean,44,FL,2024-04-09,Gold,johnwalters@example.org,0,
CUST001376,Ann,Noble,54,PA,2023-08-06,Platinum,phillip73@example.net,0,
CUST001377,Stephanie,Davis,25,NJ,2023-06-16,Gold,wrose@example.net,1,2025-08-01
CUST001378,Tony,Williams,48,OH,2022-07-03,Green,uowen@example.com,0,
CUST001379,Jose,King,53,NY,2025-02-27,Green,cordovastephanie@example.org,0,
CUST001380,Michael,Jones,35,IL,2023-08-28,Gold,wilsoncory@example.net,0,
CUST001381,Karen,Bryant,47,WA,2026-06-05,Green,salasmanuel@example.net,0,
CUST001382,Christopher,Wiggins,70,MA,2025-11-08,Green,cardenasjohnny@example.net,1,2025-02-01
CUST001383,Ellen,York,61,CA,2021-01-03,Green,lisawest@example.org,0,
CUST001384,David,Guzman,23,CA,2021-03-27,Green,singhcindy@example.net,0,
CUST001385,Mathew,Martin,62,MN,2021-01-11,Green,brobinson@example.org,0,
CUST001386,Greg,Fernandez,38,MN,2021-07-06,Green,gpeterson@example.org,0,
CUST001387,Kari,Diaz,38,TN,2025-11-08,Gold,smithmeghan@example.org,0,
CUST001388,Lindsay,Wilson,23,MN,2026-09-08,Green,cindy12@example.net,0,
CUST001389,Erica,Choi,27,NC,2025-09-18,Green,carolspencer@example.org,0,
CUST001390,Melinda,Graham,28,MD,2026-01-28,Green,yallison@example.org,0,
CUST001391,Anthony,Harris,21,AZ,2022-03-24,Platinum,sheilajackson@example.org,0,
CUST001392,Terri,Vazquez,36,CA,2022-10-23,Green,vholmes@example.com,0,
CUST001393,Katherine,Thomas,39,FL,2022-05-25,Gold,caitlyn41@example.net,0,
CUST001394,Caitlin,Campbell,40,VA,2025-06-03,Platinum,uwilson@example.net,0,
CUST001395,Daniel,Haley,62,PA,2022-05-22,Platinum,lunadiana@example.org,0,
CUST001396,Ray,Thompson,28,CA,2025-10-08,Gold,rosskevin@example.org,0,
CUST001397,Patrick,Lewis,59,MD,2022-08-01,Gold,bsmith@example.net,0,
CUST001398,Michael,Morrison,38,TX,2024-01-12,Gold,johnsonelizabeth@example.net,0,
CUST001399,Denise,Bautista,50,WI,2020-12-05,Green,colleenunderwood@example.org,0,
CUST001400,Jacqueline,Drake,55,IL,2023-11-13,Green,gary14@example.net,1,2025-06-01
CUST001401,Todd,Gordon,49,FL,2022-05-15,Green,torrespatricia@example.net,1,2025-11-01
CUST001402,Renee,Evans,53,IL,2023-07-25,Green,karagardner@example.org,0,
CUST001403,Antonio,Simmons,39,AZ,2026-03-24,Gold,dawnreed@example.com,0,
CUST001404,Raymond,Guerra,57,MI,2020-10-09,Gold,griffinamanda@example.net,1,2025-07-01
CUST001405,Cathy,Miller,38,GA,2026-04-01,Green,navarrojennifer@example.com,0,
CUST001406,Karen,Parks,68,TX,2021-11-15,Platinum,donaldrubio@example.net,0,
CUST001407,Tina,Owen,68,TN,2024-08-20,Green,icohen@example.com,0,
CUST001408,Christopher,Watson,39,MA,2024-11-14,Gold,michaeljackson@example.com,0,
CUST001409,Andrea,Stephens,60,WI,2026-05-30,Green,jessica36@example.net,0,
CUST001410,Crystal,Schneider,35,WA,2021-05-03,Platinum,kathrynstone@example.com,1,2025-02-01
CUST001411,Jackson,Woods,33,TN,2024-05-22,Green,lisaprice@example.org,0,
CUST001412,Alicia,Barrera,66,VA,2024-03-25,Green,conradchristine@example.com,0,
CUST001413,Richard,Vasquez,50,TN,2024-12-21,Gold,zmiller@example.com,0,
CUST001414,Lonnie,Jones,40,MN,2021-11-16,Gold,michael88@example.org,1,2025-11-01
CUST001415,Whitney,Bradley,51,CO,2025-10-12,Gold,lawrencejacqueline@example.com,0,
CUST001416,Rachel,Brown,40,NY,2021-06-23,Platinum,blakejoshua@example.org,0,
CUST001417,Caitlyn,Wilson,36,NJ,2024-01-10,Green,charles65@example.com,0,
CUST001418,Henry,Murray,35,OH,2024-11-11,Gold,greg59@example.net,1,2025-11-01
CUST001419,Hayley,Murray,53,TN,2020-11-05,Green,brennanronald@example.com,0,
CUST001420,Jennifer,Perry,45,WI,2025-03-24,Platinum,kathrynbrowning@example.net,1,2025-06-01
CUST001421,Julie,Rush,46,NY,2024-01-28,Gold,jessicahernandez@example.com,0,
CUST001422,Kayla,Craig,43,PA,2025-02-08,Platinum,kaufmannicole@example.net,1,2025-08-01
CUST001423,Stephen,Matthews,36,NJ,2022-12-01,Platinum,landerson@example.org,0,
CUST001424,Michele,Forbes,56,NJ,2023-03-25,Gold,kellywilliams@example.net,0,
CUST001425,Todd,May,52,NC,2025-09-19,Green,wellsshelley@example.org,0,
CUST001426,Michael,Rodriguez,39,OH,2024-01-07,Gold,nicholaschambers@example.org,0,
CUST001427,Tammy,Ross,39,CA,2026-06-26,Gold,rfarmer@example.com,0,
CUST001428,Amanda,Collins,70,NY,2026-06-29,Gold,patricia19@example.org,0,
CUST001429,Patrick,Sullivan,31,TN,2023-02-19,Platinum,tramos@example.net,1,2025-06-01
CUST001430,Andrew,Pugh,25,MN,2021-03-20,Green,douglasbrown@example.org,0,
CUST001431,Alexander,Patterson,43,MA,2022-01-16,Green,hernandezbailey@example.org,0,
CUST001432,Karen,Scott,63,CA,2025-12-24,Gold,lthompson@example.net,0,
CUST001433,Deborah,Kim,54,WA,2021-10-12,Green,kathleenbaker@example.net,1,2025-07-01
CUST001434,Brian,Bailey,49,VA,2023-09-21,Gold,hallpaul@example.net,0,
CUST001435,David,Bush,68,FL,2020-11-28,Green,cameronescobar@example.org,0,
CUST001436,Stephanie,Lee,54,GA,2025-07-15,Green,nicoleflores@example.org,1,2025-06-01
CUST001437,Charles,Mcknight,64,IL,2022-08-02,Gold,pedro59@example.net,1,2025-07-01
CUST001438,John,Torres,47,NJ,2025-01-20,Green,scooper@example.net,0,
CUST001439,Steven,Cobb,63,VA,2026-02-18,Green,petersenjessica@example.com,0,
CUST001440,Kenneth,Lopez,29,OH,2024-11-08,Green,alicia67@example.com,0,
CUST001441,Cameron,Stokes,60,MN,2023-03-06,Platinum,elizabeth77@example.com,0,
CUST001442,Anthony,Perez,38,MD,2023-05-12,Gold,zstevens@example.net,0,
CUST001443,Ann,Torres,27,CO,2023-09-22,Gold,jbrown@example.org,0,
CUST001444,Pam,Holmes,38,IL,2021-04-27,Gold,cboone@example.org,0,
CUST001445,Maria,Gill,47,FL,2023-05-05,Platinum,dudleydaniel@example.org,0,
CUST001446,Adam,Newton,21,AZ,2020-10-03,Green,craig91@example.net,0,
CUST001447,Amber,Jones,70,TN,2025-08-05,Gold,xeaton@example.org,1,2025-06-01
CUST001448,Casey,Howard,58,FL,2023-07-29,Green,ryan61@example.org,0,
CUST001449,David,Moran,52,WA,2025-08-29,Gold,robertchase@example.com,1,2025-02-01
CUST001450,Michael,Gregory,57,IL,2020-12-11,Green,wmyers@example.org,1,2025-06-01
CUST001451,Heather,Lutz,47,NC,2026-03-29,Green,gary85@example.net,1,2025-05-01
CUST001452,Michael,Frazier,60,MN,2025-11-23,Platinum,rubengriffin@example.com,1,2025-05-01
CUST001453,Frederick,Gray,28,WA,2023-09-30,Green,andreagalvan@example.net,0,
CUST001454,Jeffrey,Foster,49,MA,2022-01-11,Platinum,donalddecker@example.net,1,2025-07-01
CUST001455,Brandon,Hamilton,39,VA,2024-07-29,Gold,alisonflores@example.net,1,2025-10-01
CUST001456,Erika,Larsen,39,VA,2025-04-30,Gold,cruzstephanie@example.com,0,
CUST001457,Ryan,Mason,46,MD,2024-09-20,Gold,richardsonjamie@example.com,0,
CUST001458,Steven,Lara,56,MN,2024-04-05,Platinum,kennedytheresa@example.com,0,
CUST001459,Michael,Lawson,45,NJ,2024-05-05,Green,hjenkins@example.org,0,
CUST001460,Mary,Mcdonald,21,CO,2020-10-09,Platinum,gcarter@example.net,0,
CUST001461,Paula,Williams,45,MA,2020-09-12,Green,jacqueline09@example.net,0,
CUST001462,Debbie,Fowler,40,PA,2022-01-11,Green,sdavis@example.net,0,
CUST001463,Keith,Lewis,55,MI,2021-04-24,Platinum,leonardjuan@example.net,0,
CUST001464,Gary,Campos,30,AZ,2023-07-06,Green,rosalescynthia@example.net,0,
CUST001465,Daniel,Miller,57,WA,2023-10-18,Gold,belltyler@example.com,0,
CUST001466,Rebecca,Miller,58,GA,2024-04-12,Platinum,avaldez@example.org,0,
CUST001467,Katie,Anderson,26,NJ,2023-02-15,Green,ivega@example.com,0,
CUST001468,Andre,Padilla,41,MN,2022-09-05,Gold,nicolewilliams@example.com,0,
CUST001469,Daniel,Dickson,36,NJ,2025-01-11,Gold,monique28@example.com,0,
CUST001470,Clinton,Perez,34,AZ,2021-09-12,Gold,gwilson@example.net,0,
CUST001471,Jessica,Cox,21,NY,2025-08-12,Green,dustinmartinez@example.net,1,2025-08-01
CUST001472,James,Rodriguez,24,NC,2023-04-29,Gold,taylorbrandon@example.net,1,2025-11-01
CUST001473,Donald,Adams,57,CO,2024-06-24,Platinum,yrandolph@example.net,0,
CUST001474,Sara,Sanchez,40,TN,2026-04-29,Green,chavezkatherine@example.net,0,
CUST001475,Daniel,Cooper,70,MI,2024-10-17,Platinum,ywilliams@example.net,0,
CUST001476,Valerie,Kim,55,MN,2026-01-26,Platinum,deborahthompson@example.com,0,
CUST001477,Justin,Hamilton,48,MD,2026-05-05,Green,jaredfisher@example.net,0,
CUST001478,Jenny,Hill,54,AZ,2022-02-05,Platinum,phoward@example.com,0,
CUST001479,Shelley,Buckley,45,MA,2025-08-19,Platinum,scottcontreras@example.net,0,
CUST001480,Amy,Yu,43,CA,2025-02-18,Green,feliciagreen@example.com,0,
CUST001481,Sara,Gutierrez,59,VA,2022-02-17,Gold,leslie28@example.com,0,
CUST001482,Debbie,Rodriguez,49,NY,2026-01-26,Platinum,jadams@example.net,0,
CUST001483,Scott,Rich,64,TX,2023-03-16,Platinum,tamara14@example.net,0,
CUST001484,Deborah,Rogers,54,GA,2023-12-07,Green,robert86@example.net,0,
CUST001485,Barbara,Camacho,27,AZ,2025-02-17,Green,dylancox@example.com,0,
CUST001486,Stephen,Ford,44,MD,2024-12-09,Gold,bgonzalez@example.org,1,2025-05-01
CUST001487,Ashley,Nichols,46,TN,2024-01-08,Green,uromero@example.org,0,
CUST001488,Matthew,Hamilton,57,IL,2023-02-22,Green,stevencortez@example.org,1,2025-02-01
CUST001489,William,Harmon,33,AZ,2025-03-09,Green,ovalentine@example.com,0,
CUST001490,Stephanie,Calderon,52,WA,2023-06-05,Green,swansonerica@example.org,0,
CUST001491,Jim,Douglas,49,MN,2025-04-07,Green,joshua80@example.org,0,
CUST001492,Alexandra,Sanchez,58,NJ,2025-09-25,Green,madeline28@example.org,0,
CUST001493,Gregory,Larsen,65,MD,2023-02-28,Gold,richard45@example.net,0,
CUST001494,Dustin,Lynch,68,TX,2024-03-25,Platinum,joel32@example.org,0,
CUST001495,Amy,Weeks,31,VA,2026-07-11,Green,ulewis@example.org,0,
CUST001496,Nicholas,Schwartz,41,VA,2024-05-19,Green,jenniferfrench@example.com,0,
CUST001497,Sara,Holder,25,MI,2023-04-20,Platinum,travis83@example.org,0,
CUST001498,Drew,Young,53,PA,2023-08-19,Platinum,jordanjason@example.net,0,
CUST001499,Richard,Webb,28,MI,2023-02-12,Green,alfredlin@example.com,0,
CUST001500,Tamara,Patterson,65,NJ,2025-04-13,Gold,iweaver@example.org,0,
CUST001501,Nancy,Summers,53,AZ,2023-03-02,Green,omelendez@example.org,0,
CUST001502,David,Santos,61,PA,2021-01-03,Platinum,jeremy03@example.net,0,
CUST001503,Robert,Taylor,54,MI,2024-05-05,Green,jackmcbride@example.net,0,
CUST001504,Shawn,Harris,53,OH,2023-04-26,Gold,lukeellis@example.org,1,2025-08-01
CUST001505,Micheal,Adams,53,OH,2024-01-27,Gold,davidbutler@example.net,0,
CUST001506,Morgan,Moore,47,PA,2021-08-11,Gold,johnrichard@example.com,0,
CUST001507,Anthony,Buckley,24,WI,2025-05-11,Green,bhenderson@example.com,0,
CUST001508,Jose,Pitts,59,FL,2021-04-04,Green,joshua02@example.com,0,
CUST001509,Katherine,Adams,43,WI,2021-10-08,Green,robertsonjessica@example.org,0,
CUST001510,Jonathon,Schultz,61,CA,2021-12-18,Gold,brianharrison@example.com,0,
CUST001511,David,Duncan,65,AZ,2023-03-20,Green,heather18@example.com,0,
CUST001512,John,Ramsey,21,NY,2022-04-28,Gold,bellbrenda@example.org,0,
CUST001513,Stephanie,Williams,40,TN,2026-06-12,Gold,weaverbradley@example.org,0,
CUST001514,Melinda,Love,21,MI,2022-12-22,Gold,owatkins@example.com,1,2025-11-01
CUST001515,Charlene,Ingram,46,FL,2026-01-02,Platinum,wilsonbethany@example.net,1,2025-09-01
CUST001516,Maria,Pierce,58,NY,2024-03-29,Gold,mnorman@example.com,0,
CUST001517,Sara,Barnes,63,NY,2021-05-09,Gold,nathan09@example.com,0,
CUST001518,Robert,Pacheco,33,PA,2024-05-25,Gold,reynoldschristina@example.net,0,
CUST001519,Ashlee,Taylor,52,TN,2025-10-21,Gold,nicolegutierrez@example.com,0,
CUST001520,Brooke,Rhodes,57,NC,2021-08-02,Green,sandraharris@example.org,0,
CUST001521,Kristin,Brewer,62,TN,2022-10-06,Green,wpugh@example.com,0,
CUST001522,Brianna,Ward,53,IL,2024-03-03,Gold,tscott@example.org,1,2025-09-01
CUST001523,Jaclyn,Steele,57,OH,2021-11-07,Green,danielle19@example.net,0,
CUST001524,Andrea,Rios,47,MN,2022-09-20,Gold,rodriguezmatthew@example.com,0,
CUST001525,Christopher,Walker,28,IL,2025-11-25,Platinum,ewells@example.com,0,
CUST001526,Taylor,Berger,31,MD,2025-10-25,Platinum,browncarolyn@example.com,0,
CUST001527,Robin,Bell,69,MD,2025-01-09,Gold,hillkelsey@example.org,0,
CUST001528,Steve,Gibbs,27,NY,2026-08-20,Green,samantha65@example.com,1,2025-07-01
CUST001529,Nathan,Watkins,27,TX,2022-04-25,Green,jose19@example.com,1,2025-07-01
CUST001530,Aaron,Wilson,31,MD,2022-07-04,Green,bbenjamin@example.com,0,
CUST001531,Natasha,Meyer,52,MA,2024-03-07,Gold,lori44@example.net,1,2025-03-01
CUST001532,Ian,Baker,60,AZ,2021-05-03,Green,stephaniemorales@example.org,0,
CUST001533,Melissa,Daniels,24,NY,2026-03-01,Green,austinpaige@example.org,0,
CUST001534,Anthony,Harrison,64,WI,2024-01-15,Platinum,fernandezjavier@example.com,0,
CUST001535,Lisa,Frederick,41,IL,2026-07-12,Green,irichardson@example.org,0,
CUST001536,Kristin,Jackson,66,GA,2023-03-06,Green,lucasglass@example.org,0,
CUST001537,Matthew,Smith,43,NC,2026-08-21,Gold,sleon@example.org,1,2025-06-01
CUST001538,Jason,Randolph,31,CA,2025-05-01,Gold,mark96@example.org,1,2025-05-01
CUST001539,Annette,Morgan,38,FL,2026-07-12,Gold,jessica63@example.com,0,
CUST001540,Robert,Wood,58,TX,2021-02-12,Green,jonesbill@example.com,0,
CUST001541,Kenneth,Watson,43,OH,2022-05-22,Gold,fayala@example.net,0,
CUST001542,Anne,Smith,49,MN,2026-07-30,Green,holsen@example.net,1,2025-05-01
CUST001543,Michael,Lopez,45,NY,2023-10-08,Gold,davidjones@example.org,0,
CUST001544,Robert,Berry,24,GA,2020-12-08,Platinum,allenwayne@example.com,0,
CUST001545,Russell,Bauer,46,WI,2024-06-08,Green,stephensonkimberly@example.org,0,
CUST001546,Mitchell,Walker,69,CA,2025-03-04,Gold,beckseth@example.com,0,
CUST001547,Paul,Horn,49,CA,2024-09-08,Platinum,ryan37@example.com,0,
CUST001548,Jeremiah,Murphy,60,GA,2025-03-14,Gold,cindy22@example.org,0,
CUST001549,Melvin,Brock,36,GA,2022-03-10,Green,eross@example.org,0,
CUST001550,Jeff,Jensen,23,PA,2021-01-12,Green,mortonbrittany@example.net,1,2025-07-01
CUST001551,Karl,Gutierrez,58,PA,2020-09-16,Gold,jill76@example.org,0,
CUST001552,Connie,Stevens,41,NY,2022-09-21,Green,richardselizabeth@example.com,0,
CUST001553,Melissa,Pope,50,MI,2026-09-03,Platinum,yolandatorres@example.com,0,
CUST001554,Lydia,Hall,47,MN,2024-08-07,Gold,kenneth66@example.org,1,2025-09-01
CUST001555,Jonathan,Castillo,37,CO,2023-04-16,Green,garciadonna@example.net,0,
CUST001556,Kathy,Brown,25,GA,2025-04-17,Gold,thomasleonard@example.com,1,2025-08-01
CUST001557,Charles,Blackburn,64,WA,2020-10-27,Green,brianhunter@example.com,0,
CUST001558,Sean,Green,64,WI,2024-12-06,Gold,aliciavazquez@example.net,1,2025-03-01
CUST001559,Christopher,Hill,35,AZ,2023-01-19,Gold,zwise@example.org,0,
CUST001560,Peter,Johnson,40,WA,2026-01-06,Green,paulschmidt@example.org,1,2025-06-01
CUST001561,Justin,Foster,66,CO,2021-03-19,Platinum,ccooper@example.org,0,
CUST001562,Joseph,Johnson,22,GA,2023-11-18,Gold,whitejimmy@example.net,0,
CUST001563,Jay,Jones,26,PA,2023-03-11,Green,elizabeth44@example.com,0,
CUST001564,Tammy,Smith,31,VA,2024-11-05,Green,hallrebecca@example.org,0,
CUST001565,Patrick,Romero,45,PA,2026-05-20,Green,paul68@example.net,0,
CUST001566,Donna,Velez,21,MI,2023-08-19,Platinum,rmartinez@example.com,0,
CUST001567,Sarah,Ferrell,46,TN,2023-10-04,Gold,jonathanlee@example.org,0,
CUST001568,Kelly,Hunt,44,FL,2024-08-03,Platinum,william77@example.net,0,
CUST001569,Michael,Donaldson,42,TN,2023-10-08,Gold,michaelhopkins@example.org,0,
CUST001570,Ronald,Aguilar,45,NJ,2021-09-04,Gold,randolphkimberly@example.org,1,2025-11-01
CUST001571,Michaela,Rodriguez,46,TX,2021-12-31,Green,pereztimothy@example.net,0,
CUST001572,William,Powell,28,AZ,2026-01-20,Platinum,lhill@example.net,0,
CUST001573,Jeffrey,Johnson,43,TN,2026-02-23,Green,bbarton@example.net,0,
CUST001574,Maria,Holt,36,WA,2025-04-24,Platinum,tammywilliams@example.com,0,
CUST001575,Ashley,Graves,33,MA,2026-04-22,Gold,bradymark@example.org,0,
CUST001576,Joshua,Pacheco,39,VA,2022-12-14,Gold,kenneth28@example.net,0,
CUST001577,Kevin,Campbell,36,AZ,2021-05-23,Green,dneal@example.com,1,2025-06-01
CUST001578,Ashley,Mitchell,23,NC,2024-03-27,Gold,julie81@example.com,0,
CUST001579,William,Foster,63,NY,2024-10-23,Gold,sherryadkins@example.com,0,
CUST001580,Peggy,Sloan,42,IL,2024-06-23,Gold,ronald62@example.org,0,
CUST001581,Sarah,Smith,36,IL,2023-11-14,Green,paulkatherine@example.net,0,
CUST001582,Evan,Anderson,26,OH,2022-12-12,Green,hgomez@example.net,1,2025-09-01
CUST001583,David,Perry,38,TN,2021-03-25,Gold,lopeznicole@example.com,0,
CUST001584,Yolanda,Schultz,29,TN,2024-08-11,Platinum,kathrynbutler@example.com,0,
CUST001585,Brandy,Marshall,49,MA,2024-08-10,Green,hannah43@example.org,1,2025-06-01
CUST001586,Gabrielle,King,36,PA,2024-05-01,Platinum,zcruz@example.net,0,
CUST001587,Jennifer,Ellis,44,VA,2026-07-11,Platinum,rwalker@example.org,0,
CUST001588,Jeffrey,Dixon,34,WA,2023-06-20,Green,jrodriguez@example.net,0,
CUST001589,Jordan,Miller,45,WI,2023-09-18,Gold,nmurphy@example.org,0,
CUST001590,Sara,Peterson,34,MI,2023-05-21,Green,brittanyrussell@example.com,0,
CUST001591,Amber,Chambers,51,MD,2022-11-21,Green,elizabeth77@example.net,0,
CUST001592,Anna,Wilson,34,GA,2023-04-26,Green,kfoster@example.org,0,
CUST001593,Elizabeth,Palmer,49,IL,2021-03-02,Green,nwoods@example.com,1,2025-09-01
CUST001594,Tanya,Perez,66,NC,2025-05-18,Green,dward@example.com,0,
CUST001595,Cameron,Peterson,59,MA,2022-03-02,Gold,ramirezanne@example.com,0,
CUST001596,Amanda,Garrett,58,VA,2020-09-29,Gold,vicki64@example.com,0,
CUST001597,Lisa,Rodriguez,55,GA,2021-05-09,Green,phillipevans@example.net,0,
CUST001598,Miranda,Robertson,46,MN,2021-03-21,Platinum,ymanning@example.net,0,
CUST001599,Janice,Cruz,53,OH,2022-01-18,Platinum,wmeyer@example.org,1,2025-03-01
CUST001600,Michael,Galvan,29,FL,2022-11-27,Gold,morgan68@example.org,0,
CUST001601,Erika,Moore,64,MD,2025-07-24,Green,jrivera@example.net,1,2025-11-01
CUST001602,Adam,Fowler,26,TN,2025-01-22,Gold,amygould@example.org,0,
CUST001603,Tina,Cooper,38,WA,2025-09-17,Green,sawyereddie@example.org,0,
CUST001604,Scott,Jones,22,WI,2023-09-10,Platinum,ocobb@example.org,0,
CUST001605,Kelli,Rice,30,MI,2022-03-02,Green,cortezjesus@example.com,0,
CUST001606,Kelly,Obrien,21,WA,2021-07-11,Green,qcruz@example.net,0,
CUST001607,Calvin,Watson,66,TX,2020-11-10,Green,ctaylor@example.net,0,
CUST001608,Jacob,Brown,65,PA,2025-10-24,Green,sanchezmichelle@example.net,1,2025-03-01
CUST001609,Diana,Mitchell,70,GA,2024-03-02,Green,martin96@example.org,0,
CUST001610,Sarah,Pratt,41,OH,2026-01-31,Platinum,paulgreen@example.net,0,
CUST001611,Joseph,Davidson,63,FL,2023-05-12,Gold,richardterri@example.com,0,
CUST001612,Ryan,Hunt,25,TN,2025-08-21,Gold,ddudley@example.net,0,
CUST001613,Marcus,Harper,44,MD,2025-03-06,Platinum,jennifer17@example.com,0,
CUST001614,Denise,Castaneda,69,MI,2022-02-21,Gold,velezchristopher@example.com,0,
CUST001615,Brian,Larson,33,TX,2026-04-09,Gold,matthewmorton@example.net,0,
CUST001616,Cassandra,Davis,66,MI,2024-03-18,Green,kristine92@example.org,0,
CUST001617,William,Williams,26,GA,2023-02-24,Green,garciaanne@example.com,0,
CUST001618,Emily,Martinez,39,IL,2022-10-14,Gold,monique16@example.org,0,
CUST001619,Candace,Foster,66,WA,2022-01-03,Platinum,elizabethmartin@example.net,1,2025-04-01
CUST001620,Ruben,Brooks,39,VA,2025-01-07,Green,taylorperez@example.com,1,2025-06-01
CUST001621,Charles,Rocha,46,MA,2025-07-13,Gold,andrew25@example.net,0,
CUST001622,Kelly,Owen,70,IL,2025-08-10,Green,johnwatts@example.com,1,2025-04-01
CUST001623,Ronald,Howell,38,PA,2022-02-08,Green,jasonthompson@example.com,0,
CUST001624,Jonathan,Fox,22,VA,2022-12-03,Gold,codyking@example.com,0,
CUST001625,Jennifer,Miranda,64,VA,2021-10-22,Platinum,maydevon@example.org,1,2025-04-01
CUST001626,Barbara,Johnston,47,NY,2024-03-15,Platinum,tammyrichardson@example.net,0,
CUST001627,Sue,Miller,63,MA,2024-07-19,Gold,tinawhitehead@example.net,0,
CUST001628,Ian,Freeman,36,WA,2023-10-14,Green,eferguson@example.org,0,
CUST001629,Steven,Bradford,43,FL,2021-11-21,Green,rogerssteven@example.net,0,
CUST001630,Nathan,Mathis,32,MI,2022-03-25,Gold,tracysmith@example.com,0,
CUST001631,Randall,Robinson,28,NC,2023-08-20,Platinum,randalllaura@example.net,1,2025-08-01
CUST001632,Jaclyn,King,59,GA,2026-01-04,Green,boltonchristine@example.com,0,
CUST001633,Joshua,Montgomery,66,CA,2021-09-20,Platinum,riverajeff@example.com,0,
CUST001634,Craig,Warren,46,CA,2021-09-25,Platinum,steven41@example.com,0,
CUST001635,William,Miller,59,PA,2022-10-29,Green,lpittman@example.net,0,
CUST001636,Crystal,Miller,48,OH,2021-06-21,Platinum,samanthaparker@example.com,1,2025-06-01
CUST001637,Joshua,Martinez,69,MI,2021-10-05,Gold,dustincraig@example.com,1,2025-06-01
CUST001638,Cameron,Garcia,30,WA,2022-03-02,Platinum,gina11@example.net,0,
CUST001639,Pamela,Morris,68,CA,2024-09-03,Gold,pboyd@example.net,1,2025-08-01
CUST001640,Christopher,Brown,56,MI,2025-07-26,Gold,andrea96@example.org,0,
CUST001641,Stacy,Blevins,61,PA,2024-07-09,Platinum,jroman@example.org,0,
CUST001642,Jennifer,Carpenter,57,GA,2022-04-13,Gold,sarah08@example.org,0,
CUST001643,William,Juarez,57,CO,2023-12-08,Green,christinabrown@example.org,0,
CUST001644,Rebecca,Salazar,66,MD,2024-12-03,Green,reesecynthia@example.org,1,2025-10-01
CUST001645,Christopher,Pierce,37,AZ,2026-03-01,Platinum,cwilliams@example.org,0,
CUST001646,Karla,Anderson,63,WI,2025-09-28,Green,dawnramos@example.com,0,
CUST001647,Pamela,Jenkins,43,NY,2022-03-14,Green,brendajordan@example.com,0,
CUST001648,Andrew,Butler,28,MI,2025-12-20,Green,ocole@example.net,0,
CUST001649,Michele,Fisher,23,WI,2026-08-18,Green,meredithbarber@example.net,0,
CUST001650,Melissa,Smith,59,CA,2025-03-01,Gold,jessicaharris@example.com,0,
CUST001651,Kathleen,Webb,36,FL,2021-11-09,Green,tara32@example.com,0,
CUST001652,Samantha,Evans,23,NJ,2024-08-21,Green,nicole08@example.org,0,
CUST001653,Mark,Green,34,VA,2025-04-06,Gold,bobby40@example.org,1,2025-10-01
CUST001654,Patricia,Mendoza,68,TX,2024-12-21,Green,vgonzalez@example.com,0,
CUST001655,Bonnie,Hill,47,WA,2021-06-12,Gold,rjones@example.com,0,
CUST001656,Sarah,Arnold,68,MN,2026-04-22,Gold,younganne@example.com,0,
CUST001657,Julia,Brown,35,NC,2026-03-07,Green,mjames@example.org,1,2025-10-01
CUST001658,Elizabeth,Bailey,54,TX,2026-01-14,Gold,orozcorobert@example.org,1,2025-06-01
CUST001659,Tamara,Taylor,43,AZ,2022-05-25,Gold,frank44@example.com,0,
CUST001660,Jill,Schneider,49,NJ,2025-06-28,Gold,donald89@example.net,0,
CUST001661,Jon,Perez,65,MD,2024-04-10,Green,stewartjuan@example.net,0,
CUST001662,Jennifer,Higgins,68,MA,2026-08-12,Platinum,kyle06@example.com,0,
CUST001663,Kathryn,Clark,53,CA,2025-07-20,Green,davidsonanthony@example.net,1,2025-11-01
CUST001664,Martin,Haas,64,OH,2023-12-28,Green,johnsonjason@example.com,0,
CUST001665,James,Jones,48,MD,2020-10-11,Gold,amymoody@example.org,0,
CUST001666,Robin,Bonilla,70,IL,2025-05-21,Platinum,vanessacastillo@example.org,0,
CUST001667,Sharon,Rogers,52,OH,2022-09-09,Green,jonathansharp@example.com,0,
CUST001668,Cassandra,Garcia,23,TN,2025-05-23,Green,janiceblankenship@example.net,0,
CUST001669,Emily,Love,37,PA,2025-04-19,Gold,halltyler@example.org,0,
CUST001670,Ashlee,Gaines,55,PA,2025-01-23,Platinum,jason74@example.net,0,
CUST001671,Christina,Carpenter,70,GA,2020-09-19,Gold,pattondonald@example.org,1,2025-11-01
CUST001672,Erin,Roy,55,NC,2025-08-18,Platinum,mary98@example.org,1,2025-08-01
CUST001673,Carrie,Grant,36,CA,2022-08-22,Green,kcarroll@example.com,0,
CUST001674,Joseph,Kline,31,VA,2025-08-30,Platinum,james90@example.org,0,
CUST001675,Joshua,Cervantes,43,AZ,2023-07-04,Green,crawfordbonnie@example.com,0,
CUST001676,Michelle,Jones,26,OH,2025-11-19,Gold,johnsonjamie@example.com,0,
CUST001677,Jason,Davis,61,MI,2021-03-02,Platinum,hernandezdanny@example.net,1,2025-06-01
CUST001678,Shirley,White,29,IL,2022-03-04,Green,joseph75@example.net,0,
CUST001679,Diane,Neal,64,CO,2023-05-27,Platinum,lisataylor@example.net,1,2025-10-01
CUST001680,Rachel,Simon,63,CO,2023-11-23,Gold,hebertkimberly@example.com,1,2025-02-01
CUST001681,Timothy,Cole,36,GA,2022-06-29,Green,christine88@example.org,1,2025-10-01
CUST001682,Michael,Anderson,21,MD,2026-01-14,Green,sheilarobbins@example.net,0,
CUST001683,Angela,Yates,65,MA,2026-07-21,Gold,lfarley@example.org,0,
CUST001684,David,Boyd,29,VA,2024-09-05,Green,juliaoneill@example.org,1,2025-04-01
CUST001685,Roger,Mckenzie,65,MI,2023-08-01,Gold,thoover@example.com,0,
CUST001686,Sharon,Gonzalez,29,IL,2021-01-21,Green,jeremy41@example.org,0,
CUST001687,Gavin,Davis,58,WI,2026-06-07,Green,bishopgrant@example.net,1,2025-11-01
CUST001688,Mark,Villanueva,36,NJ,2020-10-12,Green,shannonhernandez@example.org,0,
CUST001689,Frank,Mathis,61,FL,2022-04-11,Gold,michelle04@example.com,0,
CUST001690,David,Rivera,56,AZ,2022-03-10,Green,smithmary@example.org,0,
CUST001691,Brian,Barr,69,PA,2023-08-22,Green,jamiecantu@example.net,0,
CUST001692,Derrick,Nichols,64,IL,2022-04-26,Gold,catherine43@example.com,0,
CUST001693,Zachary,Ross,59,MA,2021-06-26,Green,klowery@example.net,1,2025-08-01
CUST001694,Jessica,Walters,70,WA,2021-06-06,Gold,gonzalezrobin@example.net,0,
CUST001695,Ryan,Jackson,34,FL,2026-03-14,Green,aramos@example.org,0,
CUST001696,Adam,Smith,65,MI,2024-12-20,Gold,ztorres@example.net,0,
CUST001697,Christopher,Dyer,21,VA,2023-01-13,Green,wyattsamuel@example.net,0,
CUST001698,Jonathan,Kline,52,OH,2023-01-23,Green,pagesue@example.net,0,
CUST001699,Benjamin,Atkins,23,CA,2024-08-30,Platinum,fware@example.com,0,
CUST001700,Kathleen,Combs,38,MI,2022-03-07,Green,garrettjackson@example.com,0,
CUST001701,Andrea,Hess,33,FL,2023-03-06,Gold,shortlucas@example.org,0,
CUST001702,Timothy,Stein,65,MI,2021-01-07,Gold,bsnyder@example.org,0,
CUST001703,Michael,French,49,FL,2024-10-13,Green,david84@example.com,0,
CUST001704,Catherine,Martin,31,NJ,2025-05-22,Gold,barreracharles@example.com,0,
CUST001705,Laura,Eaton,49,MA,2025-10-11,Gold,scott17@example.org,0,
CUST001706,Allen,Williams,57,VA,2021-08-01,Gold,adavis@example.org,0,
CUST001707,Tina,Flores,39,PA,2026-04-01,Green,bestheather@example.com,0,
CUST001708,Darryl,Orozco,56,TX,2025-06-15,Green,james65@example.org,0,
CUST001709,Pamela,Lewis,23,NY,2022-03-11,Platinum,heathermoreno@example.org,0,
CUST001710,Amy,Walters,50,CO,2026-06-09,Platinum,jeremiahbutler@example.org,0,
CUST001711,Eric,Mendoza,26,NJ,2023-05-06,Green,kbarnes@example.com,1,2025-04-01
CUST001712,Christopher,Smith,68,WI,2021-01-01,Green,brandon73@example.net,1,2025-05-01
CUST001713,Laura,Daniels,37,FL,2025-02-21,Gold,alice52@example.org,0,
CUST001714,Jared,Rivera,62,CO,2021-07-21,Gold,mcknightgabriel@example.org,1,2025-07-01
CUST001715,Heather,Crawford,48,CO,2023-10-04,Platinum,seth34@example.org,0,
CUST001716,Michael,Mckinney,33,TN,2021-08-27,Gold,christopher29@example.com,0,
CUST001717,Melanie,Richard,41,NY,2023-07-12,Gold,gregoryjackson@example.org,0,
CUST001718,Laura,Fitzpatrick,43,TX,2020-11-24,Gold,roger64@example.org,1,2025-04-01
CUST001719,Paul,Clark,62,MI,2024-11-01,Green,susanyoung@example.com,1,2025-05-01
CUST001720,Harold,Nelson,61,MN,2022-05-03,Gold,maria72@example.com,0,
CUST001721,Michael,Hall,67,NC,2026-01-29,Gold,christiewiggins@example.org,0,
CUST001722,Jeffery,Walker,62,GA,2025-01-20,Green,laura47@example.net,0,
CUST001723,Heather,Gonzales,26,IL,2024-10-30,Green,xhatfield@example.net,1,2025-07-01
CUST001724,Andrea,Christian,68,NY,2024-10-01,Green,paulbennett@example.org,0,
CUST001725,Jennifer,Smith,22,WA,2025-07-06,Gold,macklori@example.com,0,
CUST001726,Maurice,Miller,30,MI,2025-05-06,Green,bmendez@example.com,0,
CUST001727,Michael,Hall,44,PA,2022-04-27,Gold,jross@example.net,0,
CUST001728,Kenneth,Mcneil,61,MD,2026-04-27,Gold,roysamantha@example.org,0,
CUST001729,Kelly,Thomas,64,PA,2025-03-28,Green,hughesjennifer@example.com,0,
CUST001730,Dustin,Bennett,27,MI,2024-03-28,Green,sharonjohnson@example.net,0,
CUST001731,Elizabeth,Craig,68,MN,2026-08-16,Green,tmorris@example.org,1,2025-02-01
CUST001732,Alexis,Valdez,41,WA,2025-04-06,Green,brandonjohnson@example.org,0,
CUST001733,Robert,Pearson,32,VA,2021-10-21,Platinum,keith67@example.net,0,
CUST001734,Gina,Marks,41,GA,2023-01-27,Green,kimberlyfrye@example.com,1,2025-04-01
CUST001735,David,Rubio,44,IL,2022-02-24,Platinum,jason44@example.org,1,2025-06-01
CUST001736,Sara,Holden,56,VA,2022-07-19,Green,james18@example.org,0,
CUST001737,Kathryn,Rogers,37,GA,2022-07-10,Green,lkemp@example.com,0,
CUST001738,Garrett,Mitchell,24,CA,2024-04-03,Gold,gibsonstephanie@example.net,0,
CUST001739,Corey,Ramos,27,WI,2026-04-14,Green,gregolsen@example.org,1,2025-06-01
CUST001740,John,Kelley,61,WA,2024-01-10,Green,turnertiffany@example.org,0,
CUST001741,Christian,Whitney,24,OH,2021-10-07,Gold,ljones@example.net,0,
CUST001742,George,Graham,52,AZ,2024-08-24,Green,matthewjackson@example.com,0,
CUST001743,Melanie,Smith,52,PA,2023-12-13,Gold,nancy78@example.org,0,
CUST001744,Mark,Costa,40,MN,2021-09-08,Green,kathleenrivera@example.org,0,
CUST001745,Connor,Mccarthy,58,TX,2025-02-12,Green,riosmelissa@example.org,0,
CUST001746,Daniel,Cameron,30,GA,2023-10-29,Platinum,william09@example.com,1,2025-07-01
CUST001747,Larry,Garcia,31,IL,2021-11-27,Gold,mpeterson@example.net,0,
CUST001748,Tina,Escobar,49,WA,2025-12-11,Green,gregoryrangel@example.net,0,
CUST001749,Megan,Hunter,26,CA,2025-01-27,Green,wilsondavid@example.org,0,
CUST001750,Luis,Woods,49,CO,2022-02-20,Green,sharonjordan@example.net,0,
CUST001751,Michele,Burnett,33,OH,2022-03-17,Green,adamscott@example.net,0,
CUST001752,Gina,Miller,67,VA,2022-06-06,Gold,jenkinsjaime@example.org,0,
CUST001753,Nancy,Rhodes,21,CA,2024-01-10,Green,fnichols@example.com,0,
CUST001754,Robert,Jordan,60,MD,2022-06-17,Green,droberts@example.com,0,
CUST001755,Stephanie,Taylor,48,IL,2022-01-10,Green,ihart@example.com,1,2025-06-01
CUST001756,Melissa,Lewis,39,TX,2024-06-30,Green,vincentwells@example.com,0,
CUST001757,Madison,Davis,63,CA,2020-12-07,Green,andersondavid@example.org,0,
CUST001758,Jennifer,Smith,53,AZ,2023-11-20,Green,zrichardson@example.net,0,
CUST001759,John,Benton,42,TX,2025-08-12,Green,fcampos@example.org,1,2025-02-01
CUST001760,Jason,Byrd,49,NY,2025-07-17,Green,nicolewilliams@example.net,0,
CUST001761,Stephanie,Robinson,63,PA,2020-11-29,Green,ggreene@example.com,0,
CUST001762,Steven,Wright,67,PA,2022-04-30,Green,lberry@example.net,1,2025-10-01
CUST001763,Stephanie,Smith,45,MI,2022-07-22,Green,jefferyford@example.org,0,
CUST001764,John,Harding,21,MA,2025-10-11,Platinum,pmarsh@example.net,0,
CUST001765,Brandi,Crawford,57,VA,2022-11-15,Green,kristina65@example.com,0,
CUST001766,Eric,Little,57,OH,2024-10-18,Gold,sheri68@example.net,0,
CUST001767,Julie,Wong,51,TX,2021-05-22,Gold,coxmichael@example.org,0,
CUST001768,Cory,Reid,55,NJ,2026-09-10,Gold,katrinagreen@example.com,0,
CUST001769,Jose,Moore,54,MA,2024-05-27,Gold,luke13@example.org,1,2025-02-01
CUST001770,Peter,Hodges,48,TN,2023-09-02,Platinum,christianmelendez@example.net,0,
CUST001771,Leonard,Clark,61,IL,2024-10-25,Gold,matthewosborn@example.com,0,
CUST001772,John,Peterson,46,MN,2025-06-23,Green,jamie06@example.com,1,2025-02-01
CUST001773,Austin,Larson,60,TX,2026-01-14,Gold,tmcclure@example.net,1,2025-03-01
CUST001774,Mary,Mayer,24,NJ,2023-02-03,Gold,carolholloway@example.com,0,
CUST001775,Laura,Ortiz,59,MI,2026-08-11,Platinum,kendra48@example.org,0,
CUST001776,Sheri,Jackson,57,WI,2020-09-20,Green,ethan88@example.com,1,2025-10-01
CUST001777,Rebecca,Jackson,47,VA,2023-10-01,Gold,ujones@example.com,1,2025-04-01
CUST001778,Alexander,Wilson,51,IL,2024-03-11,Green,derekchandler@example.org,0,
CUST001779,Timothy,Reed,40,NJ,2026-05-02,Green,gambleheather@example.org,1,2025-04-01
CUST001780,Thomas,Jensen,54,NY,2021-05-22,Green,ashley91@example.net,0,
CUST001781,Alicia,Jacobs,33,GA,2020-12-28,Green,wperez@example.org,0,
CUST001782,Randy,Rice,64,MA,2024-12-31,Platinum,alexandrasimpson@example.com,0,
CUST001783,Karen,Pratt,65,TX,2020-09-17,Platinum,sherripark@example.com,0,
CUST001784,Daniel,Jones,30,WI,2023-10-28,Green,hmorris@example.net,0,
CUST001785,Jennifer,Hammond,44,TN,2024-04-29,Gold,davidromero@example.com,1,2025-05-01
CUST001786,Olivia,Pennington,58,AZ,2021-06-21,Platinum,justin60@example.com,0,
CUST001787,Eduardo,Robinson,44,MD,2023-05-24,Gold,carrienorris@example.com,0,
CUST001788,Victoria,Coleman,36,WI,2025-01-28,Green,samuelhuber@example.com,0,
CUST001789,Barbara,Morris,49,WA,2021-11-05,Gold,browndaniel@example.net,0,
CUST001790,Allison,Stewart,37,FL,2023-08-28,Green,rjones@example.net,0,
CUST001791,Maria,Johnson,35,PA,2022-03-31,Gold,benjaminwebb@example.org,0,
CUST001792,Maureen,Branch,33,TN,2023-11-28,Gold,hallryan@example.com,0,
CUST001793,Laura,Cruz,68,FL,2024-11-24,Green,tyler47@example.org,0,
CUST001794,Robert,Spence,35,NC,2024-04-24,Gold,jacobmoreno@example.org,0,
CUST001795,Leroy,Smith,62,FL,2025-04-24,Gold,christopherjohnson@example.org,0,
CUST001796,Samantha,Oconnell,33,MD,2026-04-13,Gold,michelle51@example.net,0,
CUST001797,Benjamin,Taylor,63,NC,2024-11-05,Green,schultztiffany@example.com,0,
CUST001798,Mark,Pacheco,66,CO,2025-06-05,Gold,bensonmaria@example.net,1,2025-11-01
CUST001799,Samantha,Sandoval,35,TN,2021-02-23,Green,eanderson@example.net,0,
CUST001800,Angelica,Little,50,GA,2026-01-27,Gold,ocurry@example.org,0,
CUST001801,Joseph,Rose,55,WI,2024-11-24,Gold,smithmelissa@example.org,0,
CUST001802,Maria,Clark,65,FL,2024-11-17,Green,icastro@example.org,0,
CUST001803,Robin,Mcknight,68,MD,2025-04-11,Gold,alexander69@example.com,0,
CUST001804,Laura,Kerr,58,WI,2021-04-01,Gold,klowery@example.org,0,
CUST001805,Sean,Johnson,26,AZ,2023-07-24,Green,john90@example.net,0,
CUST001806,Darren,Adams,64,TX,2023-05-02,Platinum,rose13@example.net,0,
CUST001807,Joanna,Rivera,49,IL,2026-01-08,Gold,ronaldhudson@example.org,0,
CUST001808,Ronald,Clayton,53,TN,2025-09-14,Platinum,bbradley@example.org,0,
CUST001809,Abigail,Brady,53,FL,2024-05-24,Gold,smartinez@example.com,1,2025-08-01
CUST001810,Karen,Thornton,61,MD,2021-10-07,Gold,iliu@example.net,1,2025-08-01
CUST001811,Brooke,Meadows,27,MA,2020-12-31,Gold,kelly33@example.org,1,2025-08-01
CUST001812,Amanda,Walsh,64,WA,2024-08-04,Green,qmaldonado@example.com,0,
CUST001813,Daniel,Gonzalez,55,PA,2024-06-20,Green,denisebell@example.net,0,
CUST001814,Nicole,Burns,33,WI,2021-06-21,Green,qsnyder@example.net,1,2025-06-01
CUST001815,Rebekah,Mullins,51,TX,2023-09-30,Green,olarson@example.org,0,
CUST001816,Whitney,Rice,29,VA,2022-01-22,Platinum,tracy35@example.com,0,
CUST001817,Ryan,Jackson,70,MN,2025-02-16,Gold,james80@example.com,0,
CUST001818,Misty,Arnold,24,WA,2021-04-07,Gold,scott67@example.org,1,2025-03-01
CUST001819,Jessica,Daniels,36,CA,2025-05-13,Green,johnodom@example.org,0,
CUST001820,Jennifer,Mahoney,44,CA,2025-07-14,Green,michaelbaker@example.org,0,
CUST001821,Angel,Williams,21,MN,2024-10-16,Green,allenkimberly@example.org,0,
CUST001822,Elizabeth,Mendoza,34,MA,2022-08-26,Platinum,jacksonnatalie@example.com,1,2025-06-01
CUST001823,Frank,Everett,40,FL,2024-06-29,Gold,jenniferkelley@example.com,0,
CUST001824,Allison,Wilson,66,IL,2024-11-29,Gold,umiller@example.com,1,2025-10-01
CUST001825,William,Sawyer,48,TX,2023-06-12,Gold,zmadden@example.com,0,
CUST001826,Steven,Harris,60,OH,2024-12-18,Platinum,lance40@example.org,0,
CUST001827,Joseph,Garcia,57,FL,2021-11-21,Green,tanyaflores@example.org,0,
CUST001828,Alexis,Montoya,67,VA,2026-07-18,Green,veronicathomas@example.net,0,
CUST001829,Mary,Richard,31,VA,2021-04-07,Gold,emily58@example.net,0,
CUST001830,Angela,Nguyen,68,NJ,2026-07-26,Gold,odavis@example.org,0,
CUST001831,Samantha,Hernandez,69,NY,2022-02-03,Platinum,rebecca58@example.net,0,
CUST001832,Marvin,Harrison,37,FL,2024-07-28,Platinum,qrichmond@example.net,0,
CUST001833,Michele,Torres,36,VA,2025-02-09,Platinum,richardsonkatrina@example.net,0,
CUST001834,Jessica,Herman,53,MD,2025-04-13,Gold,devans@example.com,1,2025-02-01
CUST001835,Mark,Kane,43,CO,2023-08-03,Gold,scott89@example.org,0,
CUST001836,Eduardo,Hammond,23,MN,2026-08-13,Green,jason92@example.org,0,
CUST001837,Valerie,Lee,43,FL,2026-01-31,Platinum,todd52@example.org,1,2025-11-01
CUST001838,Brian,Mcfarland,43,TN,2026-08-28,Platinum,victor70@example.com,0,
CUST001839,Matthew,Hamilton,41,MN,2023-09-01,Gold,douglasbrandon@example.net,0,
CUST001840,Heather,Walters,28,CA,2021-11-27,Gold,johnwilliams@example.net,0,
CUST001841,Randy,Brown,64,GA,2021-10-07,Platinum,teresa86@example.net,0,
CUST001842,Leah,Yu,37,VA,2021-09-30,Green,mcclainjames@example.net,1,2025-04-01
CUST001843,Kyle,Jenkins,33,MA,2022-10-14,Gold,hlee@example.net,0,
CUST001844,Sheila,Golden,22,WI,2024-12-17,Platinum,melaniebrown@example.org,1,2025-02-01
CUST001845,William,Potts,49,FL,2023-02-15,Green,hollydaniels@example.org,0,
CUST001846,John,Rosales,22,CO,2023-07-19,Green,rodgersandrea@example.org,0,
CUST001847,Gary,Horn,28,TX,2021-01-06,Platinum,robertford@example.org,1,2025-02-01
CUST001848,Brian,Hopkins,37,PA,2026-04-06,Platinum,tylercervantes@example.com,0,
CUST001849,John,Osborn,30,TN,2025-07-19,Green,vklein@example.com,0,
CUST001850,Veronica,Henson,39,WA,2024-01-21,Gold,bowengary@example.org,0,
CUST001851,Connor,Jones,30,WI,2024-12-25,Gold,howardmatthew@example.net,0,
CUST001852,Heather,Wood,37,TN,2025-04-19,Gold,toddthompson@example.com,0,
CUST001853,Dustin,Hunt,65,NC,2024-05-07,Gold,jennifer55@example.com,0,
CUST001854,Amanda,Hernandez,49,NY,2023-12-27,Gold,lisa13@example.net,0,
CUST001855,Tara,Robertson,22,NJ,2023-01-19,Gold,simmonsjeremy@example.com,1,2025-05-01
CUST001856,Tracy,Morrow,30,CO,2021-08-07,Gold,marcusmarquez@example.net,0,
CUST001857,Nicole,King,53,CO,2022-11-26,Green,deborah71@example.org,0,
CUST001858,Amy,Mcdonald,23,CA,2024-01-10,Green,tracy46@example.org,0,
CUST001859,Jermaine,Gordon,25,PA,2026-05-28,Green,obrewer@example.org,1,2025-11-01
CUST001860,Daniel,Morgan,60,MN,2026-04-23,Platinum,paigehebert@example.net,0,
CUST001861,Joyce,Carroll,46,CO,2026-08-30,Gold,amandaharding@example.com,1,2025-09-01
CUST001862,James,Medina,31,MA,2023-04-24,Gold,pwong@example.org,0,
CUST001863,Christopher,Ferguson,46,GA,2024-05-31,Platinum,whitneyscott@example.net,0,
CUST001864,Taylor,Moore,60,MD,2024-09-24,Green,wadams@example.net,1,2025-05-01
CUST001865,Antonio,Carpenter,25,VA,2023-08-14,Green,jennifer04@example.net,1,2025-10-01
CUST001866,Andrew,Reid,42,MD,2022-04-02,Green,evan41@example.net,0,
CUST001867,Sally,Chavez,34,MI,2024-07-04,Platinum,michael69@example.com,0,
CUST001868,Amy,Clark,29,WI,2024-04-02,Gold,esampson@example.org,0,
CUST001869,John,Phillips,60,CA,2024-03-26,Green,ross98@example.org,0,
CUST001870,Daniel,Gonzalez,34,PA,2020-10-20,Green,coxsean@example.net,0,
CUST001871,Lauren,Willis,44,MA,2021-09-09,Green,doyleconnor@example.net,0,
CUST001872,Bobby,Dunlap,42,WI,2024-12-26,Platinum,wendy85@example.net,0,
CUST001873,Brian,Hall,50,WA,2022-08-09,Green,ayalaraymond@example.com,0,
CUST001874,William,Richardson,43,NJ,2022-10-11,Platinum,arthur32@example.net,0,
CUST001875,John,Jones,21,NJ,2024-05-08,Platinum,brownalicia@example.net,0,
CUST001876,Casey,Curry,58,CO,2026-06-29,Platinum,deannasims@example.net,0,
CUST001877,Jessica,Solomon,42,GA,2020-10-25,Gold,porterchristian@example.com,0,
CUST001878,Stephanie,Thompson,22,GA,2021-01-03,Green,williamsmichael@example.net,1,2025-09-01
CUST001879,David,Gonzalez,50,MN,2024-08-13,Gold,wanda20@example.net,0,
CUST001880,Kimberly,Figueroa,23,IL,2024-10-21,Platinum,ysilva@example.com,1,2025-03-01
CUST001881,Bryan,Payne,67,IL,2025-08-12,Platinum,samantha30@example.com,1,2025-07-01
CUST001882,Tristan,Jackson,38,WA,2024-03-07,Green,igibson@example.org,1,2025-03-01
CUST001883,Felicia,Brown,38,TX,2024-12-07,Gold,annaduffy@example.net,0,
CUST001884,Daniel,Brown,53,NC,2025-01-21,Gold,williamlopez@example.net,0,
CUST001885,Pamela,Garza,43,WI,2024-04-13,Green,robin32@example.net,0,
CUST001886,Albert,Ray,57,MD,2021-05-04,Green,mnixon@example.org,0,
CUST001887,Jacqueline,Wiggins,58,IL,2020-11-05,Green,dwatson@example.org,1,2025-06-01
CUST001888,Brian,Gonzalez,65,CA,2023-08-21,Gold,danaramos@example.org,0,
CUST001889,Kevin,Jones,56,FL,2022-07-01,Green,dana58@example.org,0,
CUST001890,Christina,Schneider,33,AZ,2026-01-21,Gold,champton@example.com,0,
CUST001891,Breanna,Butler,61,WI,2024-09-03,Gold,turnerjay@example.net,0,
CUST001892,Steven,Delgado,61,FL,2024-10-15,Platinum,kbrown@example.org,0,
CUST001893,Martin,Reyes,44,MI,2025-02-04,Gold,npeterson@example.org,1,2025-10-01
CUST001894,Robert,Underwood,36,IL,2023-06-28,Gold,jeremybarnett@example.com,0,
CUST001895,Nancy,Calhoun,64,TX,2025-01-10,Green,xtucker@example.org,1,2025-08-01
CUST001896,Joe,Owens,40,NJ,2021-06-26,Green,dtucker@example.net,0,
CUST001897,Paul,Torres,68,VA,2026-07-08,Platinum,maryandrews@example.com,0,
CUST001898,Jessica,Houston,53,GA,2023-11-09,Gold,pattersonsarah@example.org,0,
CUST001899,Ronald,Newman,43,TN,2023-07-19,Green,candiceriggs@example.net,0,
CUST001900,Daniel,Ortega,66,WA,2026-08-27,Gold,adamstracy@example.net,0,
CUST001901,Jason,Phillips,42,CA,2023-07-08,Gold,karenforbes@example.com,0,
CUST001902,Anita,Obrien,66,NJ,2021-11-03,Platinum,carlareyes@example.org,0,
CUST001903,Sharon,Williams,63,NJ,2026-01-29,Platinum,joseph09@example.net,0,
CUST001904,Rebecca,Logan,51,MD,2023-10-18,Platinum,haasshawn@example.net,0,
CUST001905,Tammy,Smith,44,GA,2025-09-18,Gold,rachel63@example.net,0,
CUST001906,Mckenzie,Moore,36,VA,2023-06-02,Gold,williamskerry@example.net,1,2025-02-01
CUST001907,James,Martin,30,IL,2026-07-08,Green,mary92@example.org,0,
CUST001908,Eric,Ryan,34,NY,2025-07-14,Gold,eric31@example.com,1,2025-11-01
CUST001909,Isaac,Strickland,63,MA,2023-10-07,Gold,jonesmary@example.net,0,
CUST001910,Kevin,Benitez,46,MA,2025-12-01,Green,mnolan@example.net,0,
CUST001911,Laura,Mcdaniel,46,WI,2022-11-18,Green,sonya34@example.net,0,
CUST001912,Cynthia,Gonzalez,70,MI,2020-12-24,Gold,sellerskimberly@example.com,0,
CUST001913,Noah,Bowen,31,WI,2025-09-07,Green,nelsonderrick@example.net,1,2025-08-01
CUST001914,Shawn,Mann,25,IL,2025-05-28,Green,lloyddeanna@example.com,1,2025-06-01
CUST001915,Sabrina,Fuller,40,MI,2024-11-30,Green,fieldsdustin@example.com,0,
CUST001916,James,Spencer,37,WI,2021-01-14,Gold,heather55@example.net,0,
CUST001917,Robert,Riley,56,NJ,2021-09-16,Green,leekristin@example.com,0,
CUST001918,Michael,Pace,25,OH,2025-01-30,Green,brian65@example.com,1,2025-05-01
CUST001919,Robert,Lawson,58,TX,2026-08-28,Green,vmaldonado@example.org,0,
CUST001920,Misty,Murray,58,PA,2023-11-25,Gold,jeffreyhiggins@example.net,0,
CUST001921,Michael,Jones,40,WI,2025-01-04,Green,penningtonjeff@example.net,1,2025-09-01
CUST001922,Rebecca,Barnett,43,MA,2021-09-10,Gold,ashley32@example.com,0,
CUST001923,Walter,Cain,43,AZ,2022-03-23,Gold,morrisluke@example.com,0,
CUST001924,Colleen,Baird,67,TX,2024-08-18,Green,thomas53@example.com,0,
CUST001925,Melissa,Bruce,52,NJ,2026-03-10,Green,zrandolph@example.org,0,
CUST001926,Brent,Chavez,32,NC,2026-05-12,Gold,luiswilliams@example.com,0,
CUST001927,Patrick,Welch,37,TN,2026-05-11,Green,rosalesalexis@example.net,0,
CUST001928,Michael,Tucker,22,PA,2024-12-15,Green,lauragarcia@example.net,1,2025-05-01
CUST001929,Cynthia,Lewis,61,NC,2024-02-27,Green,stewartteresa@example.net,0,
CUST001930,Austin,Andrews,36,NY,2021-10-13,Green,brian36@example.net,0,
CUST001931,Christine,Dalton,34,CA,2024-10-26,Gold,mckaythomas@example.net,0,
CUST001932,Manuel,Brown,46,MA,2021-08-31,Green,msingh@example.org,0,
CUST001933,Anthony,Morales,33,MN,2026-08-05,Green,brendajohnson@example.com,0,
CUST001934,Willie,Ibarra,39,MD,2024-08-21,Green,sydneydavis@example.net,1,2025-10-01
CUST001935,Robert,Kelley,62,FL,2021-03-08,Green,jamesshort@example.net,1,2025-05-01
CUST001936,Tony,Ruiz,33,GA,2025-06-21,Gold,kennethnelson@example.com,0,
CUST001937,Christopher,Mendez,67,CA,2025-02-21,Platinum,jacob17@example.net,0,
CUST001938,Erika,Graves,29,MN,2024-04-23,Gold,mandy88@example.org,0,
CUST001939,Gloria,Downs,24,TX,2024-12-14,Green,maciasandrew@example.com,0,
CUST001940,Amanda,Stewart,25,WI,2024-04-05,Gold,sandersadam@example.org,0,
CUST001941,Ian,Yang,42,IL,2023-06-07,Platinum,sheila71@example.net,0,
CUST001942,Melinda,Stevens,21,OH,2021-03-05,Green,ybauer@example.com,0,
CUST001943,Jared,Snyder,38,TN,2022-06-12,Green,joshuastewart@example.com,0,
CUST001944,Alison,Murphy,62,NY,2021-11-02,Green,herrerajill@example.org,0,
CUST001945,Kelly,Brown,61,NJ,2023-03-04,Gold,mary72@example.com,0,
CUST001946,Luke,Brown,22,OH,2022-02-12,Green,griffinjason@example.net,1,2025-08-01
CUST001947,Melissa,Brooks,41,NJ,2022-02-18,Platinum,fhardy@example.org,0,
CUST001948,Emily,Mora,68,NY,2023-11-27,Green,david43@example.net,0,
CUST001949,Tina,Cole,62,CO,2024-11-27,Gold,brittany48@example.com,0,
CUST001950,Jennifer,Wells,46,MN,2023-08-20,Green,kerry22@example.org,0,
CUST001951,Erik,Lambert,64,NJ,2026-08-25,Green,chadalvarado@example.net,1,2025-06-01
CUST001952,Rebecca,Jones,32,CA,2026-08-18,Green,tonyareese@example.com,0,
CUST001953,Crystal,Cohen,47,CA,2022-12-24,Platinum,lori59@example.com,0,
CUST001954,Heather,Henderson,26,MN,2025-06-10,Green,jthomas@example.com,0,
CUST001955,Stephanie,Fuller,42,CO,2026-06-28,Green,david39@example.com,1,2025-07-01
CUST001956,Christian,Hodge,59,WA,2025-10-21,Green,raymondgarcia@example.org,0,
CUST001957,Samantha,Baldwin,37,MA,2024-03-26,Green,michaelcuevas@example.com,0,
CUST001958,Dustin,Washington,21,NY,2020-11-09,Green,jaime64@example.com,0,
CUST001959,David,Williams,41,WI,2022-11-30,Green,michael00@example.com,0,
CUST001960,Michele,Smith,62,NJ,2022-07-22,Platinum,tpope@example.net,0,
CUST001961,Ruben,Page,24,AZ,2024-11-27,Platinum,jordan43@example.net,0,
CUST001962,Tyler,Zamora,60,NJ,2023-06-23,Green,zjohnson@example.net,0,
CUST001963,Sandra,Ward,31,TX,2026-04-24,Platinum,sheilaburke@example.org,0,
CUST001964,Audrey,Washington,22,IL,2020-11-22,Green,michealjohnson@example.org,0,
CUST001965,Margaret,Robbins,34,IL,2022-01-01,Gold,sanchezbarry@example.net,0,
CUST001966,Maria,Cook,54,TX,2023-04-03,Platinum,matthewmarshall@example.org,0,
CUST001967,Ryan,Foster,43,VA,2024-10-09,Green,vincentlarson@example.org,0,
CUST001968,Ashley,Jenkins,48,VA,2021-05-12,Green,hermanharry@example.net,0,
CUST001969,Susan,Mitchell,55,WI,2020-10-23,Gold,diane29@example.org,0,
CUST001970,Mitchell,Stokes,56,IL,2025-06-09,Gold,brandidodson@example.com,0,
CUST001971,Dennis,Nguyen,63,MN,2026-04-08,Platinum,lrodriguez@example.org,1,2025-06-01
CUST001972,David,Rose,57,NJ,2021-01-09,Green,emilyball@example.org,0,
CUST001973,Joshua,Blevins,35,MN,2021-02-24,Green,gregoryschwartz@example.org,0,
CUST001974,Michael,Cochran,37,CO,2024-08-01,Green,tanner36@example.net,0,
CUST001975,Christina,Kelly,69,CA,2024-07-30,Green,donald78@example.org,0,
CUST001976,Kristina,Ortega,70,MI,2021-03-11,Green,lclark@example.com,1,2025-03-01
CUST001977,Kimberly,Moreno,62,TN,2023-08-28,Gold,kevin24@example.net,0,
CUST001978,Eric,Miller,66,MA,2021-10-05,Green,wallscynthia@example.com,0,
CUST001979,Michael,Chandler,56,NC,2023-06-26,Gold,andersonsteven@example.com,0,
CUST001980,Richard,Yang,44,MD,2022-06-23,Gold,joe37@example.com,1,2025-09-01
CUST001981,Angela,Long,54,NC,2021-07-28,Green,ysummers@example.org,0,
CUST001982,Daniel,Bailey,29,NC,2024-09-06,Gold,whitneyglen@example.com,0,
CUST001983,Angela,Sanchez,21,TN,2023-09-03,Platinum,anthony67@example.com,0,
CUST001984,Tina,Robertson,51,FL,2025-01-10,Green,kelseyperez@example.org,0,
CUST001985,Brett,Evans,62,VA,2020-12-14,Gold,lauren31@example.com,0,
CUST001986,Sheryl,Hawkins,30,GA,2024-07-14,Green,murphyryan@example.net,0,
CUST001987,Paul,Jones,46,TX,2024-09-12,Platinum,grantkyle@example.net,1,2025-04-01
CUST001988,Paul,Newton,22,MN,2023-04-20,Platinum,iallen@example.com,0,
CUST001989,Amy,Campbell,29,FL,2022-05-12,Platinum,quinnjohnny@example.com,0,
CUST001990,Richard,Baker,24,TN,2026-05-21,Green,uwood@example.com,0,
CUST001991,Virginia,Evans,53,OH,2022-09-07,Green,meyerjessica@example.org,1,2025-03-01
CUST001992,Justin,Gutierrez,56,PA,2024-06-10,Green,cmayer@example.org,0,
CUST001993,Deborah,Alexander,37,MN,2024-11-20,Green,carolyn33@example.com,1,2025-03-01
CUST001994,Richard,Perkins,44,IL,2024-09-25,Platinum,tclark@example.org,0,
CUST001995,Justin,Christensen,32,PA,2021-11-23,Gold,melaniephillips@example.com,0,
CUST001996,Darryl,Andrews,54,NY,2023-03-29,Green,jonathan10@example.com,0,
CUST001997,Lindsey,Santiago,43,GA,2023-07-11,Green,tina79@example.org,0,
CUST001998,Megan,Lindsey,49,CO,2021-02-25,Platinum,dmorgan@example.com,1,2025-11-01
CUST001999,Alexander,Moore,34,VA,2022-08-10,Green,hlowery@example.net,0,
CUST002000,Francisco,Reyes,45,MA,2026-06-16,Gold,smithchristopher@example.com,0,
CUST002001,Jeffrey,Hamilton,34,NJ,2020-11-22,Gold,joelsmith@example.net,0,
CUST002002,Daniel,Campbell,22,FL,2022-11-24,Gold,spayne@example.org,0,
CUST002003,Anna,Spence,63,NY,2022-10-20,Gold,lance88@example.org,0,
CUST002004,William,Johnson,25,WA,2020-10-01,Gold,gary35@example.org,0,
CUST002005,Jose,Mckee,64,VA,2023-11-01,Gold,shannonchristine@example.net,1,2025-09-01
CUST002006,Sarah,Williams,24,GA,2022-03-24,Green,jaimeolsen@example.org,1,2025-02-01
CUST002007,Patricia,Martinez,57,WA,2021-07-22,Platinum,whiteadrienne@example.com,0,
CUST002008,Robert,Mccarthy,47,WA,2025-08-06,Green,esmith@example.net,0,
CUST002009,Isabella,James,63,GA,2021-09-19,Green,robertklein@example.org,0,
CUST002010,Sherri,Ferguson,22,NC,2026-03-14,Gold,pjoseph@example.org,0,
CUST002011,Wendy,Choi,22,NC,2024-09-05,Platinum,christopherross@example.org,1,2025-05-01
CUST002012,Michele,Campbell,66,AZ,2026-01-04,Gold,dmiller@example.net,0,
CUST002013,Richard,Ruiz,36,GA,2024-06-10,Green,robertjackson@example.com,0,
CUST002014,Jamie,Lee,43,OH,2020-12-09,Platinum,ggarcia@example.net,1,2025-03-01
CUST002015,Michael,Thomas,41,AZ,2021-10-22,Platinum,kyle91@example.org,0,
CUST002016,Christine,Hess,62,NC,2025-09-30,Gold,harrismeredith@example.org,0,
CUST002017,Patricia,Brown,40,CO,2024-03-13,Green,wwilliams@example.com,0,
CUST002018,Michael,Daugherty,34,WI,2020-11-21,Green,jennifer16@example.net,0,
CUST002019,Laura,Gomez,31,CO,2024-09-18,Gold,johnsonjoshua@example.net,1,2025-09-01
CUST002020,Scott,Jenkins,70,NC,2026-06-24,Green,bjohnson@example.org,0,
CUST002021,Stephanie,Johnson,69,IL,2026-03-04,Green,pereztina@example.org,0,
CUST002022,Molly,Gardner,40,MI,2025-04-24,Platinum,karenparks@example.com,0,
CUST002023,James,Morse,26,NJ,2023-05-27,Gold,oroberts@example.com,0,
CUST002024,Randall,Pena,21,CO,2022-05-25,Gold,stephaniemiller@example.org,0,
CUST002025,Brooke,Lewis,36,PA,2026-01-21,Green,sball@example.com,0,
CUST002026,Christian,Powell,41,MN,2023-12-30,Green,natalie27@example.net,1,2025-09-01
CUST002027,Danielle,Elliott,59,MA,2025-11-27,Green,christopherramirez@example.com,0,
CUST002028,Sarah,Lawrence,34,WI,2020-10-05,Green,wdavis@example.com,0,
CUST002029,Jennifer,Mills,24,OH,2023-06-23,Gold,heather68@example.net,0,
CUST002030,Monique,Torres,68,VA,2023-01-11,Gold,tylerclark@example.com,0,
CUST002031,Gloria,Sanchez,23,MA,2025-07-20,Platinum,omeyer@example.org,0,
CUST002032,Brian,Lutz,32,AZ,2026-05-10,Platinum,michael30@example.net,0,
CUST002033,Emily,Boyd,29,MI,2024-04-19,Green,pmoore@example.net,0,
CUST002034,Michelle,Walker,64,NY,2026-05-09,Green,victoria94@example.com,0,
CUST002035,Misty,Rodriguez,28,IL,2021-12-22,Gold,richard70@example.org,0,
CUST002036,Kim,Smith,21,IL,2025-03-02,Green,laura04@example.org,0,
CUST002037,David,Vazquez,40,IL,2020-09-12,Platinum,fieldsgeorge@example.net,1,2025-11-01
CUST002038,Jeffrey,Carroll,53,VA,2025-06-15,Gold,zwagner@example.net,0,
CUST002039,Kathleen,Dominguez,27,PA,2022-08-10,Green,carla41@example.net,1,2025-03-01
CUST002040,Curtis,Barnes,50,WA,2026-08-18,Green,christophercollins@example.com,0,
CUST002041,Kimberly,Sanchez,26,AZ,2023-06-28,Green,melissa42@example.com,0,
CUST002042,Nicole,Wolf,42,WA,2021-03-22,Gold,kdavis@example.org,0,
CUST002043,Jason,Miller,42,CA,2025-11-26,Green,kwood@example.org,0,
CUST002044,Amanda,Randall,58,GA,2023-08-11,Platinum,lukehall@example.org,0,
CUST002045,Mark,Watson,33,NY,2025-01-14,Platinum,wilsonamanda@example.com,0,
CUST002046,Victor,Brown,23,IL,2025-04-15,Platinum,dustin49@example.org,0,
CUST002047,Kimberly,Marquez,53,MN,2023-08-08,Platinum,justin20@example.com,0,
CUST002048,Theresa,Spence,35,WI,2025-12-22,Gold,ndavis@example.org,0,
CUST002049,Amanda,Davis,48,FL,2023-12-18,Platinum,laurenrose@example.org,0,
CUST002050,Pamela,Murillo,67,NY,2024-08-17,Gold,westsarah@example.com,1,2025-10-01
CUST002051,Kevin,Taylor,24,NJ,2024-07-13,Gold,qhansen@example.org,0,
CUST002052,Nicole,Fisher,25,FL,2022-05-10,Green,mcoffey@example.org,0,
CUST002053,Christine,Pena,28,CO,2023-10-09,Gold,mitchelljason@example.net,0,
CUST002054,Matthew,Clark,29,MD,2022-02-16,Gold,phillipsbriana@example.org,0,
CUST002055,Keith,Avila,48,NY,2023-07-20,Gold,christopher36@example.com,0,
CUST002056,Larry,Frederick,32,GA,2023-05-19,Platinum,davidwashington@example.org,0,
CUST002057,Morgan,Jackson,64,TN,2021-02-24,Gold,harry17@example.net,0,
CUST002058,James,Maxwell,30,TN,2026-07-25,Green,xmorales@example.net,0,
CUST002059,Charles,Frank,53,FL,2026-03-17,Green,igonzalez@example.com,0,
CUST002060,Lori,Robinson,54,VA,2025-09-19,Platinum,briansnow@example.com,0,
CUST002061,Earl,Roberts,52,TX,2020-12-30,Platinum,colekathleen@example.net,1,2025-02-01
CUST002062,Carla,Mcknight,43,OH,2026-05-09,Green,louis49@example.net,1,2025-06-01
CUST002063,David,Vasquez,35,TX,2023-06-29,Green,shughes@example.org,0,
CUST002064,Brittney,Shaw,38,PA,2021-11-27,Green,adrian32@example.net,0,
CUST002065,Tiffany,Weaver,21,NC,2022-03-07,Green,amber17@example.com,0,
CUST002066,Lindsay,Evans,38,TX,2020-10-20,Platinum,markthomas@example.net,0,
CUST002067,Donna,Torres,23,OH,2022-09-14,Green,adamsbrittany@example.org,1,2025-11-01
CUST002068,Sandra,Benton,53,CA,2026-07-17,Gold,austinrowe@example.com,1,2025-11-01
CUST002069,Brooke,Arnold,47,TN,2023-05-23,Platinum,christinaruiz@example.com,0,
CUST002070,Joshua,Smith,44,NC,2021-07-17,Green,abeard@example.com,0,
CUST002071,Anna,Galvan,21,NJ,2025-10-01,Gold,gina67@example.org,1,2025-08-01
CUST002072,Andrew,Cruz,65,CA,2022-11-12,Gold,ybarnes@example.com,0,
CUST002073,Sharon,Oconnor,62,MA,2026-01-28,Green,ufloyd@example.org,1,2025-03-01
CUST002074,Julia,Brown,55,MI,2025-07-10,Green,vaughndennis@example.com,0,
CUST002075,William,Adams,56,NJ,2022-11-19,Green,dhernandez@example.org,0,
CUST002076,Laura,Butler,65,AZ,2020-10-10,Green,kevin59@example.org,0,
CUST002077,Russell,Espinoza,68,NC,2024-12-25,Green,ushepherd@example.com,0,
CUST002078,Andrew,Bell,46,AZ,2025-04-14,Green,herreraaaron@example.net,1,2025-11-01
CUST002079,Matthew,Hernandez,41,TN,2026-03-27,Green,timothyblake@example.net,1,2025-03-01
CUST002080,Zachary,Villanueva,47,WA,2024-08-04,Platinum,oliverronald@example.com,0,
CUST002081,Madison,Johnson,30,WA,2023-12-28,Gold,hortonlori@example.net,0,
CUST002082,Tracy,Patton,69,WA,2024-01-12,Platinum,fdyer@example.com,0,
CUST002083,Joshua,Moore,47,IL,2025-08-14,Platinum,roy48@example.com,0,
CUST002084,Jennifer,Smith,61,NY,2025-06-14,Green,tayloramanda@example.net,0,
CUST002085,Sandra,Simpson,36,MN,2022-08-24,Green,baileyronald@example.org,1,2025-08-01
CUST002086,Jacqueline,Steele,53,NC,2024-10-18,Platinum,stoneholly@example.net,0,
CUST002087,Kevin,Porter,65,MN,2022-02-24,Gold,payneandrea@example.net,0,
CUST002088,Maxwell,Wilson,67,WA,2022-09-15,Gold,boothamy@example.com,1,2025-03-01
CUST002089,Sonya,Parker,36,OH,2023-02-15,Platinum,alison68@example.com,0,
CUST002090,Laura,Hunter,63,FL,2023-02-08,Green,angela00@example.org,0,
CUST002091,Karen,Hunter,26,MN,2024-04-15,Gold,ljohnson@example.org,1,2025-04-01
CUST002092,Cristina,Davis,23,CA,2022-12-22,Green,kristensanders@example.net,0,
CUST002093,Diamond,Allen,46,TN,2023-12-13,Green,deborahshea@example.com,1,2025-09-01
CUST002094,John,Ayala,41,MA,2024-09-30,Green,gabrielluna@example.com,0,
CUST002095,Ryan,Miller,56,NJ,2020-12-27,Green,daniellereyes@example.net,0,
CUST002096,Richard,Morgan,50,WI,2024-02-13,Green,meyercynthia@example.org,0,
CUST002097,Austin,Rowe,21,CO,2024-12-01,Gold,peterweaver@example.com,0,
CUST002098,Tyler,Valdez,68,CO,2020-09-25,Gold,carolyn70@example.org,0,
CUST002099,Christopher,Gonzalez,53,NJ,2022-06-11,Gold,derrickferrell@example.org,0,
CUST002100,Carlos,Schmidt,58,TN,2024-07-02,Green,nicholassantos@example.org,0,
CUST002101,Russell,Dean,45,GA,2021-03-11,Green,heather94@example.com,0,
CUST002102,Sarah,Montoya,61,WA,2025-08-03,Gold,pughrichard@example.com,0,
CUST002103,Cole,Hughes,43,TX,2026-08-05,Green,garybarnes@example.org,0,
CUST002104,Tammy,Nunez,46,MD,2022-12-30,Gold,brandistevenson@example.com,0,
CUST002105,Hunter,Schwartz,38,MN,2023-11-05,Green,villaantonio@example.net,0,
CUST002106,Matthew,Evans,63,NJ,2023-01-01,Green,derrick73@example.org,0,
CUST002107,Patrick,Hansen,25,TN,2026-02-05,Gold,alara@example.com,0,
CUST002108,Leah,Morgan,63,GA,2024-02-17,Green,daniel44@example.net,0,
CUST002109,Dustin,Moore,60,NC,2024-10-30,Gold,darlenemiller@example.net,0,
CUST002110,Chelsea,Hayden,37,CO,2025-04-01,Green,donald01@example.net,0,
CUST002111,Angela,Bass,67,VA,2023-06-23,Green,jacksonamy@example.org,0,
CUST002112,Sharon,Norman,54,WI,2022-11-16,Gold,woodwardjoshua@example.org,0,
CUST002113,Kimberly,Pacheco,51,WI,2021-08-28,Gold,jeffrey57@example.net,1,2025-03-01
CUST002114,Angela,Bailey,35,IL,2026-09-03,Green,anthony95@example.net,0,
CUST002115,Robert,Shah,25,MD,2021-12-15,Gold,palmermatthew@example.com,0,
CUST002116,Kathleen,Williams,44,MD,2025-11-18,Gold,millerdaniel@example.com,0,
CUST002117,Stacey,Burgess,34,MD,2026-04-07,Gold,brownelizabeth@example.org,0,
CUST002118,David,Turner,31,VA,2023-03-30,Green,stokesrichard@example.com,0,
CUST002119,Kimberly,Carter,36,PA,2022-02-26,Gold,daisy53@example.org,0,
CUST002120,Sarah,Green,30,MA,2023-07-29,Platinum,saramiller@example.org,0,
CUST002121,Shannon,Smith,32,CA,2024-07-10,Green,patrickramirez@example.net,1,2025-08-01
CUST002122,Autumn,Hansen,41,WA,2023-09-13,Gold,thomasamy@example.net,0,
CUST002123,Joe,Salinas,44,AZ,2023-10-29,Green,mevans@example.net,0,
CUST002124,Madison,Snyder,28,AZ,2025-04-11,Gold,kingkarina@example.com,0,
CUST002125,Christy,Anderson,30,NC,2020-11-30,Green,ssmith@example.com,0,
CUST002126,Yvette,Wells,45,FL,2022-01-12,Gold,melinda45@example.com,0,
CUST002127,Diane,Butler,44,VA,2024-05-13,Gold,carlconway@example.net,0,
CUST002128,Harry,Cole,63,MD,2021-12-01,Platinum,melissa25@example.com,0,
CUST002129,Erik,James,54,MI,2026-04-26,Platinum,david63@example.com,0,
CUST002130,Carrie,Andrews,49,TX,2026-07-11,Platinum,wmurphy@example.com,0,
CUST002131,Elizabeth,Martinez,38,WA,2024-02-21,Platinum,timothyhale@example.org,0,
CUST002132,Jenna,Lewis,39,MA,2026-08-16,Green,mark39@example.net,0,
CUST002133,Cynthia,Griffin,65,FL,2022-10-27,Gold,gilesstephen@example.org,0,
CUST002134,Daniel,Dillon,49,CO,2021-05-11,Platinum,comptonjonathan@example.org,0,
CUST002135,Nicole,Glover,67,PA,2021-07-17,Green,charlesevans@example.com,0,
CUST002136,Luke,Mason,69,MD,2025-12-24,Gold,amy78@example.net,0,
CUST002137,James,Peck,30,NY,2024-02-14,Gold,johnhoward@example.org,0,
CUST002138,Monica,Pennington,64,IL,2022-01-05,Green,donaldhill@example.com,1,2025-09-01
CUST002139,Susan,Rojas,44,CO,2022-09-02,Gold,pwashington@example.org,0,
CUST002140,James,Fernandez,54,GA,2025-07-23,Gold,justin30@example.net,0,
CUST002141,Ryan,Thompson,60,VA,2026-04-17,Gold,rickylawson@example.net,0,
CUST002142,Alicia,Henry,54,NJ,2025-12-30,Green,ginawhite@example.net,1,2025-09-01
CUST002143,Kevin,Armstrong,45,NC,2021-02-01,Platinum,eadams@example.com,1,2025-04-01
CUST002144,Eric,Smith,22,TN,2024-02-13,Green,jessica15@example.org,0,
CUST002145,Melissa,Fuller,33,NY,2025-04-25,Platinum,higginserica@example.org,0,
CUST002146,Ashley,Lopez,57,NC,2023-04-29,Green,williampowers@example.org,0,
CUST002147,Dylan,Massey,24,WI,2023-08-05,Gold,robertperez@example.org,0,
CUST002148,Amy,Pham,32,MI,2020-12-10,Green,jameslewis@example.net,0,
CUST002149,Michael,Hunt,66,TN,2024-01-22,Gold,frivera@example.net,0,
CUST002150,Tiffany,Hall,38,NJ,2023-05-04,Gold,sthompson@example.com,0,
CUST002151,Brian,Collins,37,GA,2024-01-25,Green,victoriacollier@example.com,1,2025-11-01
CUST002152,Michael,Burgess,37,MA,2021-01-27,Gold,myerssherri@example.net,1,2025-05-01
CUST002153,Mark,Lee,26,MD,2024-01-26,Gold,roachalfred@example.com,0,
CUST002154,Christina,Myers,61,CO,2021-10-25,Green,gomezsuzanne@example.org,1,2025-09-01
CUST002155,Kimberly,Williamson,26,OH,2023-01-10,Green,greenana@example.net,1,2025-02-01
CUST002156,David,Key,29,AZ,2022-02-27,Green,daniel27@example.org,0,
CUST002157,Jeremy,Johnson,39,MN,2026-08-17,Green,danielthompson@example.com,0,
CUST002158,Javier,Brady,70,VA,2023-09-04,Platinum,williamspatricia@example.org,0,
CUST002159,Rachel,House,23,MA,2021-06-21,Green,melvinballard@example.org,0,
CUST002160,Brian,Allison,45,VA,2022-11-18,Platinum,jenniferbennett@example.com,0,
CUST002161,Mary,Gibbs,23,MI,2021-02-06,Gold,ewalters@example.net,0,
CUST002162,Jonathan,Estes,47,AZ,2022-04-27,Gold,april34@example.net,0,
CUST002163,Robert,Wright,62,MN,2025-10-15,Gold,hannahwhite@example.net,0,
CUST002164,Robert,Stone,37,VA,2023-02-25,Green,georgewhite@example.com,0,
CUST002165,John,Morrow,36,WA,2021-08-31,Platinum,patrickhoward@example.com,0,
CUST002166,Joshua,Little,58,IL,2024-05-13,Green,aaron74@example.net,0,
CUST002167,Larry,Smith,60,OH,2022-06-04,Platinum,fwilliams@example.com,0,
CUST002168,Hayley,Walker,66,WI,2024-12-27,Green,craigbennett@example.org,0,
CUST002169,Andrew,Wheeler,44,TX,2020-11-07,Green,xbennett@example.net,0,
CUST002170,Maria,Ramsey,63,OH,2020-10-26,Green,barryzoe@example.org,0,
CUST002171,Regina,Hanson,42,TX,2023-06-13,Gold,raymond34@example.org,0,
CUST002172,Cody,Hernandez,26,MA,2024-09-27,Green,ialexander@example.com,0,
CUST002173,Katherine,Robinson,45,WA,2025-06-24,Green,staffordmichael@example.org,0,
CUST002174,Patricia,Reyes,54,AZ,2025-11-13,Gold,usmith@example.net,0,
CUST002175,Jacob,Olson,52,NY,2024-12-02,Gold,michaelmartinez@example.net,0,
CUST002176,Kendra,Lambert,27,WI,2025-09-14,Green,watsonwilliam@example.com,1,2025-07-01
CUST002177,Sandra,Travis,57,MA,2022-01-23,Platinum,stacey26@example.com,0,
CUST002178,Matthew,Mccormick,50,AZ,2026-08-14,Gold,christina39@example.org,0,
CUST002179,Makayla,Garza,47,CO,2025-01-20,Green,lori45@example.net,0,
CUST002180,Christopher,Lopez,32,TX,2026-03-21,Gold,erivera@example.org,0,
CUST002181,Heather,Cooley,49,WA,2023-07-15,Green,desiree03@example.com,0,
CUST002182,James,Tucker,52,IL,2022-05-24,Gold,tknight@example.com,0,
CUST002183,Laura,Nguyen,53,NY,2021-10-19,Green,zmcdowell@example.net,1,2025-02-01
CUST002184,Joseph,Smith,63,GA,2022-11-21,Platinum,hreed@example.net,0,
CUST002185,Grant,Miles,68,OH,2025-10-12,Green,jduran@example.net,0,
CUST002186,Wendy,Ferguson,46,TN,2024-01-25,Green,michaelpreston@example.net,0,
CUST002187,Connie,Carroll,23,MI,2021-12-23,Green,christensentara@example.net,1,2025-07-01
CUST002188,Hannah,Fernandez,56,NJ,2026-08-18,Gold,lisa58@example.com,0,
CUST002189,William,Curtis,70,WA,2025-02-07,Green,william91@example.com,0,
CUST002190,Madison,Duncan,70,MA,2025-10-21,Gold,anthonymonica@example.com,0,
CUST002191,Kurt,Shah,28,TX,2022-10-09,Green,thomas86@example.com,0,
CUST002192,Angela,Schmidt,35,TX,2024-08-31,Gold,harringtonvalerie@example.org,0,
CUST002193,Chelsea,Lee,57,NY,2021-05-10,Green,nguyenbrandon@example.org,0,
CUST002194,Michael,Ward,27,CO,2022-04-06,Green,jsosa@example.com,0,
CUST002195,Elizabeth,Gomez,26,OH,2020-12-21,Green,angelanelson@example.com,1,2025-08-01
CUST002196,Stacey,Richardson,57,MA,2024-10-06,Green,daisy45@example.com,0,
CUST002197,Destiny,Collins,24,OH,2022-04-21,Gold,jcollier@example.net,0,
CUST002198,Michael,Lewis,66,NJ,2026-07-14,Platinum,unelson@example.org,0,
CUST002199,Isaiah,Nunez,51,CA,2026-06-28,Platinum,heather22@example.org,0,
CUST002200,Michael,Fuentes,56,AZ,2025-08-01,Platinum,mary72@example.com,0,
CUST002201,Holly,Reynolds,58,IL,2023-05-14,Green,smedina@example.com,0,
CUST002202,Brandon,Bowen,47,CA,2024-03-20,Gold,stephenford@example.net,0,
CUST002203,Stephanie,Campbell,61,IL,2020-09-29,Green,sfreeman@example.org,0,
CUST002204,Kurt,Martinez,41,NJ,2025-03-04,Platinum,darrenoconnor@example.org,0,
CUST002205,Lisa,Hunter,33,MD,2025-12-23,Platinum,kimberlychambers@example.com,0,
CUST002206,Justin,Bell,21,PA,2025-12-28,Gold,ymiles@example.com,0,
CUST002207,Michelle,Moody,55,NC,2022-11-16,Platinum,vsmith@example.com,0,
CUST002208,Charles,Warren,54,NC,2023-01-18,Gold,karen82@example.org,0,
CUST002209,Cody,Gilbert,26,NJ,2026-03-25,Gold,walkerkristina@example.org,0,
CUST002210,Sarah,Perry,45,NC,2022-03-10,Green,jessebrooks@example.org,0,
CUST002211,Kevin,Berry,63,MI,2023-01-15,Platinum,golson@example.org,0,
CUST002212,Cynthia,Holmes,56,WA,2026-03-12,Gold,nicole95@example.com,0,
CUST002213,Lisa,Calhoun,53,AZ,2023-05-16,Gold,mccartyaaron@example.net,0,
CUST002214,Christopher,Ibarra,64,CA,2022-05-02,Green,laura71@example.com,0,
CUST002215,Rachel,Griffith,40,MI,2023-10-25,Gold,williamsmary@example.net,0,
CUST002216,Kathryn,Fleming,36,WA,2024-08-03,Green,wagnerstephanie@example.com,0,
CUST002217,Erika,Hubbard,48,TN,2021-01-24,Gold,bradley43@example.net,0,
CUST002218,Jennifer,Cooper,37,MI,2022-12-26,Green,nhall@example.org,0,
CUST002219,Christopher,Hughes,33,IL,2023-05-19,Green,rachel03@example.net,1,2025-05-01
CUST002220,Emily,Butler,24,OH,2024-07-13,Green,wrighteric@example.net,0,
CUST002221,Sandy,Thompson,55,VA,2022-02-19,Gold,mooreanthony@example.org,0,
CUST002222,Steven,Jackson,50,CO,2026-06-04,Platinum,michael52@example.com,0,
CUST002223,Samantha,Gardner,66,WI,2023-11-16,Green,michaelgray@example.org,0,
CUST002224,Daniel,Hanson,30,VA,2022-07-12,Green,theresa33@example.com,1,2025-08-01
CUST002225,Matthew,Fitzpatrick,42,OH,2026-07-23,Gold,dianemorgan@example.net,0,
CUST002226,David,Davis,50,TN,2024-04-22,Green,wsanchez@example.org,0,
CUST002227,Courtney,Davis,63,CA,2023-12-15,Green,daviscrystal@example.com,0,
CUST002228,John,Page,67,NJ,2023-08-08,Green,tiffanykirby@example.net,0,
CUST002229,Scott,White,21,TN,2024-10-24,Green,twalker@example.com,0,
CUST002230,Michelle,Brown,25,AZ,2024-08-10,Platinum,vparker@example.org,0,
CUST002231,Marissa,Gibson,57,NJ,2022-03-29,Green,zavalaholly@example.org,0,
CUST002232,Matthew,Adams,23,NC,2021-06-09,Gold,christopherbird@example.com,1,2025-03-01
CUST002233,Lindsay,Martin,35,MA,2026-03-02,Green,xgonzales@example.com,0,
CUST002234,Kevin,Sanchez,39,OH,2024-06-05,Platinum,dawnjimenez@example.com,0,
CUST002235,Ryan,Garcia,66,OH,2023-03-12,Green,mindy00@example.org,0,
CUST002236,Danny,Wade,58,MN,2023-03-18,Gold,hector63@example.net,0,
CUST002237,Jerome,Mercado,50,WA,2022-03-13,Green,bjames@example.com,0,
CUST002238,Theodore,Wagner,67,MA,2025-09-10,Green,aaron05@example.org,0,
CUST002239,Larry,Thompson,34,OH,2025-08-22,Green,kristen92@example.org,1,2025-04-01
CUST002240,Isaac,Hayden,24,PA,2026-06-07,Green,brownalicia@example.net,0,
CUST002241,Dana,Garcia,48,FL,2022-08-30,Green,paigeturner@example.net,0,
CUST002242,John,Moore,24,IL,2023-09-11,Gold,brandon48@example.org,1,2025-11-01
CUST002243,Antonio,Collins,25,MN,2023-04-10,Gold,william93@example.com,0,
CUST002244,Amanda,Jennings,52,PA,2023-12-12,Green,michael28@example.org,0,
CUST002245,Steve,Boyd,21,TN,2024-06-02,Gold,brownbenjamin@example.net,0,
CUST002246,Margaret,Williams,68,PA,2026-07-26,Green,gonzalezbeverly@example.com,0,
CUST002247,Sandra,Carlson,52,GA,2025-06-08,Gold,vtapia@example.org,0,
CUST002248,Cindy,Duncan,64,MI,2025-05-08,Platinum,andersonsteven@example.org,0,
CUST002249,Elizabeth,Alexander,34,TN,2022-11-22,Gold,megantorres@example.com,1,2025-10-01
CUST002250,Stephen,Ramirez,31,IL,2022-04-17,Green,istevens@example.org,0,
CUST002251,Frank,Manning,70,OH,2025-02-22,Green,sandrastone@example.net,0,
CUST002252,Paul,Palmer,54,FL,2024-11-24,Green,tstone@example.org,0,
CUST002253,Nicholas,Leblanc,50,FL,2026-04-04,Green,dominguezmatthew@example.com,0,
CUST002254,Rebecca,Harris,33,TX,2023-01-19,Gold,jeffrey27@example.org,0,
CUST002255,Jennifer,Miranda,24,AZ,2021-02-17,Platinum,sullivanjames@example.com,0,
CUST002256,Tristan,Mcdonald,35,NC,2024-01-08,Green,williamsdanny@example.org,0,
CUST002257,Annette,Hartman,66,MA,2020-09-28,Gold,courtneykirk@example.com,0,
CUST002258,Natalie,Green,64,AZ,2024-07-23,Green,ejordan@example.org,0,
CUST002259,Steve,Edwards,30,CA,2024-12-04,Platinum,rachelwilliams@example.com,0,
CUST002260,Alexandra,Baker,65,IL,2024-07-26,Green,arussell@example.com,0,
CUST002261,Jake,Gordon,23,PA,2024-08-19,Green,tchang@example.net,0,
CUST002262,Leonard,Taylor,49,MI,2021-09-02,Green,irobinson@example.net,0,
CUST002263,Audrey,Thomas,69,GA,2025-04-27,Green,mullinssydney@example.net,0,
CUST002264,Sarah,Harding,58,NJ,2025-05-25,Green,zacharybutler@example.org,0,
CUST002265,Edward,Nelson,66,TN,2024-07-09,Platinum,rsmith@example.com,0,
CUST002266,Jaime,Cruz,67,IL,2026-02-05,Gold,marie13@example.org,0,
CUST002267,John,Randolph,40,NC,2022-07-18,Green,david16@example.com,0,
CUST002268,Sandra,Martinez,41,TN,2026-01-08,Gold,porterwayne@example.com,1,2025-11-01
CUST002269,Henry,Sanchez,34,IL,2020-11-08,Gold,lvincent@example.net,0,
CUST002270,Nicole,Mejia,63,GA,2021-02-06,Green,angela18@example.com,0,
CUST002271,Jessica,Paul,46,CA,2022-12-29,Platinum,turnermatthew@example.com,1,2025-06-01
CUST002272,Christopher,Anderson,41,WA,2021-03-12,Green,sturner@example.net,0,
CUST002273,Marie,Smith,30,MI,2024-07-05,Gold,marissawalker@example.com,0,
CUST002274,Susan,Sosa,35,TN,2022-11-17,Green,martinevans@example.net,0,
CUST002275,April,Whitehead,65,TX,2023-01-07,Gold,jcraig@example.com,0,
CUST002276,Sandra,Campbell,33,MA,2024-01-13,Platinum,ayerssamuel@example.org,0,
CUST002277,Colleen,Francis,30,PA,2024-10-20,Gold,vanessawilson@example.org,1,2025-09-01
CUST002278,Amy,Hickman,48,NJ,2026-02-03,Green,michaelwebb@example.net,0,
CUST002279,Lindsey,Gibson,64,WA,2021-03-02,Gold,garciamatthew@example.org,1,2025-08-01
CUST002280,Amy,Lloyd,28,CA,2023-04-18,Gold,brentalexander@example.com,0,
CUST002281,Gabriel,Taylor,43,FL,2023-03-02,Green,theresa74@example.com,0,
CUST002282,Carlos,Weaver,63,OH,2021-11-19,Gold,npetty@example.org,0,
CUST002283,James,Flores,62,MD,2021-06-30,Green,austinfranklin@example.com,0,
CUST002284,Mary,Hansen,54,TX,2022-08-26,Platinum,parkerchad@example.net,0,
CUST002285,Pamela,Dodson,39,CO,2024-12-23,Green,ugarcia@example.net,0,
CUST002286,Ashlee,Gilbert,43,NY,2024-11-06,Green,ymccullough@example.com,0,
CUST002287,Chelsea,Watson,69,CO,2023-03-01,Platinum,pricegeorge@example.net,1,2025-03-01
CUST002288,Joshua,Moreno,26,OH,2021-10-30,Green,brittanycohen@example.net,1,2025-07-01
CUST002289,Tracy,Velazquez,52,NC,2022-06-28,Gold,adam53@example.org,0,
CUST002290,Marie,Vaughan,40,MN,2024-11-27,Platinum,bchang@example.org,0,
CUST002291,Courtney,Johnson,58,TN,2023-11-18,Gold,sierraarnold@example.net,1,2025-08-01
CUST002292,Christopher,Tapia,69,TX,2024-01-13,Platinum,mmcgee@example.org,0,
CUST002293,Michael,Wagner,33,IL,2023-09-30,Green,kathryn14@example.com,0,
CUST002294,Amanda,Gutierrez,51,NC,2025-08-14,Green,lcollins@example.net,0,
CUST002295,Kayla,Alvarado,70,GA,2024-06-14,Gold,william84@example.org,0,
CUST002296,Laura,Alvarado,58,MI,2025-10-02,Green,william78@example.org,0,
CUST002297,Brittany,Garza,23,WI,2020-09-23,Platinum,rhonda23@example.net,0,
CUST002298,David,Payne,59,FL,2023-10-03,Gold,josearias@example.net,0,
CUST002299,Samantha,Huffman,21,VA,2025-09-14,Gold,jessicamelton@example.org,1,2025-03-01
CUST002300,Shelia,Ali,33,IL,2023-09-02,Gold,kathrynmartinez@example.net,0,
CUST002301,Rebecca,Dominguez,63,MI,2023-06-25,Gold,robertwatkins@example.com,0,
CUST002302,Curtis,Clark,24,PA,2024-12-06,Green,rhenry@example.org,0,
CUST002303,Jermaine,Turner,42,VA,2025-02-14,Green,jamesrandall@example.net,0,
CUST002304,Julie,Schroeder,49,CO,2024-05-11,Green,duncanmichael@example.net,0,
CUST002305,Samantha,Hughes,36,NJ,2023-07-15,Green,tyler92@example.net,0,
CUST002306,Amanda,Cole,68,VA,2024-09-07,Gold,julie25@example.com,0,
CUST002307,Robin,Cole,32,FL,2024-01-22,Green,walkerrobyn@example.org,0,
CUST002308,Ronnie,Hall,40,TX,2025-01-13,Platinum,jillian09@example.com,0,
CUST002309,Arthur,Smith,67,TN,2023-07-20,Green,fostercassandra@example.org,1,2025-09-01
CUST002310,Justin,Lee,50,FL,2023-03-23,Green,benjaminhamilton@example.org,0,
CUST002311,Katherine,Carson,68,TN,2021-01-04,Platinum,mcclurekaren@example.org,1,2025-08-01
CUST002312,Crystal,Ward,28,PA,2021-11-09,Gold,derrickhill@example.com,0,
CUST002313,Dalton,Mathis,59,WA,2021-06-30,Green,wilkinsonkim@example.net,0,
CUST002314,Tracey,Hernandez,50,CA,2023-11-21,Gold,lfernandez@example.org,0,
CUST002315,Daniel,Levine,23,CA,2025-02-01,Green,simmonstony@example.com,0,
CUST002316,Omar,Mcfarland,53,WI,2025-05-08,Green,huntblake@example.com,0,
CUST002317,Lynn,Collins,27,AZ,2022-06-30,Platinum,tina24@example.org,0,
CUST002318,Zachary,Bell,62,IL,2025-09-17,Platinum,riggsrobert@example.org,0,
CUST002319,Kyle,Brown,47,WI,2025-07-31,Gold,pmorris@example.net,0,
CUST002320,Wanda,Thompson,43,TX,2025-10-11,Green,smccoy@example.com,0,
CUST002321,Laura,Jones,44,PA,2021-05-29,Gold,ashleyfoster@example.com,0,
CUST002322,Alyssa,Sosa,44,PA,2023-12-29,Green,usanders@example.org,0,
CUST002323,Joshua,Tucker,63,TX,2025-12-06,Green,vyoung@example.com,0,
CUST002324,Clifford,Garcia,42,NY,2023-09-15,Platinum,kingjoel@example.net,1,2025-02-01
CUST002325,Pamela,Pierce,62,CO,2026-07-08,Green,xoliver@example.com,0,
CUST002326,Kayla,White,40,IL,2026-08-11,Green,rachel49@example.org,0,
CUST002327,Cassandra,Jacobs,37,FL,2025-02-05,Gold,jbryan@example.org,0,
CUST002328,Jillian,Winters,27,GA,2021-02-09,Gold,danielgutierrez@example.com,0,
CUST002329,Maria,Cook,28,IL,2022-01-26,Gold,angelnolan@example.org,0,
CUST002330,Stephanie,Williams,52,NC,2023-04-28,Green,zachary90@example.org,1,2025-09-01
CUST002331,Christopher,Bailey,55,TN,2022-06-14,Green,obrewer@example.org,0,
CUST002332,Maria,Maynard,28,NJ,2025-05-29,Green,carly41@example.net,0,
CUST002333,Brandon,Liu,50,GA,2024-08-07,Green,scottallison@example.org,0,
CUST002334,Amber,Ochoa,31,WI,2020-12-01,Green,katherinemartinez@example.org,0,
CUST002335,Mario,Jones,55,CA,2022-09-11,Platinum,traviscarr@example.com,0,
CUST002336,Alexis,Dudley,53,NC,2023-04-22,Gold,pbrown@example.com,0,
CUST002337,Juan,Dennis,44,OH,2025-07-03,Gold,oholt@example.net,0,
CUST002338,David,Lewis,39,WA,2025-06-09,Green,amysullivan@example.com,0,
CUST002339,Misty,Freeman,56,OH,2025-04-15,Gold,roblesjessica@example.net,0,
CUST002340,James,Kelly,29,GA,2022-02-15,Green,vickiebush@example.net,1,2025-08-01
CUST002341,Rachael,Nunez,67,TN,2021-06-07,Green,gary23@example.com,0,
CUST002342,Dana,Krause,53,GA,2022-09-28,Gold,joshuataylor@example.com,0,
CUST002343,Brandon,Tate,27,NY,2025-11-30,Gold,mwatson@example.org,0,
CUST002344,Amy,Gomez,27,CA,2022-11-11,Platinum,katie03@example.org,1,2025-02-01
CUST002345,John,Cooper,52,WI,2023-06-24,Platinum,josephjones@example.net,0,
CUST002346,Michael,Knight,34,GA,2024-07-17,Green,sherry20@example.net,0,
CUST002347,Lisa,Taylor,26,PA,2024-03-15,Green,kendra59@example.com,0,
CUST002348,Christian,Holland,30,NC,2026-03-31,Green,shannongregory@example.com,0,
CUST002349,Sara,Stevens,22,AZ,2023-12-13,Green,gabrielthompson@example.com,1,2025-10-01
CUST002350,Mark,Freeman,46,MN,2024-12-02,Gold,veronica20@example.net,0,
CUST002351,Susan,Flores,54,FL,2022-06-02,Green,kjohnson@example.net,0,
CUST002352,Kenneth,White,39,WI,2022-12-05,Green,taylorbarker@example.com,0,
CUST002353,Adam,Marshall,28,TX,2023-09-06,Gold,justingreen@example.net,0,
CUST002354,Kathryn,Murphy,63,WI,2023-12-12,Platinum,jamesadkins@example.org,1,2025-04-01
CUST002355,Kevin,Robinson,34,GA,2020-11-08,Platinum,ubowers@example.net,0,
CUST002356,Rebecca,Miller,36,MN,2021-07-14,Green,currymartin@example.org,0,
CUST002357,Jon,Elliott,70,MD,2024-05-28,Green,vbishop@example.org,1,2025-02-01
CUST002358,Amanda,Chase,66,CA,2025-04-27,Green,carlsonjason@example.org,0,
CUST002359,Alec,Reynolds,36,TX,2024-07-02,Green,foxstephanie@example.com,0,
CUST002360,Kevin,Hall,59,NJ,2025-08-16,Platinum,rhuff@example.org,0,
CUST002361,Christy,Smith,27,CA,2020-12-15,Green,dixontonya@example.net,0,
CUST002362,Alicia,Freeman,34,MN,2025-12-25,Gold,erikamiller@example.com,0,
CUST002363,Kendra,Park,70,PA,2026-01-13,Gold,mark32@example.com,0,
CUST002364,Pamela,Johnson,40,NJ,2022-10-05,Gold,dhernandez@example.com,0,
CUST002365,Joseph,Reyes,26,MA,2026-01-24,Platinum,fvaughn@example.net,0,
CUST002366,Stephanie,Rich,58,PA,2025-05-22,Green,daviddelacruz@example.com,0,
CUST002367,Elizabeth,Townsend,21,NJ,2023-10-19,Green,johnsonsharon@example.org,1,2025-08-01
CUST002368,Stephen,Hodge,47,AZ,2021-03-17,Gold,charlesshawn@example.org,0,
CUST002369,Breanna,Green,23,TX,2026-06-19,Green,smiranda@example.org,0,
CUST002370,Brenda,Hill,36,IL,2026-08-30,Green,swarner@example.com,0,
CUST002371,Judy,Evans,67,MD,2021-02-22,Green,michellephillips@example.net,0,
CUST002372,Terry,Stanley,64,PA,2022-04-15,Green,robert06@example.com,0,
CUST002373,Michelle,Duran,30,VA,2022-04-19,Green,matthew12@example.net,0,
CUST002374,Carl,Tanner,70,IL,2020-11-22,Green,michael52@example.net,0,
CUST002375,Amanda,Patel,34,OH,2025-07-06,Platinum,sarahnorton@example.com,1,2025-07-01
CUST002376,Anthony,Bailey,35,NJ,2025-12-23,Green,ttaylor@example.net,0,
CUST002377,Rita,Fry,66,TX,2026-04-26,Green,uhawkins@example.net,0,
CUST002378,Kirsten,Foster,21,CO,2026-09-06,Gold,rramos@example.org,0,
CUST002379,Jennifer,Foley,23,CO,2026-09-10,Platinum,angela35@example.com,0,
CUST002380,Ryan,Lewis,54,NJ,2025-08-24,Gold,laura74@example.org,0,
CUST002381,Elizabeth,Santiago,25,MN,2025-09-30,Platinum,turnerdavid@example.org,0,
CUST002382,Joshua,Wells,61,TX,2025-04-29,Green,fergusonsarah@example.org,1,2025-05-01
CUST002383,Jeremy,Miller,33,CA,2023-01-04,Green,rrichardson@example.org,0,
CUST002384,Carol,Hodge,44,AZ,2026-08-13,Platinum,johnsonkenneth@example.net,0,
CUST002385,Douglas,Reid,26,VA,2023-03-26,Platinum,fbaker@example.com,1,2025-03-01
CUST002386,Jesse,Garrett,58,PA,2023-12-26,Green,morriskenneth@example.com,1,2025-11-01
CUST002387,William,Sanchez,52,CO,2026-02-25,Gold,alison35@example.org,0,
CUST002388,Nicole,Turner,29,NC,2020-12-18,Green,sierrajames@example.com,0,
CUST002389,Ashley,Maldonado,65,MI,2025-06-02,Green,daniel43@example.com,0,
CUST002390,Kyle,Golden,24,MA,2022-05-30,Gold,robinbailey@example.net,0,
CUST002391,Belinda,Poole,64,WI,2022-08-14,Gold,tinahenson@example.org,0,
CUST002392,Timothy,Schmidt,31,AZ,2025-09-22,Green,erica34@example.org,1,2025-04-01
CUST002393,Peter,Robinson,45,MD,2026-01-27,Green,dylan45@example.com,0,
CUST002394,Leslie,Oliver,40,WI,2024-03-24,Platinum,hollandjennifer@example.com,0,
CUST002395,Laurie,Snyder,55,FL,2024-03-28,Gold,ericquinn@example.com,0,
CUST002396,Christopher,Wong,25,NC,2021-10-17,Gold,ystevens@example.net,1,2025-11-01
CUST002397,Ricardo,Mack,69,GA,2025-06-13,Green,johnsonmaria@example.net,0,
CUST002398,Tina,Hanna,36,OH,2022-08-01,Gold,brandi08@example.org,1,2025-04-01
CUST002399,Steven,Guzman,58,MA,2021-11-29,Green,darrylevans@example.net,1,2025-10-01
CUST002400,Jack,Lucas,56,GA,2021-05-29,Green,matthew79@example.net,0,
CUST002401,Joel,Trevino,52,WI,2022-07-29,Green,tamara68@example.net,0,
CUST002402,Curtis,Scott,64,CA,2023-10-27,Gold,sara19@example.com,0,
CUST002403,Travis,Cortez,46,WA,2024-10-30,Gold,robertspence@example.com,0,
CUST002404,Bryan,Hobbs,61,NJ,2022-05-20,Gold,tgoodman@example.net,0,
CUST002405,Collin,Maldonado,45,WA,2026-03-07,Green,jimmyholmes@example.com,0,
CUST002406,Joseph,Brown,26,GA,2024-07-16,Green,juliacraig@example.org,1,2025-10-01
CUST002407,Tracy,Bush,62,NJ,2025-02-04,Platinum,ilawrence@example.net,0,
CUST002408,Theresa,Sanchez,63,MN,2026-06-05,Platinum,bradalvarado@example.com,0,
CUST002409,Stephen,Sanchez,48,MI,2021-01-31,Platinum,turnerrebecca@example.org,1,2025-03-01
CUST002410,Matthew,Lozano,21,MI,2024-07-16,Green,linda94@example.org,1,2025-05-01
CUST002411,Nicholas,Pace,52,MN,2026-03-28,Gold,jacobslisa@example.org,0,
CUST002412,Michelle,Stevens,22,FL,2023-10-01,Gold,bradley85@example.com,0,
CUST002413,Austin,Gonzalez,51,AZ,2026-07-17,Green,vanessahernandez@example.org,1,2025-09-01
CUST002414,Rebecca,Kerr,47,MN,2025-12-21,Gold,scott63@example.com,0,
CUST002415,Kevin,Reyes,40,MA,2020-12-14,Platinum,hgalvan@example.org,0,
CUST002416,Gregory,French,30,NJ,2022-07-29,Gold,tylerluna@example.org,0,
CUST002417,Alicia,Roberts,55,OH,2025-02-05,Gold,timothymartin@example.net,0,
CUST002418,Christian,Norris,26,VA,2026-09-02,Green,tyler55@example.com,0,
CUST002419,Jonathon,Barber,46,MA,2024-07-22,Green,amandacalhoun@example.com,1,2025-06-01
CUST002420,Jorge,Jones,60,CA,2024-08-29,Gold,kathryn56@example.com,0,
CUST002421,Nicole,Williams,39,NJ,2023-11-17,Gold,ibradford@example.net,0,
CUST002422,Tyler,Bishop,26,NC,2021-02-28,Green,zlove@example.org,0,
CUST002423,George,Flores,32,MA,2026-07-31,Green,pamela98@example.net,0,
CUST002424,Laura,Cherry,47,TN,2021-03-20,Green,jeffreyromero@example.org,0,
CUST002425,Joe,Jackson,36,FL,2025-10-02,Gold,emily70@example.org,0,
CUST002426,Aaron,Arias,34,CA,2026-03-23,Green,daniellehughes@example.com,0,
CUST002427,Steven,Thompson,45,PA,2021-04-10,Gold,fhayes@example.net,0,
CUST002428,Stephanie,Davis,45,NC,2021-01-04,Green,shortlarry@example.com,1,2025-04-01
CUST002429,James,Patterson,42,IL,2024-05-29,Gold,craigerica@example.net,0,
CUST002430,Katherine,Kennedy,44,PA,2022-08-20,Green,bondbrandy@example.net,0,
CUST002431,Billy,Valenzuela,35,VA,2023-06-24,Platinum,brian45@example.org,0,
CUST002432,Angela,Andrews,60,WA,2025-03-18,Green,williamsmiranda@example.com,0,
CUST002433,Miranda,Browning,40,CO,2021-04-14,Green,anthony19@example.net,0,
CUST002434,Christopher,Compton,41,MD,2024-11-12,Platinum,rodriguezandrew@example.com,0,
CUST002435,Danielle,Hansen,59,OH,2022-09-01,Green,qkemp@example.com,1,2025-09-01
CUST002436,Kathy,Chapman,31,WA,2023-02-15,Green,hardingscott@example.net,0,
CUST002437,Amy,Bryant,54,NY,2020-11-13,Green,claytonhuff@example.net,0,
CUST002438,Robert,Carroll,21,PA,2024-01-23,Green,hstevens@example.org,0,
CUST002439,Cindy,Knapp,27,GA,2022-06-21,Green,yodercraig@example.org,0,
CUST002440,Lydia,Harris,50,WI,2021-10-20,Green,phillipgreer@example.net,1,2025-08-01
CUST002441,Joel,Reyes,63,NC,2022-08-05,Gold,jamesyoung@example.net,0,
CUST002442,Andrea,Sanders,68,VA,2025-08-10,Green,martinezjeffrey@example.org,0,
CUST002443,Kimberly,Gordon,64,FL,2021-02-10,Green,christine25@example.com,1,2025-03-01
CUST002444,Jerry,Gonzalez,56,MD,2026-03-07,Green,julielevy@example.com,1,2025-06-01
CUST002445,Sarah,Johnson,63,WA,2021-11-26,Gold,xwagner@example.net,0,
CUST002446,John,Hunt,29,NC,2024-11-11,Gold,hfisher@example.org,0,
CUST002447,Erin,Lewis,63,AZ,2026-01-09,Platinum,tjones@example.net,1,2025-05-01
CUST002448,Timothy,Scott,25,MD,2021-06-03,Gold,nicholas51@example.com,0,
CUST002449,Lori,Miller,60,NJ,2021-01-23,Green,bianca53@example.com,0,
CUST002450,Jeffrey,Mahoney,49,NC,2021-12-30,Green,veronicacollins@example.com,0,
CUST002451,Patricia,Hicks,39,VA,2026-04-12,Gold,swansonpeggy@example.net,0,
CUST002452,Charles,Davila,40,WA,2023-09-10,Gold,susanbarnes@example.net,1,2025-08-01
CUST002453,Leroy,Malone,54,CA,2026-02-17,Green,obarnett@example.net,0,
CUST002454,Martin,Adams,62,CO,2021-01-03,Green,howard75@example.org,0,
CUST002455,Christine,Phillips,52,VA,2026-03-30,Gold,pnunez@example.com,0,
CUST002456,Lisa,Clark,65,NY,2026-01-10,Green,kerrirobinson@example.net,1,2025-08-01
CUST002457,Philip,Miranda,24,FL,2022-05-15,Green,christopher70@example.com,0,
CUST002458,Michael,Campos,56,WA,2023-02-25,Green,lisacampos@example.org,0,
CUST002459,Julia,Guzman,49,MI,2024-10-04,Green,robertanderson@example.org,0,
CUST002460,Douglas,Thompson,69,MD,2026-04-01,Gold,petersallison@example.net,0,
CUST002461,Jeffery,Sullivan,30,MN,2023-04-02,Green,ujordan@example.org,0,
CUST002462,Tammy,Martinez,68,MA,2026-09-01,Platinum,garciapaul@example.net,0,
CUST002463,James,Dickerson,23,NJ,2024-01-24,Platinum,cle@example.com,0,
CUST002464,James,Combs,51,IL,2026-01-06,Green,wjackson@example.net,0,
CUST002465,Nicole,Jackson,21,NC,2022-11-27,Platinum,iroman@example.net,0,
CUST002466,Anthony,Hall,30,OH,2025-01-23,Green,ortegadebbie@example.net,0,
CUST002467,Jessica,Martin,58,WI,2025-05-29,Green,allenlee@example.net,0,
CUST002468,Alicia,Foley,53,CA,2025-11-26,Green,shannon57@example.com,0,
CUST002469,Catherine,Adams,46,PA,2021-11-06,Green,dustinrussell@example.net,0,
CUST002470,Lisa,Lopez,68,WI,2025-07-28,Green,grossmartha@example.org,0,
CUST002471,Tina,Lewis,62,NC,2024-10-05,Gold,ufox@example.net,0,
CUST002472,Rebecca,Evans,61,GA,2020-10-04,Platinum,scottwilson@example.com,0,
CUST002473,Natasha,Chavez,39,TN,2025-06-03,Green,igomez@example.com,1,2025-08-01
CUST002474,Diana,Owens,22,AZ,2026-07-09,Green,farmermonica@example.net,0,
CUST002475,Andrea,Griffin,56,AZ,2021-02-08,Platinum,burnswilliam@example.net,1,2025-09-01
CUST002476,Jason,Thompson,62,TX,2024-12-06,Green,adamsgina@example.net,1,2025-05-01
CUST002477,Gabrielle,Byrd,64,WA,2026-04-07,Gold,achambers@example.com,0,
CUST002478,Sydney,Gardner,52,VA,2021-06-19,Gold,ulevy@example.com,0,
CUST002479,Sharon,Dalton,65,NC,2024-11-01,Gold,qduke@example.net,0,
CUST002480,John,Jefferson,41,PA,2025-07-06,Green,myerswilliam@example.com,1,2025-06-01
CUST002481,Michael,Maddox,57,CO,2024-01-23,Green,marquezjessica@example.com,0,
CUST002482,Stuart,Morales,24,TN,2026-07-28,Green,robertdouglas@example.com,0,
CUST002483,Sheila,Munoz,43,IL,2024-04-04,Gold,frederickgraham@example.net,0,
CUST002484,Sarah,Jordan,33,MD,2022-04-16,Gold,pierceeileen@example.net,0,
CUST002485,Alejandro,Wood,24,PA,2024-09-18,Platinum,cporter@example.org,1,2025-02-01
CUST002486,Kathleen,Baker,40,MD,2020-10-29,Green,uhayes@example.org,0,
CUST002487,Amy,Williams,31,MI,2023-08-07,Green,megan44@example.com,0,
CUST002488,James,Ramirez,24,WI,2021-12-27,Platinum,hallstephanie@example.org,0,
CUST002489,Luis,Ross,40,WA,2024-03-02,Green,wayne16@example.org,0,
CUST002490,Emily,Hall,70,VA,2021-08-08,Green,waltermatthew@example.com,0,
CUST002491,Scott,Wu,65,PA,2020-10-18,Green,kingjared@example.net,1,2025-05-01
CUST002492,Zachary,Davis,38,MI,2025-11-29,Green,michaeljones@example.org,0,
CUST002493,Steven,Murphy,51,OH,2023-10-28,Gold,michael22@example.org,1,2025-07-01
CUST002494,Timothy,Conrad,60,NJ,2024-11-24,Platinum,kristiwalker@example.com,0,
CUST002495,Johnny,Mcdaniel,49,WA,2026-07-02,Gold,nbowen@example.org,0,
CUST002496,Anna,Ramos,27,NC,2026-01-29,Green,martinezdylan@example.org,1,2025-07-01
CUST002497,Parker,Williams,44,WA,2022-10-12,Platinum,jose98@example.org,0,
CUST002498,Rachel,Moore,41,WA,2021-07-25,Green,mullendavid@example.net,0,
CUST002499,Heidi,Glover,51,NC,2021-09-20,Green,justin47@example.net,0,
CUST002500,Mindy,Green,28,OH,2022-07-30,Green,michellechapman@example.com,0,
CUST002501,Timothy,Stevens,60,MA,2021-11-18,Platinum,qmartin@example.com,0,
CUST002502,Robert,Cook,53,AZ,2025-04-06,Green,torreskim@example.org,1,2025-09-01
CUST002503,Yolanda,Russell,61,PA,2024-02-03,Platinum,whitemartin@example.com,0,
CUST002504,Gabriel,Jones,70,NJ,2024-08-31,Gold,buckjacob@example.com,1,2025-08-01
CUST002505,Victor,Bennett,23,IL,2021-12-01,Gold,charlesharris@example.org,0,
CUST002506,Jesse,Compton,38,TN,2024-03-03,Gold,johnjohnson@example.net,0,
CUST002507,Kimberly,Mitchell,51,TN,2025-01-16,Green,shafferangela@example.net,0,
CUST002508,Kristina,Lynch,63,AZ,2022-06-11,Green,rojasalex@example.com,0,
CUST002509,Jacqueline,Morgan,69,TX,2023-12-01,Platinum,amandafrederick@example.org,0,
CUST002510,Howard,Miller,38,WA,2021-12-13,Gold,tammybarrett@example.org,0,
CUST002511,Jenna,Scott,44,WA,2024-04-29,Green,shannon74@example.com,0,
CUST002512,Lauren,Ramirez,54,MI,2024-04-18,Gold,sfaulkner@example.net,0,
CUST002513,Tiffany,Collins,61,FL,2022-10-19,Gold,wardtammy@example.com,0,
CUST002514,Kenneth,Martinez,37,MA,2024-08-01,Gold,jonathanclark@example.com,0,
CUST002515,Jessica,Armstrong,70,NY,2024-09-02,Gold,jameswhite@example.com,0,
CUST002516,April,Adkins,23,TN,2022-05-22,Gold,barronderek@example.org,1,2025-04-01
CUST002517,Kim,Williams,65,WI,2024-07-22,Green,madeline89@example.org,1,2025-10-01
CUST002518,Sara,Adams,40,VA,2022-11-09,Gold,rking@example.net,0,
CUST002519,Kelli,Mcdaniel,59,VA,2023-03-17,Platinum,sancheztimothy@example.com,0,
CUST002520,Christine,Atkins,37,GA,2025-03-31,Platinum,melissa39@example.net,0,
CUST002521,John,Ellis,25,TN,2021-03-01,Green,spencerchloe@example.org,0,
CUST002522,James,Woodward,27,MN,2026-08-17,Green,alexander35@example.net,0,
CUST002523,Alyssa,Castillo,64,AZ,2022-07-17,Green,eramirez@example.org,0,
CUST002524,Sean,Herman,66,FL,2021-08-25,Green,huynhlaura@example.org,0,
CUST002525,Dan,Cannon,40,PA,2021-11-16,Green,jsmith@example.net,0,
CUST002526,Kiara,Murphy,62,PA,2021-12-16,Green,meaganmendez@example.net,0,
CUST002527,Virginia,Wright,67,FL,2023-11-10,Gold,hoodnicole@example.org,0,
CUST002528,Edward,Werner,70,WA,2022-10-31,Green,autumnhill@example.com,0,
CUST002529,Victoria,Moreno,46,NJ,2025-07-29,Gold,utate@example.com,0,
CUST002530,Robert,Duncan,46,WA,2023-05-16,Green,kevinbowers@example.com,0,
CUST002531,Kyle,Oneal,52,NJ,2022-05-21,Platinum,heathercooper@example.com,0,
CUST002532,Meghan,Moreno,43,PA,2024-08-05,Green,cyoung@example.org,0,
CUST002533,Cynthia,Pena,66,IL,2022-01-02,Platinum,foleymatthew@example.net,0,
CUST002534,Kristin,Parker,55,MD,2022-07-01,Gold,jasmine66@example.com,0,
CUST002535,Jeremy,Stone,47,MI,2020-09-30,Platinum,jean35@example.org,1,2025-09-01
CUST002536,Michael,Sutton,29,OH,2023-03-01,Green,hooddebra@example.com,0,
CUST002537,Amanda,Cuevas,42,TX,2024-09-24,Green,cheyenne75@example.net,0,
CUST002538,Rachel,Jones,47,TX,2024-07-23,Gold,thompsonbrandon@example.org,0,
CUST002539,Andrew,Le,53,NY,2020-12-23,Green,sherrymiranda@example.org,0,
CUST002540,Matthew,Mcclure,57,GA,2021-11-03,Green,turnergeorge@example.net,0,
CUST002541,Cheryl,Diaz,57,AZ,2024-10-13,Gold,jamesphillips@example.org,1,2025-08-01
CUST002542,Alexandria,Rivera,46,OH,2022-01-26,Green,zwallace@example.net,1,2025-02-01
CUST002543,Mario,Davies,57,NC,2023-08-04,Platinum,danahayes@example.org,0,
CUST002544,Brooke,Rivera,64,IL,2023-01-03,Gold,suzannehines@example.com,1,2025-06-01
CUST002545,Jessica,Knox,30,GA,2024-11-16,Gold,april86@example.com,1,2025-10-01
CUST002546,Rebecca,Jordan,63,GA,2021-04-27,Gold,drodriguez@example.org,0,
CUST002547,Mitchell,Mckinney,53,FL,2024-04-25,Platinum,ellen86@example.com,1,2025-03-01
CUST002548,Ronald,Smith,39,CA,2020-11-07,Green,kwhite@example.net,0,
CUST002549,Linda,Harrison,68,WA,2023-06-06,Green,robert28@example.com,1,2025-07-01
CUST002550,John,Hopkins,39,IL,2021-07-02,Green,qortiz@example.org,0,
CUST002551,Trevor,Ware,62,WA,2026-01-01,Platinum,csmith@example.net,1,2025-09-01
CUST002552,Deborah,Sandoval,60,NC,2026-05-18,Green,fhall@example.org,0,
CUST002553,Mark,Lawrence,66,TX,2024-02-08,Gold,bradshawsteven@example.com,0,
CUST002554,Sara,Stone,70,MN,2024-03-07,Green,anthony56@example.org,0,
CUST002555,Christina,Hernandez,59,MD,2022-04-03,Platinum,hbyrd@example.net,0,
CUST002556,Brianna,Lutz,38,MN,2026-04-03,Green,gonzaleznancy@example.net,0,
CUST002557,Joel,Nguyen,34,GA,2026-08-27,Gold,lyonsdaniel@example.net,0,
CUST002558,Jennifer,Wilson,40,FL,2024-08-07,Green,richard24@example.org,0,
CUST002559,Stacey,Sheppard,44,WI,2025-06-28,Platinum,andradejessica@example.com,1,2025-05-01
CUST002560,Benjamin,Love,26,VA,2023-01-13,Green,isabelwilliams@example.com,1,2025-04-01
CUST002561,Melanie,Quinn,22,MD,2026-05-10,Gold,thompsontodd@example.com,1,2025-04-01
CUST002562,Danielle,Rodriguez,25,FL,2026-02-11,Gold,ismith@example.net,0,
CUST002563,Ivan,King,41,OH,2025-08-31,Green,josephmorales@example.net,0,
CUST002564,Toni,Anderson,21,MA,2021-12-07,Gold,blackmicheal@example.org,0,
CUST002565,Miranda,Hendricks,61,IL,2024-08-22,Green,perezdavid@example.com,0,
CUST002566,Madison,Martinez,49,NC,2024-05-08,Gold,avelazquez@example.net,0,
CUST002567,Charles,Chambers,53,CA,2021-01-31,Gold,heatherjohnson@example.net,0,
CUST002568,Angela,Thomas,49,WI,2023-08-02,Green,scottdelgado@example.org,0,
CUST002569,Thomas,Roberts,56,MN,2025-12-22,Green,anthonybentley@example.com,0,
CUST002570,Michael,Johnson,23,CA,2021-05-11,Green,andrea89@example.net,0,
CUST002571,Justin,Harris,55,MA,2026-04-15,Green,gregory99@example.net,0,
CUST002572,Edwin,Barnes,28,CO,2025-09-19,Green,petersenmatthew@example.net,0,
CUST002573,Christopher,Kelley,35,MI,2022-12-18,Gold,josephalexander@example.net,0,
CUST002574,Wendy,Martin,61,NJ,2024-04-25,Gold,colleen18@example.org,0,
CUST002575,Gabriela,Murphy,42,MD,2023-02-06,Platinum,powersanthony@example.net,0,
CUST002576,Bradley,Dodson,57,GA,2021-02-13,Gold,taylorcaleb@example.net,0,
CUST002577,Erik,Clarke,34,TN,2022-08-27,Platinum,william91@example.net,0,
CUST002578,Cindy,Smith,34,MI,2020-09-24,Green,pricemichelle@example.net,0,
CUST002579,James,Sanchez,57,TN,2025-08-15,Gold,jerry96@example.com,1,2025-02-01
CUST002580,Eddie,Gutierrez,66,NY,2020-12-11,Green,wardmatthew@example.com,0,
CUST002581,Maria,Mccarthy,35,PA,2023-04-01,Green,shudson@example.net,0,
CUST002582,Reginald,Yates,22,MD,2022-09-14,Green,kyle34@example.net,0,
CUST002583,Jessica,Thomas,38,AZ,2023-01-05,Gold,tylermayer@example.org,1,2025-04-01
CUST002584,Theresa,Snyder,44,TX,2021-01-14,Green,samanthamatthews@example.com,1,2025-04-01
CUST002585,Julie,Jones,61,NC,2021-08-01,Green,wsmith@example.com,1,2025-07-01
CUST002586,Jennifer,Patel,67,TX,2026-03-11,Green,rrivera@example.com,0,
CUST002587,Allison,Mendez,58,FL,2024-01-17,Platinum,mtucker@example.org,0,
CUST002588,Erin,Reilly,46,WA,2026-08-19,Green,jacqueline57@example.org,0,
CUST002589,Megan,Gallagher,53,WI,2021-11-25,Platinum,wattsjennifer@example.org,0,
CUST002590,Eric,Nichols,47,GA,2025-06-12,Platinum,mary62@example.com,0,
CUST002591,Todd,George,63,CA,2024-07-06,Gold,amanda93@example.com,0,
CUST002592,Ashley,Green,44,TN,2021-05-17,Platinum,xstevenson@example.com,0,
CUST002593,William,Swanson,42,NC,2024-10-28,Platinum,frobertson@example.com,0,
CUST002594,Anthony,Delacruz,25,CO,2022-04-02,Platinum,nicholaspatrick@example.net,1,2025-04-01
CUST002595,April,Huang,57,IL,2023-05-13,Gold,amy51@example.org,0,
CUST002596,Miranda,King,48,MA,2024-08-09,Green,dshepard@example.com,0,
CUST002597,Christian,Hernandez,64,MN,2023-06-10,Green,jasmine98@example.org,1,2025-03-01
CUST002598,Kristina,Spence,50,OH,2022-10-31,Green,chapmanjonathan@example.net,1,2025-08-01
CUST002599,John,Watson,42,MN,2024-01-10,Green,dcruz@example.net,0,
CUST002600,Emily,Small,33,FL,2021-01-17,Gold,fishereric@example.org,0,
CUST002601,Cody,Mcdaniel,46,PA,2022-11-15,Green,promero@example.com,0,
CUST002602,Lisa,Wilson,39,OH,2025-07-15,Gold,ortizjeffrey@example.net,0,
CUST002603,John,Ali,25,MD,2024-01-15,Green,dmitchell@example.net,0,
CUST002604,Ricardo,Cherry,22,MA,2025-03-14,Gold,petersdustin@example.com,0,
CUST002605,Phillip,Green,70,OH,2022-07-21,Green,williamsgabriel@example.com,0,
CUST002606,Adam,Santana,66,OH,2025-08-26,Green,chouston@example.com,0,
CUST002607,Michelle,Hale,70,NC,2025-09-28,Gold,eric00@example.org,0,
CUST002608,Jamie,Flowers,33,TN,2021-07-27,Green,johnsonchristie@example.net,0,
CUST002609,Rachael,Ward,69,MI,2026-01-23,Gold,johnday@example.net,1,2025-04-01
CUST002610,Christopher,Fernandez,68,NY,2023-02-22,Green,kim46@example.com,1,2025-02-01
CUST002611,Martha,Garcia,68,MN,2025-09-04,Gold,oarmstrong@example.org,0,
CUST002612,Crystal,Martinez,67,NY,2025-02-18,Green,christopher39@example.net,0,
CUST002613,Michael,Mccann,25,VA,2026-07-24,Green,ocook@example.com,0,
CUST002614,Wyatt,Jones,34,AZ,2022-07-13,Gold,michael30@example.net,0,
CUST002615,Elizabeth,Vasquez,21,TN,2025-12-10,Gold,timothy66@example.com,0,
CUST002616,Ivan,Christian,37,TN,2024-04-24,Gold,wilsonkristina@example.org,0,
CUST002617,Joel,Barton,43,PA,2025-12-30,Green,knguyen@example.net,0,
CUST002618,Patricia,Zamora,57,NJ,2024-02-19,Gold,dharris@example.com,0,
CUST002619,Cheryl,Garcia,43,MI,2024-05-19,Green,moraamber@example.org,0,
CUST002620,Carla,Garcia,27,CA,2020-11-24,Platinum,smiller@example.net,0,
CUST002621,Frank,Henry,68,PA,2024-02-16,Platinum,rwalters@example.net,1,2025-03-01
CUST002622,Steven,White,65,VA,2021-10-29,Platinum,nlong@example.org,0,
CUST002623,Omar,Martinez,47,NY,2025-03-16,Green,karenwhite@example.net,0,
CUST002624,Kristin,Gregory,66,MA,2026-07-04,Gold,kgreen@example.org,0,
CUST002625,Christopher,Davidson,70,FL,2025-06-17,Platinum,kevin42@example.org,0,
CUST002626,David,Anderson,42,FL,2023-08-22,Gold,sandramontgomery@example.com,0,
CUST002627,John,King,30,VA,2022-06-20,Gold,martinjill@example.org,0,
CUST002628,David,Roberts,70,CO,2024-08-01,Green,shelbysmith@example.net,0,
CUST002629,Michael,Sullivan,52,TX,2026-05-02,Green,xwhite@example.net,0,
CUST002630,Cheryl,Mason,42,NJ,2023-07-14,Gold,jenna71@example.com,0,
CUST002631,Christopher,Coleman,51,IL,2025-08-27,Gold,hlopez@example.com,0,
CUST002632,Daniel,Salazar,27,MD,2021-12-11,Gold,blopez@example.com,0,
CUST002633,Elizabeth,Jordan,57,NC,2024-02-22,Green,crossjuan@example.com,0,
CUST002634,Joel,Pena,53,WA,2022-07-08,Green,acurry@example.com,0,
CUST002635,Briana,Kramer,34,VA,2024-02-26,Platinum,shunter@example.org,0,
CUST002636,Kathleen,Green,37,NY,2026-05-21,Green,aprilwalter@example.org,0,
CUST002637,Juan,Wallace,33,NC,2021-09-03,Platinum,stephanie95@example.org,0,
CUST002638,Bryan,Watson,54,AZ,2022-03-13,Green,mmills@example.com,1,2025-09-01
CUST002639,Rachael,Brooks,70,WA,2021-10-25,Gold,jonathan57@example.com,1,2025-03-01
CUST002640,Donald,Ross,31,AZ,2021-09-11,Gold,rmitchell@example.org,0,
CUST002641,Stacey,Carter,29,IL,2026-07-19,Gold,josephmcintyre@example.net,1,2025-09-01
CUST002642,Kristen,Bennett,21,FL,2026-09-08,Platinum,chadjuarez@example.org,0,
CUST002643,Hannah,Cantu,34,WI,2025-10-07,Gold,david61@example.org,0,
CUST002644,Darrell,Rodriguez,55,WA,2024-11-28,Platinum,rebekahduncan@example.com,0,
CUST002645,Jackie,Graves,22,NY,2026-03-20,Green,jroberts@example.org,1,2025-08-01
CUST002646,Stephanie,Howard,26,MA,2022-12-13,Green,copelandronald@example.com,0,
CUST002647,Barbara,Moore,70,CA,2022-06-20,Green,trodgers@example.com,0,
CUST002648,Katherine,Dunlap,34,WI,2023-08-22,Green,stevenward@example.org,0,
CUST002649,Rebecca,Hood,55,TX,2020-11-24,Gold,vincent93@example.com,0,
CUST002650,Juan,Rodriguez,41,NJ,2025-11-20,Gold,xhouston@example.com,0,
CUST002651,Sandra,Stephens,60,TN,2025-01-24,Gold,glassmark@example.net,0,
CUST002652,Kayla,Bowers,50,CO,2023-09-26,Gold,jessica72@example.org,0,
CUST002653,Kaitlyn,Abbott,70,OH,2024-01-08,Gold,davidmcdaniel@example.com,0,
CUST002654,James,Gill,21,GA,2021-02-02,Green,zrichardson@example.com,0,
CUST002655,Valerie,Watson,34,VA,2022-10-21,Platinum,sullivangrace@example.com,0,
CUST002656,Kaitlyn,Houston,45,FL,2020-11-23,Gold,simonwhitney@example.net,0,
CUST002657,Vickie,Miller,27,WI,2022-12-23,Gold,mmayo@example.net,0,
CUST002658,Janet,Fleming,29,OH,2022-09-20,Platinum,hollycook@example.org,0,
CUST002659,Ethan,Williams,49,MA,2023-07-29,Green,carrieortiz@example.org,0,
CUST002660,Daniel,Reyes,57,WI,2021-05-30,Green,valenciajennifer@example.org,0,
CUST002661,Joyce,Chen,61,MA,2021-08-11,Gold,davidporter@example.net,0,
CUST002662,Sarah,Maxwell,69,TX,2024-12-23,Green,suarezjeffrey@example.com,1,2025-10-01
CUST002663,Tracy,Gibson,57,CA,2025-01-07,Gold,croberts@example.com,0,
CUST002664,Steven,Mcgrath,51,PA,2026-02-01,Gold,ojackson@example.net,0,
CUST002665,Hannah,Mack,46,GA,2021-01-22,Gold,ievans@example.com,1,2025-06-01
CUST002666,Carolyn,Torres,66,CO,2022-06-28,Green,qholden@example.com,0,
CUST002667,Sherri,Cooper,65,CO,2022-06-09,Gold,mitchelldaniel@example.com,0,
CUST002668,Kristie,Galloway,59,IL,2025-10-09,Green,sarah89@example.net,0,
CUST002669,Jennifer,Baker,28,CO,2021-07-03,Green,hallwilliam@example.com,0,
CUST002670,Robert,Martin,59,WA,2021-12-18,Green,elizabeth68@example.org,0,
CUST002671,Robert,Smith,25,GA,2022-07-23,Platinum,edwardmitchell@example.net,0,
CUST002672,Terri,Lewis,35,NY,2021-07-28,Green,sarahtaylor@example.org,0,
CUST002673,John,Hughes,46,WI,2023-03-23,Platinum,brandycole@example.com,1,2025-05-01
CUST002674,Kim,Love,68,GA,2026-08-05,Gold,kathryn15@example.net,0,
CUST002675,Julie,Thompson,61,CA,2026-04-06,Gold,thomasallen@example.net,0,
CUST002676,Jeffrey,Brown,36,FL,2021-11-04,Green,cjones@example.net,0,
CUST002677,Andrea,Smith,33,NY,2024-08-30,Platinum,graystephen@example.net,0,
CUST002678,Cynthia,Hardy,23,MA,2026-03-04,Gold,normankaren@example.net,0,
CUST002679,Julie,Howard,24,WA,2026-03-24,Green,geoffrey17@example.net,0,
CUST002680,Michael,Moore,36,GA,2022-06-07,Platinum,amandajohnson@example.org,0,
CUST002681,Daniel,Jones,70,CA,2023-12-29,Gold,ogilbert@example.com,1,2025-10-01
CUST002682,Sandra,Holland,56,WI,2022-02-08,Platinum,daviskathryn@example.org,1,2025-05-01
CUST002683,Nicholas,Leonard,47,NC,2021-12-28,Gold,uchung@example.com,0,
CUST002684,Christine,Nicholson,23,IL,2026-05-30,Platinum,marquezdavid@example.com,0,
CUST002685,Robert,Valenzuela,50,NY,2020-11-09,Platinum,cynthia99@example.org,0,
CUST002686,Colleen,Gonzalez,51,FL,2025-08-07,Gold,daviderickson@example.org,0,
CUST002687,Jacob,Pierce,69,FL,2025-05-02,Gold,simmonsbrooke@example.org,0,
CUST002688,Maxwell,Kennedy,32,IL,2023-01-24,Green,nathansmall@example.com,0,
CUST002689,Joseph,Schroeder,54,PA,2025-09-06,Gold,torresmichael@example.org,0,
CUST002690,Kaitlyn,Patrick,60,MD,2026-07-10,Gold,rivaslaura@example.com,0,
CUST002691,Amanda,Hardin,41,FL,2025-01-11,Platinum,blankenshipshawn@example.net,0,
CUST002692,Teresa,Brown,53,WA,2024-08-13,Gold,aguirremark@example.net,0,
CUST002693,Aaron,Arnold,21,TX,2021-08-05,Gold,perezjohn@example.org,0,
CUST002694,Russell,Esparza,22,TN,2025-03-23,Gold,omardavis@example.org,0,
CUST002695,Julie,Garner,62,TX,2022-10-03,Gold,brittanybrown@example.net,1,2025-10-01
CUST002696,Daniel,Frederick,53,TN,2022-11-06,Gold,gallagherfelicia@example.net,1,2025-06-01
CUST002697,Sara,Thomas,60,MN,2023-07-08,Platinum,marclopez@example.org,0,
CUST002698,Deanna,Jensen,59,TN,2020-10-12,Gold,craigrebecca@example.org,0,
CUST002699,Joe,Garrison,25,CA,2024-06-26,Green,karenjohnson@example.com,1,2025-05-01
CUST002700,Jessica,Johnson,63,TN,2022-05-13,Green,justingarrett@example.org,0,
CUST002701,Paul,Johnson,60,MI,2025-12-11,Green,mary75@example.com,0,
CUST002702,Joshua,Barry,50,WA,2025-10-11,Gold,johnsonkristina@example.org,0,
CUST002703,Jessica,Davis,63,NY,2021-07-01,Gold,richard92@example.net,0,
CUST002704,Valerie,Gordon,56,OH,2024-07-19,Green,bakerdavid@example.com,0,
CUST002705,Kenneth,Blanchard,22,PA,2024-08-10,Gold,monica92@example.com,0,
CUST002706,Anthony,Stevens,53,MA,2023-09-06,Platinum,rsnyder@example.net,1,2025-06-01
CUST002707,Gregory,Cummings,34,FL,2024-10-20,Gold,rebeccasanders@example.com,0,
CUST002708,Jorge,Hopkins,66,OH,2025-09-04,Gold,esmith@example.com,0,
CUST002709,Valerie,Jones,63,AZ,2024-03-31,Gold,elizabeth16@example.net,0,
CUST002710,Samantha,Miller,28,MN,2026-07-01,Platinum,sierrabaxter@example.com,0,
CUST002711,Anthony,Sexton,26,TN,2025-11-25,Green,orogers@example.net,0,
CUST002712,Amber,Brown,54,VA,2025-05-28,Gold,smithvalerie@example.com,0,
CUST002713,Cathy,Massey,64,FL,2021-08-01,Gold,tylerwilliams@example.net,1,2025-06-01
CUST002714,Marcus,Smith,26,GA,2023-08-27,Green,thomas82@example.net,0,
CUST002715,Christopher,Vasquez,27,TX,2024-08-03,Gold,gjohnson@example.com,1,2025-05-01
CUST002716,Corey,Cole,44,NC,2026-07-02,Green,megan89@example.com,0,
CUST002717,Emily,Irwin,40,MI,2023-12-10,Green,walkerjesse@example.com,0,
CUST002718,Sue,Davis,69,MI,2022-07-22,Green,christophersmith@example.net,0,
CUST002719,Alex,Alexander,30,CO,2020-11-16,Green,tina41@example.com,0,
CUST002720,Carmen,Collins,59,WI,2025-08-17,Gold,jamesnovak@example.net,0,
CUST002721,Michelle,Soto,42,OH,2024-09-06,Green,wsmith@example.com,1,2025-09-01
CUST002722,Vickie,Randall,21,TX,2021-06-19,Platinum,wendy59@example.org,0,
CUST002723,Justin,Lester,25,CA,2023-12-17,Green,robertslarry@example.com,0,
CUST002724,Kathleen,Sloan,28,MN,2024-05-10,Platinum,courtney19@example.com,0,
CUST002725,Christopher,Velazquez,34,MD,2025-05-23,Gold,urichardson@example.org,0,
CUST002726,Margaret,Werner,45,MA,2023-02-22,Green,pughsean@example.com,0,
CUST002727,Jennifer,Cox,47,MN,2022-06-27,Platinum,mcowan@example.org,0,
CUST002728,Paul,Savage,57,OH,2023-12-12,Gold,ithomas@example.net,0,
CUST002729,Heather,Oneal,69,TX,2021-04-03,Green,francobrittany@example.net,0,
CUST002730,Gina,Cooper,22,CA,2026-01-19,Platinum,beth63@example.com,0,
CUST002731,Carlos,Webster,66,NY,2026-02-21,Green,shannonwilkerson@example.net,0,
CUST002732,Richard,Wolfe,63,IL,2023-01-09,Gold,masonbrittany@example.com,0,
CUST002733,Scott,Cannon,48,CA,2021-12-07,Gold,jessicachavez@example.org,0,
CUST002734,Kristopher,Jones,32,MN,2021-08-19,Gold,taylorhawkins@example.org,0,
CUST002735,Nancy,Phillips,39,MA,2021-02-21,Gold,melissarussell@example.com,0,
CUST002736,Yesenia,Fuller,37,IL,2024-03-22,Platinum,powellmatthew@example.net,0,
CUST002737,Jeremy,Brock,37,MI,2026-07-01,Gold,qsoto@example.org,0,
CUST002738,Mary,Garcia,43,NY,2025-05-07,Green,hmiller@example.com,0,
CUST002739,Gary,Bruce,41,WA,2020-10-24,Gold,hillchristopher@example.org,0,
CUST002740,Katie,Callahan,27,PA,2022-12-27,Gold,nancy39@example.com,0,
CUST002741,Justin,Kelly,49,PA,2024-01-27,Green,solson@example.com,0,
CUST002742,Darrell,Duncan,62,CO,2023-07-09,Green,bsmith@example.org,0,
CUST002743,Debra,Townsend,69,MN,2023-02-06,Gold,hernandezgeorge@example.com,0,
CUST002744,Felicia,Levine,69,NJ,2020-10-01,Green,bryantshirley@example.com,0,
CUST002745,Thomas,Santiago,38,GA,2024-08-11,Green,campbellcrystal@example.com,0,
CUST002746,Philip,White,21,AZ,2024-04-24,Gold,dennisconnie@example.net,0,
CUST002747,Carmen,Harris,55,NY,2021-01-02,Gold,mfreeman@example.com,0,
CUST002748,Kayla,Guzman,42,GA,2026-03-12,Gold,fparker@example.org,0,
CUST002749,Brian,Woods,55,VA,2023-10-02,Platinum,cstone@example.org,0,
CUST002750,Karen,Morgan,42,NY,2021-02-10,Green,foxstephanie@example.net,0,
CUST002751,Heather,Daniels,70,GA,2023-07-04,Green,pfowler@example.org,1,2025-04-01
CUST002752,Robert,Sheppard,42,TX,2024-11-25,Green,vanessapatel@example.org,1,2025-02-01
CUST002753,Earl,Thompson,55,PA,2022-09-27,Platinum,boydalbert@example.com,0,
CUST002754,Rebecca,Vaughn,27,CA,2024-10-18,Platinum,flandry@example.com,0,
CUST002755,Erica,Young,41,AZ,2021-11-05,Green,tinajohnson@example.com,0,
CUST002756,Erika,Chandler,61,NJ,2022-05-22,Platinum,lbrennan@example.org,1,2025-03-01
CUST002757,Angela,Smith,44,TX,2024-11-03,Gold,walkererica@example.org,0,
CUST002758,Megan,Cross,55,FL,2021-06-27,Platinum,gordon67@example.org,0,
CUST002759,Matthew,Kelly,50,PA,2024-05-10,Gold,harrisdorothy@example.org,0,
CUST002760,Jonathan,Flores,34,MD,2026-02-14,Platinum,jwaters@example.org,0,
CUST002761,Michael,Weaver,24,TN,2021-02-28,Gold,sawyeramber@example.net,0,
CUST002762,Shelby,Schwartz,36,AZ,2024-12-25,Green,hclark@example.net,0,
CUST002763,Emma,Wilson,54,TX,2026-06-15,Platinum,kgallagher@example.com,0,
CUST002764,Felicia,Casey,62,OH,2022-06-23,Green,marvinrobertson@example.net,0,
CUST002765,Jacob,Paul,34,MI,2024-12-07,Gold,mcneilisaiah@example.com,0,
CUST002766,Gavin,Harris,69,NY,2026-08-07,Gold,tthomas@example.net,0,
CUST002767,Kayla,Carter,66,NC,2021-10-08,Green,daniel50@example.org,0,
CUST002768,Frank,Carlson,48,FL,2024-03-09,Gold,davidbaker@example.org,1,2025-11-01
CUST002769,Mark,Mccoy,32,MN,2025-11-15,Platinum,rwilkerson@example.org,0,
CUST002770,Bruce,Jenkins,49,MN,2023-01-27,Green,millermatthew@example.com,0,
CUST002771,Doris,Francis,64,PA,2026-08-13,Green,lynchmarc@example.com,1,2025-11-01
CUST002772,Sandy,Lopez,65,MI,2024-06-25,Platinum,sophia43@example.net,0,
CUST002773,Cory,Flores,69,WA,2022-06-18,Green,allisongonzales@example.com,0,
CUST002774,Natalie,Gill,36,NJ,2024-11-10,Green,brendabrooks@example.com,0,
CUST002775,Lisa,Duffy,37,NY,2021-05-18,Gold,mcleanjack@example.org,1,2025-04-01
CUST002776,Tanya,Marsh,26,OH,2024-11-10,Gold,gmitchell@example.net,0,
CUST002777,Jennifer,Morris,62,NC,2026-05-17,Platinum,davidobrien@example.com,1,2025-06-01
CUST002778,Benjamin,Gomez,60,WI,2022-06-19,Green,kevin73@example.net,0,
CUST002779,Tamara,Armstrong,30,TX,2022-11-18,Green,lhall@example.org,0,
CUST002780,John,Rodriguez,59,TX,2024-03-03,Platinum,travisgoodman@example.org,1,2025-03-01
CUST002781,Rebecca,Gardner,65,WA,2022-01-11,Gold,jane46@example.net,0,
CUST002782,Keith,Cordova,40,TX,2025-09-17,Platinum,allenmcbride@example.net,1,2025-05-01
CUST002783,Rachel,Smith,25,TX,2021-08-30,Green,nicholas07@example.org,0,
CUST002784,Luis,Hardin,55,NY,2021-02-15,Green,yhernandez@example.org,0,
CUST002785,Jeffrey,Archer,25,VA,2026-04-10,Platinum,barronzachary@example.net,0,
CUST002786,Wendy,Davila,25,IL,2026-03-07,Green,angelaevans@example.com,0,
CUST002787,Kayla,Sutton,56,FL,2025-11-05,Green,zmurphy@example.net,0,
CUST002788,Frances,Young,67,CO,2024-07-09,Green,lgolden@example.net,1,2025-05-01
CUST002789,Daniel,Burns,62,MD,2023-11-01,Green,jriddle@example.com,1,2025-02-01
CUST002790,Carrie,Long,65,NC,2022-05-24,Green,hudsondawn@example.org,0,
CUST002791,Aaron,Hernandez,70,MA,2020-10-02,Green,kwalsh@example.net,0,
CUST002792,Lisa,Kim,32,FL,2022-12-07,Green,justin43@example.com,0,
CUST002793,Kathy,Butler,37,MI,2023-12-14,Gold,imays@example.org,0,
CUST002794,Patricia,Garrison,46,AZ,2022-02-02,Gold,hamiltonderek@example.com,0,
CUST002795,Alan,Martin,65,PA,2022-03-09,Gold,burnsdana@example.com,0,
CUST002796,Patrick,Reed,49,FL,2026-02-22,Green,griffintammy@example.net,0,
CUST002797,Katelyn,Owens,50,NJ,2022-07-26,Gold,benjaminbarnes@example.com,0,
CUST002798,Kimberly,Smith,41,OH,2022-05-16,Gold,myersanthony@example.net,0,
CUST002799,Joshua,Young,22,WA,2021-08-26,Green,ashleyjohnson@example.com,0,
CUST002800,Noah,Wright,35,FL,2023-10-16,Gold,jasmine53@example.net,0,
CUST002801,Charles,Meyer,34,VA,2024-05-07,Platinum,brianna92@example.net,0,
CUST002802,Brandi,Hale,63,NJ,2022-09-20,Platinum,riverateresa@example.org,0,
CUST002803,Mario,Phillips,38,MN,2022-10-13,Gold,margaretbean@example.com,0,
CUST002804,Samantha,Hunt,21,OH,2026-03-30,Green,amywalters@example.net,0,
CUST002805,Dustin,May,25,TX,2021-06-06,Green,faith72@example.org,0,
CUST002806,Michelle,Taylor,31,WI,2020-12-04,Green,leemarcus@example.com,0,
CUST002807,Kathryn,Ferguson,40,NC,2025-05-25,Green,carpentereric@example.net,0,
CUST002808,John,Hooper,32,CA,2022-06-28,Gold,david66@example.com,1,2025-07-01
CUST002809,Kenneth,Reed,30,CO,2023-09-07,Gold,jamie97@example.net,1,2025-09-01
CUST002810,Matthew,Stevens,27,CA,2022-03-11,Green,judithwood@example.net,0,
CUST002811,Leroy,Smith,45,NC,2021-04-08,Gold,david91@example.net,1,2025-03-01
CUST002812,Brian,Shaw,62,TX,2022-05-05,Green,vegadavid@example.org,0,
CUST002813,David,Myers,57,WI,2024-03-21,Platinum,brownjohn@example.net,0,
CUST002814,Manuel,Williams,35,CA,2023-02-05,Platinum,angelaklein@example.org,0,
CUST002815,Haley,Rowe,25,MI,2021-03-12,Platinum,fhorton@example.org,1,2025-11-01
CUST002816,Shannon,Ruiz,21,NC,2025-01-08,Gold,taylorrobinson@example.com,0,
CUST002817,Desiree,Castillo,29,VA,2023-04-11,Platinum,sarawilliams@example.org,0,
CUST002818,James,White,44,TN,2025-12-29,Gold,benjamindixon@example.com,0,
CUST002819,Jennifer,Moore,67,PA,2020-10-05,Green,jonesapril@example.com,0,
CUST002820,Samantha,Campbell,29,VA,2026-05-08,Green,janetbarnett@example.org,0,
CUST002821,Jeffrey,Johnson,68,NC,2022-09-30,Gold,sarakelley@example.org,0,
CUST002822,Jerry,Owens,44,VA,2026-07-30,Gold,ckirby@example.com,0,
CUST002823,Jon,Quinn,31,MD,2026-03-03,Gold,meagansheppard@example.org,0,
CUST002824,Nicole,Gentry,63,FL,2024-03-23,Gold,emarquez@example.com,0,
CUST002825,Mary,Sanders,36,PA,2020-10-17,Gold,rickeyvalencia@example.net,1,2025-09-01
CUST002826,Megan,Baker,39,WA,2021-10-22,Gold,pporter@example.org,0,
CUST002827,Ashley,Chavez,69,NY,2025-05-14,Gold,astein@example.net,0,
CUST002828,Edwin,Sampson,35,OH,2024-11-17,Green,kelleyronald@example.org,0,
CUST002829,David,Sanders,35,WA,2021-04-16,Gold,cherylhughes@example.com,0,
CUST002830,Shawn,White,44,GA,2025-12-18,Green,brownjulie@example.net,1,2025-06-01
CUST002831,Kyle,Campbell,62,CO,2024-10-06,Gold,hayeskayla@example.org,0,
CUST002832,Timothy,Jones,37,NY,2022-06-01,Green,samuelmiller@example.net,0,
CUST002833,Evan,Carey,24,FL,2023-01-29,Green,dmoreno@example.net,1,2025-05-01
CUST002834,Victor,Liu,63,WA,2020-11-03,Gold,chavezsamuel@example.com,0,
CUST002835,Thomas,Frazier,44,GA,2022-06-26,Gold,nunezdavid@example.org,0,
CUST002836,Benjamin,Friedman,39,NY,2023-12-30,Platinum,yellis@example.net,0,
CUST002837,Karen,Reeves,51,MA,2024-11-04,Green,nancy76@example.com,0,
CUST002838,Chad,Gibson,52,FL,2026-03-12,Green,duane02@example.com,0,
CUST002839,Darrell,Johnson,28,MA,2020-10-06,Green,marieheath@example.org,0,
CUST002840,Rachel,Cook,56,CO,2024-02-08,Platinum,walkerdenise@example.org,0,
CUST002841,Rebecca,Gardner,26,WA,2026-06-27,Gold,spearsrebecca@example.org,1,2025-06-01
CUST002842,Gregory,Brown,28,CO,2022-11-06,Gold,whurst@example.org,0,
CUST002843,Laurie,Jenkins,51,PA,2022-10-06,Green,franciscosmith@example.org,0,
CUST002844,Taylor,Carter,35,AZ,2021-02-21,Gold,thomas37@example.com,0,
CUST002845,Natalie,Rodriguez,49,CA,2022-08-19,Green,istewart@example.net,1,2025-02-01
CUST002846,Sandra,Sanchez,28,OH,2026-04-10,Platinum,carrsteven@example.net,0,
CUST002847,John,Luna,25,NC,2022-09-14,Gold,kevinadams@example.org,0,
CUST002848,Kathryn,Smith,44,MA,2022-05-18,Platinum,jared31@example.com,0,
CUST002849,Teresa,Hester,51,GA,2023-04-15,Gold,pattonchristy@example.com,1,2025-02-01
CUST002850,Joshua,Gillespie,42,TN,2022-06-27,Gold,gdavis@example.org,0,
CUST002851,Randy,Hunt,24,TX,2026-01-27,Green,shanelee@example.org,0,
CUST002852,Brian,Allen,53,GA,2026-08-06,Gold,vallen@example.org,0,
CUST002853,Brittney,Thompson,51,OH,2025-01-07,Gold,chogan@example.org,0,
CUST002854,David,Parrish,57,MN,2025-12-26,Gold,kristinafox@example.org,0,
CUST002855,Denise,Garrett,45,FL,2025-10-13,Gold,brandy86@example.net,0,
CUST002856,Angela,Solomon,24,AZ,2024-08-04,Platinum,andrew85@example.net,0,
CUST002857,Alexis,King,54,CA,2025-05-23,Gold,jdennis@example.org,1,2025-08-01
CUST002858,Sharon,Martin,36,MD,2022-04-22,Gold,timothywebster@example.net,0,
CUST002859,Heather,Moore,31,MD,2024-11-26,Gold,angela69@example.net,0,
CUST002860,Yvonne,Wilson,41,OH,2025-08-06,Gold,brownmark@example.org,0,
CUST002861,Lisa,Steele,27,TX,2022-07-31,Gold,keith08@example.org,0,
CUST002862,James,Jones,51,NC,2023-12-05,Platinum,owensrebecca@example.net,1,2025-06-01
CUST002863,Michelle,Owens,50,MA,2025-07-22,Gold,petersonjennifer@example.net,0,
CUST002864,Jennifer,Hall,67,IL,2024-03-21,Green,nhart@example.com,0,
CUST002865,Benjamin,Castillo,25,MA,2026-01-17,Green,jefflyons@example.net,0,
CUST002866,Kimberly,Lewis,61,NJ,2021-03-19,Gold,timothycox@example.net,0,
CUST002867,Eric,Conway,27,OH,2022-11-23,Gold,patty71@example.org,1,2025-09-01
CUST002868,Chad,Ramos,38,VA,2023-07-21,Platinum,christinegomez@example.org,0,
CUST002869,Susan,Williams,25,FL,2022-02-26,Platinum,kathrynthomas@example.com,0,
CUST002870,Derek,Mitchell,66,CO,2023-02-01,Platinum,mitchellmiranda@example.com,0,
CUST002871,Jonathan,Benson,51,NC,2025-12-10,Gold,brownscott@example.org,0,
CUST002872,Daniel,Pearson,32,MD,2022-01-21,Gold,tonybean@example.org,0,
CUST002873,John,Garcia,21,MD,2020-11-22,Platinum,krodriguez@example.org,0,
CUST002874,Mario,Daniels,22,CO,2022-08-03,Green,lewisjon@example.net,0,
CUST002875,William,Stevens,64,CA,2025-04-06,Green,gwhite@example.net,0,
CUST002876,Elizabeth,Thomas,55,GA,2025-06-25,Green,castrorobert@example.org,0,
CUST002877,Stephanie,Hernandez,70,CO,2025-11-14,Gold,jacquelinegiles@example.org,0,
CUST002878,Christopher,Gordon,63,MN,2021-03-08,Platinum,caseywest@example.net,1,2025-03-01
CUST002879,Maureen,Robinson,29,VA,2022-02-15,Green,chandlernathan@example.org,0,
CUST002880,Dustin,Mcguire,30,WA,2024-04-01,Green,onealbrandon@example.org,1,2025-03-01
CUST002881,Sandra,Ingram,41,CA,2025-09-28,Green,johnsonpatricia@example.com,0,
CUST002882,Alexa,Jacobs,44,PA,2023-04-29,Gold,kennethcastillo@example.net,1,2025-05-01
CUST002883,Robert,Bryant,65,GA,2023-02-02,Green,matthew96@example.com,0,
CUST002884,Steven,Bryant,22,MN,2022-05-24,Green,fflynn@example.com,0,
CUST002885,William,Stein,50,TX,2025-02-07,Green,jaime21@example.com,1,2025-09-01
CUST002886,Ashley,Santiago,49,OH,2023-06-21,Green,morgan63@example.net,1,2025-07-01
CUST002887,Christopher,Clark,23,MI,2022-09-21,Green,anthony81@example.com,0,
CUST002888,Benjamin,Gilbert,49,IL,2022-12-08,Gold,smithtimothy@example.net,0,
CUST002889,Alan,Johns,33,MI,2021-08-12,Gold,glewis@example.net,0,
CUST002890,Kimberly,Bryant,68,NJ,2022-04-29,Green,evansashley@example.net,0,
CUST002891,Travis,Fry,58,OH,2022-10-08,Gold,bhampton@example.net,0,
CUST002892,Alison,Ramos,25,WA,2024-10-15,Green,sjackson@example.com,0,
CUST002893,Kelly,Vega,22,PA,2023-03-29,Platinum,zcampbell@example.net,1,2025-10-01
CUST002894,Jeremy,Tyler,21,VA,2021-02-11,Green,ginadaniels@example.net,0,
CUST002895,Joshua,Ramirez,51,GA,2023-10-15,Gold,jameswarren@example.com,0,
CUST002896,Randy,Moss,25,CO,2022-08-12,Platinum,lcarter@example.com,0,
CUST002897,Veronica,Kelly,44,MD,2020-10-29,Green,longjeffery@example.org,0,
CUST002898,Thomas,Savage,68,CO,2021-07-02,Green,basskatie@example.net,0,
CUST002899,Marcus,Stewart,64,OH,2023-10-27,Gold,mendezalicia@example.com,0,
CUST002900,Sarah,Martinez,60,OH,2025-06-08,Gold,nathan61@example.org,1,2025-09-01
CUST002901,John,Schultz,33,CO,2022-03-21,Green,scott17@example.org,0,
CUST002902,Patrick,Ramos,33,MI,2022-08-08,Gold,lisa75@example.net,0,
CUST002903,Stephanie,Brown,50,NC,2023-07-04,Platinum,blambert@example.org,0,
CUST002904,Cathy,Brown,35,NJ,2022-08-30,Gold,donnagomez@example.com,0,
CUST002905,Edward,Williams,23,AZ,2022-08-05,Green,valerie55@example.com,0,
CUST002906,Melanie,Ballard,32,NJ,2024-01-30,Gold,rcarson@example.org,0,
CUST002907,Ryan,Garcia,47,NY,2021-01-12,Platinum,jonathanshea@example.org,1,2025-11-01
CUST002908,Richard,Cooley,57,VA,2021-11-18,Green,joshua47@example.com,0,
CUST002909,Matthew,Ramsey,70,PA,2025-08-30,Gold,alishamartinez@example.com,0,
CUST002910,Kathleen,Burns,36,NY,2024-03-18,Gold,xpowers@example.org,0,
CUST002911,Lisa,Brock,30,MN,2020-10-27,Gold,cgarcia@example.org,0,
CUST002912,Daniel,Waters,37,MN,2023-02-28,Green,mccarthytimothy@example.org,0,
CUST002913,Joseph,Cruz,50,CO,2024-02-21,Green,obrienbrian@example.com,0,
CUST002914,Benjamin,Fisher,56,TN,2024-08-21,Green,rlewis@example.com,0,
CUST002915,Elizabeth,Odom,66,WA,2023-09-19,Platinum,wflores@example.org,1,2025-02-01
CUST002916,Michael,Brown,29,NC,2021-12-14,Green,annehendrix@example.org,0,
CUST002917,Heather,White,36,TN,2025-08-17,Green,shepherdryan@example.org,0,
CUST002918,Cody,Romero,28,NC,2022-08-16,Gold,houstonanna@example.com,0,
CUST002919,Kara,Foster,47,IL,2025-11-04,Green,larrychandler@example.net,0,
CUST002920,Laurie,Miller,29,MD,2025-04-22,Green,brian16@example.com,0,
CUST002921,Benjamin,Fischer,29,WI,2024-11-12,Gold,vickiegillespie@example.org,0,
CUST002922,Steven,Moore,41,CA,2021-08-14,Green,hernandezjoseph@example.net,0,
CUST002923,Lisa,George,31,GA,2020-11-06,Gold,christian56@example.net,0,
CUST002924,Christina,Jackson,48,PA,2023-03-30,Gold,danavalencia@example.net,0,
CUST002925,Brenda,Williams,26,WI,2025-04-18,Green,guzmanmichael@example.org,0,
CUST002926,Gregory,Hebert,49,AZ,2024-10-10,Green,wwalsh@example.com,0,
CUST002927,Brandon,Phillips,37,WI,2023-09-19,Gold,christina70@example.com,1,2025-06-01
CUST002928,Sandra,Bell,63,GA,2024-12-17,Green,caldwellbrian@example.com,1,2025-04-01
CUST002929,Samantha,Daniel,30,NC,2025-10-06,Green,chase49@example.com,0,
CUST002930,Jay,Mullins,66,AZ,2024-05-24,Green,gjohnson@example.org,0,
CUST002931,Edward,Jones,27,CA,2025-01-05,Green,kristinebond@example.com,0,
CUST002932,Manuel,Taylor,48,FL,2020-12-25,Platinum,czamora@example.com,0,
CUST002933,Mia,Taylor,22,MI,2023-04-28,Green,wendy43@example.net,0,
CUST002934,Blake,Hudson,25,MI,2022-01-14,Platinum,williamsdavid@example.com,0,
CUST002935,Roberta,Martin,69,PA,2023-05-04,Green,andreamontgomery@example.net,0,
CUST002936,Christopher,Guerrero,29,AZ,2024-10-20,Gold,joanna80@example.org,0,
CUST002937,Julie,Le,25,MD,2024-07-10,Gold,chrisramos@example.net,0,
CUST002938,Jason,Cobb,45,MI,2025-02-25,Gold,ssmith@example.org,1,2025-04-01
CUST002939,Stephanie,Vega,63,MD,2021-12-31,Green,cathycruz@example.com,0,
CUST002940,Rebecca,Thomas,58,FL,2021-09-01,Green,christophertaylor@example.net,1,2025-04-01
CUST002941,Lisa,Lawrence,49,GA,2026-03-11,Gold,rebeccahoover@example.org,0,
CUST002942,Joseph,Hughes,52,MD,2020-09-13,Platinum,tbrown@example.org,0,
CUST002943,Ashley,Hill,58,VA,2021-10-15,Green,lindsaybell@example.net,0,
CUST002944,Frank,Walker,54,TN,2022-04-02,Green,sherrymoyer@example.net,0,
CUST002945,Heather,Ramsey,33,AZ,2021-09-14,Green,vasquezmartin@example.org,1,2025-07-01
CUST002946,Alyssa,Brady,25,WI,2022-05-23,Platinum,daustin@example.net,0,
CUST002947,Jeffrey,West,37,WI,2025-05-18,Green,daryl06@example.org,0,
CUST002948,Timothy,Rodriguez,45,PA,2022-12-27,Green,afields@example.net,0,
CUST002949,Stanley,Harrington,65,NC,2020-10-08,Platinum,kpierce@example.com,1,2025-06-01
CUST002950,Ronald,Dickson,62,GA,2025-08-29,Green,wbrown@example.org,0,
CUST002951,Barry,Taylor,47,VA,2026-03-16,Platinum,claudia10@example.org,0,
CUST002952,Chelsey,Johnson,54,NC,2023-10-09,Gold,laurajohnson@example.com,0,
CUST002953,Nathan,Smith,64,TX,2026-01-25,Platinum,joshua68@example.net,0,
CUST002954,Kaitlyn,Munoz,65,CA,2025-11-26,Green,harrisonalexa@example.com,0,
CUST002955,Sandra,Powell,60,CO,2020-11-07,Platinum,angelabradford@example.com,0,
CUST002956,Connor,Pennington,34,NJ,2025-05-03,Green,vhill@example.com,1,2025-03-01
CUST002957,Christine,Brown,21,MA,2021-09-25,Gold,kimberly78@example.com,0,
CUST002958,Jason,Wells,51,NJ,2025-05-18,Green,cameron93@example.net,0,
CUST002959,Jack,Lopez,64,PA,2022-01-12,Gold,alicia88@example.net,0,
CUST002960,Tyler,Reese,50,NJ,2026-05-23,Gold,johnny10@example.com,0,
CUST002961,Wendy,Horton,35,AZ,2024-01-19,Gold,petersonralph@example.org,0,
CUST002962,Kayla,Torres,26,OH,2025-08-24,Gold,johnroberts@example.com,1,2025-11-01
CUST002963,James,Clark,55,AZ,2020-12-25,Green,qjones@example.com,0,
CUST002964,Samantha,Perez,46,IL,2021-06-03,Gold,mendezjillian@example.com,0,
CUST002965,Janice,King,68,GA,2025-04-05,Gold,jhoward@example.com,0,
CUST002966,Kelly,Ochoa,44,VA,2023-06-29,Green,michaelhardy@example.net,0,
CUST002967,Richard,Wilson,45,CO,2025-08-10,Green,flynngarrett@example.org,0,
CUST002968,Jessica,Reed,70,VA,2023-02-19,Gold,martinezpamela@example.net,0,
CUST002969,Gloria,Fowler,29,GA,2024-01-01,Green,danielsanchez@example.org,0,
CUST002970,Donald,Mendez,61,OH,2021-07-23,Green,pstewart@example.com,0,
CUST002971,Crystal,Davis,38,FL,2021-12-08,Gold,charlesschultz@example.net,0,
CUST002972,Marc,Moreno,23,MD,2022-01-11,Gold,christina49@example.org,0,
CUST002973,Adrian,Taylor,29,WA,2024-03-01,Green,shawnstewart@example.net,0,
CUST002974,Toni,Gomez,60,AZ,2021-06-16,Green,pelliott@example.com,0,
CUST002975,Megan,Salazar,62,TX,2025-10-08,Green,warnerryan@example.net,0,
CUST002976,Justin,Fowler,51,WI,2026-02-15,Green,ricedaniel@example.com,0,
CUST002977,Kevin,Gregory,50,NJ,2021-01-23,Gold,david70@example.net,0,
CUST002978,Curtis,Rosario,57,TN,2021-10-17,Green,seanwilliams@example.net,1,2025-06-01
CUST002979,Kaylee,Lang,43,VA,2021-03-03,Platinum,craigbrown@example.net,0,
CUST002980,Steven,Aguilar,66,AZ,2022-11-28,Gold,ashleydean@example.org,1,2025-03-01
CUST002981,Michael,Green,41,PA,2024-11-10,Gold,michaelbrooks@example.org,0,
CUST002982,Caleb,Lopez,51,NY,2021-03-10,Gold,meyerkeith@example.net,0,
CUST002983,Stephanie,Ball,64,PA,2025-06-12,Green,irandolph@example.org,0,
CUST002984,Christine,Smith,46,VA,2023-09-20,Platinum,virginiahoward@example.net,0,
CUST002985,Jason,Wallace,28,MI,2020-09-17,Green,colin11@example.net,1,2025-03-01
CUST002986,Ashley,Rocha,56,OH,2024-05-19,Green,castillosean@example.com,0,
CUST002987,Thomas,Le,61,GA,2022-07-31,Platinum,michael88@example.net,0,
CUST002988,Megan,Bryant,66,WI,2024-03-13,Gold,kylejones@example.com,0,
CUST002989,John,Farmer,70,OH,2022-07-03,Platinum,matthewscurtis@example.net,0,
CUST002990,Chad,Crawford,44,MI,2022-07-26,Green,anthonygriffin@example.com,0,
CUST002991,Elizabeth,Gordon,62,NC,2026-08-06,Green,amartin@example.net,0,
CUST002992,Gary,Torres,31,TX,2021-07-28,Gold,icoleman@example.org,0,
CUST002993,James,Everett,59,MA,2021-03-31,Platinum,higginstyler@example.org,0,
CUST002994,Norman,Riggs,63,WI,2023-07-23,Green,stacyjohnson@example.net,0,
CUST002995,Vicki,Robinson,23,OH,2023-06-14,Gold,patriciabuchanan@example.net,0,
CUST002996,Mary,Sanchez,21,MN,2025-04-21,Gold,ncampbell@example.org,1,2025-06-01
CUST002997,Candace,Patel,55,AZ,2023-11-24,Green,bernard37@example.org,0,
CUST002998,Amanda,Smith,67,TN,2021-08-05,Green,badams@example.net,0,
CUST002999,Katherine,Cook,38,NY,2025-12-04,Platinum,lindsay83@example.com,0,
CUST003000,David,Johnson,25,NY,2024-01-16,Gold,edward52@example.com,0,
