ticket_id,customer_id,ticket_month,reason,resolved_flag
TKT000001,CUST000016,2025-01-01,Late payment inquiry,1
TKT000002,CUST000016,2025-03-01,Late payment inquiry,1
TKT000003,CUST000016,2025-04-01,Late payment inquiry,1
TKT000004,CUST000016,2025-06-01,Fraud concern,1
TKT000005,CUST000016,2025-06-01,Fee complaint,1
TKT000006,CUST000016,2025-07-01,Rewards points issue,1
TKT000007,CUST000016,2025-08-01,Late payment inquiry,1
TKT000008,CUST000016,2025-08-01,Rewards points issue,1
TKT000009,CUST000016,2025-08-01,Fee complaint,1
TKT000010,CUST000016,2025-08-01,Card not working,1
TKT000011,CUST000016,2025-08-01,App/website login issue,1
TKT000012,CUST000016,2025-09-01,General inquiry,1
TKT000013,CUST000016,2025-11-01,Fee complaint,1
TKT000014,CUST000016,2025-12-01,Requesting card cancellation,1
TKT000015,CUST000016,2025-12-01,Fee complaint,1
TKT000016,CUST000018,2025-08-01,Late payment inquiry,1
TKT000017,CUST000019,2025-01-01,Rewards points issue,1
TKT000018,CUST000019,2025-01-01,Late payment inquiry,1
TKT000019,CUST000019,2025-03-01,Rewards points issue,1
TKT000020,CUST000019,2025-03-01,Billing dispute,1
TKT000021,CUST000019,2025-10-01,Card not working,1
TKT000022,CUST000019,2025-10-01,Card not working,1
TKT000023,CUST000019,2025-11-01,Fee complaint,1
TKT000024,CUST000019,2025-12-01,Fee complaint,1
TKT000025,CUST000019,2025-12-01,Requesting card cancellation,1
TKT000026,CUST000022,2025-02-01,Fee complaint,1
TKT000027,CUST000022,2025-03-01,Billing dispute,1
TKT000028,CUST000022,2025-03-01,App/website login issue,1
TKT000029,CUST000022,2025-07-01,Fraud concern,1
TKT000030,CUST000022,2025-07-01,Billing dispute,1
TKT000031,CUST000022,2025-08-01,Fee complaint,1
TKT000032,CUST000022,2025-09-01,App/website login issue,1
TKT000033,CUST000022,2025-09-01,Requesting card cancellation,0
TKT000034,CUST000022,2025-10-01,Requesting credit limit increase,1
TKT000035,CUST000022,2025-11-01,Rewards points issue,1
TKT000036,CUST000022,2025-11-01,Card not working,1
TKT000037,CUST000022,2025-12-01,Late payment inquiry,1
TKT000038,CUST000022,2025-12-01,Rewards points issue,1
TKT000039,CUST000027,2025-01-01,Billing dispute,1
TKT000040,CUST000027,2025-05-01,General inquiry,1
TKT000041,CUST000027,2025-09-01,General inquiry,1
TKT000042,CUST000027,2025-09-01,Card not working,1
TKT000043,CUST000027,2025-10-01,Requesting card cancellation,1
TKT000044,CUST000030,2025-06-01,Billing dispute,1
TKT000045,CUST000030,2025-06-01,Fraud concern,0
TKT000046,CUST000030,2025-07-01,General inquiry,1
TKT000047,CUST000031,2025-01-01,Billing dispute,1
TKT000048,CUST000031,2025-03-01,Billing dispute,1
TKT000049,CUST000031,2025-04-01,Fee complaint,1
TKT000050,CUST000031,2025-05-01,Requesting card cancellation,1
TKT000051,CUST000031,2025-07-01,Fraud concern,1
TKT000052,CUST000031,2025-08-01,Fraud concern,1
TKT000053,CUST000031,2025-09-01,Rewards points issue,1
TKT000054,CUST000031,2025-11-01,Late payment inquiry,1
TKT000055,CUST000031,2025-12-01,Card not working,1
TKT000056,CUST000032,2025-01-01,Late payment inquiry,1
TKT000057,CUST000032,2025-01-01,Fraud concern,1
TKT000058,CUST000032,2025-01-01,Requesting card cancellation,1
TKT000059,CUST000032,2025-03-01,Rewards points issue,1
TKT000060,CUST000032,2025-04-01,App/website login issue,1
TKT000061,CUST000032,2025-04-01,Billing dispute,1
TKT000062,CUST000032,2025-05-01,App/website login issue,1
TKT000063,CUST000032,2025-06-01,General inquiry,1
TKT000064,CUST000032,2025-06-01,Requesting card cancellation,1
TKT000065,CUST000032,2025-07-01,Billing dispute,1
TKT000066,CUST000032,2025-09-01,Billing dispute,0
TKT000067,CUST000032,2025-09-01,App/website login issue,1
TKT000068,CUST000032,2025-10-01,Late payment inquiry,1
TKT000069,CUST000032,2025-11-01,Fraud concern,1
TKT000070,CUST000032,2025-12-01,Fee complaint,1
TKT000071,CUST000035,2025-10-01,App/website login issue,1
TKT000072,CUST000035,2025-10-01,Billing dispute,0
TKT000073,CUST000038,2025-08-01,App/website login issue,1
TKT000074,CUST000038,2025-09-01,Fee complaint,1
TKT000075,CUST000038,2025-09-01,Billing dispute,1
TKT000076,CUST000043,2025-06-01,Fee complaint,1
TKT000077,CUST000043,2025-07-01,Requesting card cancellation,0
TKT000078,CUST000050,2025-01-01,Billing dispute,0
TKT000079,CUST000050,2025-03-01,App/website login issue,0
TKT000080,CUST000050,2025-03-01,Rewards points issue,0
TKT000081,CUST000050,2025-04-01,Rewards points issue,1
TKT000082,CUST000050,2025-05-01,Requesting credit limit increase,1
TKT000083,CUST000050,2025-06-01,Rewards points issue,1
TKT000084,CUST000050,2025-06-01,Card not working,1
TKT000085,CUST000050,2025-06-01,Fee complaint,1
TKT000086,CUST000050,2025-06-01,Fee complaint,1
TKT000087,CUST000050,2025-07-01,Fraud concern,0
TKT000088,CUST000050,2025-07-01,Fee complaint,0
TKT000089,CUST000050,2025-08-01,Fee complaint,1
TKT000090,CUST000050,2025-08-01,Rewards points issue,1
TKT000091,CUST000050,2025-08-01,Late payment inquiry,1
TKT000092,CUST000050,2025-08-01,Rewards points issue,0
TKT000093,CUST000050,2025-09-01,Card not working,1
TKT000094,CUST000050,2025-09-01,Rewards points issue,1
TKT000095,CUST000050,2025-09-01,App/website login issue,1
TKT000096,CUST000050,2025-11-01,Rewards points issue,1
TKT000097,CUST000051,2025-07-01,Billing dispute,1
TKT000098,CUST000054,2025-01-01,Fee complaint,1
TKT000099,CUST000054,2025-02-01,Fee complaint,1
TKT000100,CUST000054,2025-02-01,Billing dispute,1
TKT000101,CUST000054,2025-02-01,Billing dispute,1
TKT000102,CUST000054,2025-02-01,Late payment inquiry,1
TKT000103,CUST000054,2025-03-01,Fee complaint,0
TKT000104,CUST000054,2025-03-01,Requesting card cancellation,1
TKT000105,CUST000054,2025-03-01,Requesting card cancellation,1
TKT000106,CUST000054,2025-03-01,Rewards points issue,1
TKT000107,CUST000054,2025-04-01,Fee complaint,1
TKT000108,CUST000054,2025-05-01,General inquiry,1
TKT000109,CUST000054,2025-06-01,Requesting credit limit increase,1
TKT000110,CUST000054,2025-06-01,Rewards points issue,1
TKT000111,CUST000054,2025-08-01,Rewards points issue,1
TKT000112,CUST000054,2025-08-01,App/website login issue,1
TKT000113,CUST000054,2025-08-01,Billing dispute,1
TKT000114,CUST000054,2025-08-01,Billing dispute,1
TKT000115,CUST000054,2025-09-01,Fee complaint,1
TKT000116,CUST000054,2025-09-01,Fee complaint,0
TKT000117,CUST000054,2025-10-01,Rewards points issue,1
TKT000118,CUST000054,2025-10-01,General inquiry,1
TKT000119,CUST000054,2025-10-01,Requesting card cancellation,0
TKT000120,CUST000054,2025-10-01,Billing dispute,1
TKT000121,CUST000054,2025-11-01,Billing dispute,1
TKT000122,CUST000054,2025-11-01,Late payment inquiry,1
TKT000123,CUST000054,2025-11-01,Billing dispute,1
TKT000124,CUST000054,2025-11-01,Billing dispute,0
TKT000125,CUST000054,2025-12-01,Rewards points issue,1
TKT000126,CUST000054,2025-12-01,Rewards points issue,1
TKT000127,CUST000054,2025-12-01,Requesting credit limit increase,1
TKT000128,CUST000062,2025-01-01,Late payment inquiry,1
TKT000129,CUST000062,2025-02-01,General inquiry,1
TKT000130,CUST000062,2025-03-01,General inquiry,0
TKT000131,CUST000062,2025-03-01,Fee complaint,1
TKT000132,CUST000062,2025-03-01,General inquiry,1
TKT000133,CUST000062,2025-03-01,Billing dispute,1
TKT000134,CUST000062,2025-06-01,Fee complaint,1
TKT000135,CUST000062,2025-06-01,Requesting card cancellation,1
TKT000136,CUST000062,2025-08-01,Rewards points issue,1
TKT000137,CUST000062,2025-08-01,App/website login issue,1
TKT000138,CUST000062,2025-12-01,Fee complaint,1
TKT000139,CUST000062,2025-12-01,Late payment inquiry,1
TKT000140,CUST000063,2025-07-01,Fraud concern,1
TKT000141,CUST000063,2025-07-01,Billing dispute,1
TKT000142,CUST000067,2025-08-01,Card not working,1
TKT000143,CUST000069,2025-10-01,Fraud concern,1
TKT000144,CUST000074,2025-10-01,Late payment inquiry,1
TKT000145,CUST000074,2025-11-01,Fee complaint,1
TKT000146,CUST000078,2025-01-01,Requesting card cancellation,0
TKT000147,CUST000078,2025-01-01,Late payment inquiry,1
TKT000148,CUST000078,2025-02-01,Requesting card cancellation,1
TKT000149,CUST000078,2025-03-01,Requesting card cancellation,1
TKT000150,CUST000078,2025-07-01,Fraud concern,1
TKT000151,CUST000078,2025-08-01,Billing dispute,1
TKT000152,CUST000078,2025-08-01,Requesting card cancellation,1
TKT000153,CUST000078,2025-08-01,Billing dispute,1
TKT000154,CUST000078,2025-08-01,Fraud concern,1
TKT000155,CUST000078,2025-08-01,Fee complaint,1
TKT000156,CUST000078,2025-09-01,Fee complaint,1
TKT000157,CUST000078,2025-09-01,Requesting credit limit increase,1
TKT000158,CUST000078,2025-10-01,General inquiry,1
TKT000159,CUST000078,2025-11-01,Billing dispute,0
TKT000160,CUST000078,2025-12-01,Card not working,1
TKT000161,CUST000081,2025-01-01,Late payment inquiry,1
TKT000162,CUST000081,2025-04-01,Requesting card cancellation,1
TKT000163,CUST000081,2025-04-01,General inquiry,0
TKT000164,CUST000081,2025-09-01,Card not working,1
TKT000165,CUST000081,2025-10-01,Requesting credit limit increase,1
TKT000166,CUST000081,2025-11-01,General inquiry,1
TKT000167,CUST000081,2025-11-01,App/website login issue,1
TKT000168,CUST000081,2025-12-01,Rewards points issue,0
TKT000169,CUST000081,2025-12-01,General inquiry,1
TKT000170,CUST000090,2025-01-01,Billing dispute,1
TKT000171,CUST000090,2025-02-01,Requesting card cancellation,1
TKT000172,CUST000090,2025-02-01,Fraud concern,1
TKT000173,CUST000090,2025-03-01,General inquiry,1
TKT000174,CUST000090,2025-03-01,Billing dispute,1
TKT000175,CUST000090,2025-03-01,Rewards points issue,1
TKT000176,CUST000090,2025-11-01,Requesting card cancellation,1
TKT000177,CUST000090,2025-11-01,Requesting credit limit increase,1
TKT000178,CUST000090,2025-12-01,App/website login issue,1
TKT000179,CUST000093,2025-08-01,Late payment inquiry,1
TKT000180,CUST000093,2025-09-01,Fee complaint,1
TKT000181,CUST000093,2025-09-01,Fraud concern,0
TKT000182,CUST000093,2025-09-01,App/website login issue,1
TKT000183,CUST000099,2025-02-01,Fee complaint,1
TKT000184,CUST000099,2025-05-01,Card not working,1
TKT000185,CUST000099,2025-06-01,Requesting card cancellation,1
TKT000186,CUST000099,2025-07-01,Fee complaint,1
TKT000187,CUST000099,2025-07-01,Requesting card cancellation,0
TKT000188,CUST000099,2025-08-01,Fee complaint,1
TKT000189,CUST000099,2025-08-01,Requesting credit limit increase,1
TKT000190,CUST000099,2025-09-01,Billing dispute,1
TKT000191,CUST000099,2025-09-01,Rewards points issue,1
TKT000192,CUST000099,2025-10-01,Fee complaint,1
TKT000193,CUST000099,2025-11-01,Requesting credit limit increase,1
TKT000194,CUST000099,2025-12-01,Late payment inquiry,1
TKT000195,CUST000099,2025-12-01,Requesting credit limit increase,1
TKT000196,CUST000100,2025-02-01,Billing dispute,1
TKT000197,CUST000100,2025-03-01,Fee complaint,1
TKT000198,CUST000100,2025-03-01,Fee complaint,1
TKT000199,CUST000100,2025-03-01,Late payment inquiry,0
TKT000200,CUST000100,2025-06-01,Fee complaint,1
TKT000201,CUST000100,2025-06-01,Fee complaint,1
TKT000202,CUST000100,2025-06-01,Late payment inquiry,0
TKT000203,CUST000100,2025-09-01,Rewards points issue,1
TKT000204,CUST000100,2025-10-01,Card not working,1
TKT000205,CUST000100,2025-11-01,Fee complaint,1
TKT000206,CUST000100,2025-11-01,Billing dispute,1
TKT000207,CUST000107,2025-01-01,App/website login issue,1
TKT000208,CUST000107,2025-03-01,General inquiry,1
TKT000209,CUST000107,2025-03-01,Requesting credit limit increase,1
TKT000210,CUST000107,2025-05-01,Late payment inquiry,1
TKT000211,CUST000107,2025-06-01,Rewards points issue,0
TKT000212,CUST000107,2025-07-01,App/website login issue,1
TKT000213,CUST000107,2025-08-01,App/website login issue,1
TKT000214,CUST000107,2025-10-01,App/website login issue,1
TKT000215,CUST000107,2025-11-01,Rewards points issue,1
TKT000216,CUST000107,2025-11-01,General inquiry,1
TKT000217,CUST000108,2025-09-01,Late payment inquiry,1
TKT000218,CUST000108,2025-09-01,Late payment inquiry,1
TKT000219,CUST000108,2025-10-01,Fraud concern,1
TKT000220,CUST000108,2025-10-01,Fee complaint,1
TKT000221,CUST000113,2025-01-01,Billing dispute,1
TKT000222,CUST000113,2025-01-01,Fee complaint,1
TKT000223,CUST000113,2025-03-01,General inquiry,1
TKT000224,CUST000113,2025-03-01,Late payment inquiry,1
TKT000225,CUST000113,2025-04-01,Requesting card cancellation,1
TKT000226,CUST000113,2025-04-01,Fee complaint,1
TKT000227,CUST000113,2025-04-01,Late payment inquiry,0
TKT000228,CUST000113,2025-04-01,App/website login issue,1
TKT000229,CUST000113,2025-05-01,App/website login issue,0
TKT000230,CUST000113,2025-06-01,Card not working,1
TKT000231,CUST000113,2025-06-01,Fee complaint,1
TKT000232,CUST000113,2025-07-01,Card not working,1
TKT000233,CUST000113,2025-07-01,Requesting card cancellation,1
TKT000234,CUST000113,2025-08-01,Card not working,1
TKT000235,CUST000113,2025-08-01,Billing dispute,1
TKT000236,CUST000113,2025-09-01,Billing dispute,1
TKT000237,CUST000113,2025-10-01,Billing dispute,1
TKT000238,CUST000113,2025-10-01,Late payment inquiry,1
TKT000239,CUST000113,2025-10-01,Requesting card cancellation,1
TKT000240,CUST000113,2025-10-01,Requesting card cancellation,0
TKT000241,CUST000113,2025-10-01,Billing dispute,1
TKT000242,CUST000113,2025-11-01,Late payment inquiry,0
TKT000243,CUST000113,2025-11-01,App/website login issue,0
TKT000244,CUST000113,2025-12-01,Late payment inquiry,1
TKT000245,CUST000116,2025-08-01,Billing dispute,1
TKT000246,CUST000116,2025-09-01,Billing dispute,1
TKT000247,CUST000117,2025-01-01,Fraud concern,1
TKT000248,CUST000117,2025-04-01,Billing dispute,1
TKT000249,CUST000117,2025-06-01,Fee complaint,0
TKT000250,CUST000117,2025-06-01,Card not working,1
TKT000251,CUST000117,2025-08-01,Requesting card cancellation,1
TKT000252,CUST000117,2025-09-01,Billing dispute,1
TKT000253,CUST000117,2025-11-01,Fee complaint,1
TKT000254,CUST000117,2025-11-01,Rewards points issue,0
TKT000255,CUST000117,2025-12-01,Billing dispute,1
TKT000256,CUST000122,2025-02-01,Fraud concern,0
TKT000257,CUST000122,2025-02-01,Fraud concern,1
TKT000258,CUST000122,2025-02-01,Late payment inquiry,1
TKT000259,CUST000122,2025-03-01,Billing dispute,1
TKT000260,CUST000122,2025-04-01,Fee complaint,1
TKT000261,CUST000122,2025-04-01,Rewards points issue,1
TKT000262,CUST000122,2025-04-01,App/website login issue,0
TKT000263,CUST000122,2025-05-01,General inquiry,1
TKT000264,CUST000122,2025-06-01,Late payment inquiry,0
TKT000265,CUST000122,2025-08-01,Billing dispute,1
TKT000266,CUST000122,2025-08-01,Fee complaint,1
TKT000267,CUST000127,2025-01-01,Late payment inquiry,1
TKT000268,CUST000127,2025-01-01,Requesting credit limit increase,1
TKT000269,CUST000127,2025-01-01,General inquiry,0
TKT000270,CUST000127,2025-03-01,App/website login issue,1
TKT000271,CUST000127,2025-04-01,Fee complaint,1
TKT000272,CUST000127,2025-04-01,General inquiry,1
TKT000273,CUST000127,2025-04-01,Fraud concern,1
TKT000274,CUST000127,2025-04-01,Fee complaint,1
TKT000275,CUST000127,2025-06-01,Rewards points issue,1
TKT000276,CUST000127,2025-06-01,General inquiry,1
TKT000277,CUST000127,2025-07-01,General inquiry,1
TKT000278,CUST000127,2025-08-01,Card not working,0
TKT000279,CUST000127,2025-09-01,Card not working,1
TKT000280,CUST000127,2025-10-01,Card not working,1
TKT000281,CUST000127,2025-10-01,Late payment inquiry,1
TKT000282,CUST000127,2025-10-01,Rewards points issue,1
TKT000283,CUST000127,2025-11-01,Rewards points issue,1
TKT000284,CUST000127,2025-12-01,App/website login issue,1
TKT000285,CUST000130,2025-04-01,Rewards points issue,1
TKT000286,CUST000130,2025-05-01,General inquiry,0
TKT000287,CUST000130,2025-06-01,Fee complaint,1
TKT000288,CUST000130,2025-07-01,Billing dispute,1
TKT000289,CUST000130,2025-07-01,Fee complaint,0
TKT000290,CUST000130,2025-08-01,Billing dispute,1
TKT000291,CUST000130,2025-09-01,Fee complaint,1
TKT000292,CUST000130,2025-10-01,App/website login issue,1
TKT000293,CUST000130,2025-10-01,Card not working,1
TKT000294,CUST000130,2025-12-01,Late payment inquiry,1
TKT000295,CUST000130,2025-12-01,Rewards points issue,1
TKT000296,CUST000130,2025-12-01,General inquiry,1
TKT000297,CUST000130,2025-12-01,Card not working,0
TKT000298,CUST000133,2025-01-01,Card not working,1
TKT000299,CUST000133,2025-02-01,App/website login issue,1
TKT000300,CUST000133,2025-06-01,General inquiry,1
TKT000301,CUST000133,2025-06-01,Late payment inquiry,1
TKT000302,CUST000133,2025-07-01,General inquiry,1
TKT000303,CUST000133,2025-08-01,Rewards points issue,0
TKT000304,CUST000133,2025-08-01,Late payment inquiry,1
TKT000305,CUST000141,2025-01-01,Requesting card cancellation,1
TKT000306,CUST000141,2025-02-01,Late payment inquiry,1
TKT000307,CUST000141,2025-02-01,Requesting card cancellation,0
TKT000308,CUST000141,2025-02-01,Fee complaint,1
TKT000309,CUST000141,2025-02-01,Rewards points issue,0
TKT000310,CUST000141,2025-02-01,Rewards points issue,0
TKT000311,CUST000141,2025-03-01,Late payment inquiry,1
TKT000312,CUST000141,2025-04-01,App/website login issue,1
TKT000313,CUST000141,2025-05-01,Card not working,1
TKT000314,CUST000141,2025-05-01,Fee complaint,0
TKT000315,CUST000141,2025-05-01,Rewards points issue,1
TKT000316,CUST000141,2025-06-01,Late payment inquiry,1
TKT000317,CUST000141,2025-08-01,App/website login issue,1
TKT000318,CUST000141,2025-08-01,App/website login issue,1
TKT000319,CUST000141,2025-08-01,Fee complaint,1
TKT000320,CUST000141,2025-09-01,Fraud concern,1
TKT000321,CUST000141,2025-09-01,Billing dispute,1
TKT000322,CUST000141,2025-09-01,Card not working,0
TKT000323,CUST000141,2025-09-01,General inquiry,1
TKT000324,CUST000141,2025-09-01,Requesting card cancellation,1
TKT000325,CUST000141,2025-09-01,Fee complaint,1
TKT000326,CUST000141,2025-10-01,Card not working,1
TKT000327,CUST000141,2025-11-01,Fee complaint,1
TKT000328,CUST000141,2025-11-01,Late payment inquiry,1
TKT000329,CUST000141,2025-11-01,Late payment inquiry,1
TKT000330,CUST000141,2025-12-01,Fee complaint,1
TKT000331,CUST000143,2025-07-01,Rewards points issue,1
TKT000332,CUST000148,2025-03-01,Requesting card cancellation,1
TKT000333,CUST000148,2025-05-01,Rewards points issue,1
TKT000334,CUST000148,2025-05-01,Card not working,1
TKT000335,CUST000148,2025-05-01,Card not working,1
TKT000336,CUST000148,2025-06-01,General inquiry,1
TKT000337,CUST000148,2025-08-01,Fee complaint,1
TKT000338,CUST000148,2025-09-01,Late payment inquiry,1
TKT000339,CUST000148,2025-10-01,Fee complaint,1
TKT000340,CUST000149,2025-03-01,General inquiry,1
TKT000341,CUST000149,2025-03-01,Fee complaint,1
TKT000342,CUST000149,2025-03-01,Card not working,1
TKT000343,CUST000149,2025-04-01,Fee complaint,1
TKT000344,CUST000149,2025-04-01,Fraud concern,1
TKT000345,CUST000158,2025-02-01,Fraud concern,1
TKT000346,CUST000158,2025-03-01,Fraud concern,0
TKT000347,CUST000158,2025-03-01,Fee complaint,1
TKT000348,CUST000158,2025-05-01,Late payment inquiry,1
TKT000349,CUST000158,2025-06-01,Fee complaint,1
TKT000350,CUST000158,2025-07-01,General inquiry,1
TKT000351,CUST000158,2025-07-01,General inquiry,1
TKT000352,CUST000158,2025-10-01,Requesting card cancellation,1
TKT000353,CUST000158,2025-10-01,App/website login issue,1
TKT000354,CUST000158,2025-12-01,Billing dispute,1
TKT000355,CUST000158,2025-12-01,Requesting card cancellation,1
TKT000356,CUST000158,2025-12-01,App/website login issue,1
TKT000357,CUST000159,2025-04-01,General inquiry,1
TKT000358,CUST000159,2025-05-01,App/website login issue,0
TKT000359,CUST000159,2025-06-01,Card not working,1
TKT000360,CUST000160,2025-08-01,Requesting credit limit increase,1
TKT000361,CUST000163,2025-03-01,Requesting card cancellation,1
TKT000362,CUST000165,2025-01-01,Billing dispute,1
TKT000363,CUST000165,2025-02-01,Billing dispute,0
TKT000364,CUST000165,2025-02-01,Billing dispute,1
TKT000365,CUST000165,2025-04-01,Fee complaint,1
TKT000366,CUST000165,2025-04-01,Rewards points issue,1
TKT000367,CUST000165,2025-05-01,Rewards points issue,1
TKT000368,CUST000165,2025-07-01,Rewards points issue,1
TKT000369,CUST000165,2025-10-01,General inquiry,1
TKT000370,CUST000165,2025-10-01,Requesting credit limit increase,1
TKT000371,CUST000165,2025-12-01,General inquiry,1
TKT000372,CUST000165,2025-12-01,Rewards points issue,1
TKT000373,CUST000165,2025-12-01,General inquiry,1
TKT000374,CUST000170,2025-04-01,General inquiry,1
TKT000375,CUST000170,2025-06-01,Billing dispute,1
TKT000376,CUST000171,2025-01-01,Fee complaint,1
TKT000377,CUST000171,2025-02-01,General inquiry,1
TKT000378,CUST000171,2025-02-01,General inquiry,1
TKT000379,CUST000171,2025-03-01,General inquiry,1
TKT000380,CUST000171,2025-06-01,Rewards points issue,1
TKT000381,CUST000171,2025-07-01,Fee complaint,1
TKT000382,CUST000171,2025-08-01,Card not working,1
TKT000383,CUST000171,2025-09-01,Requesting card cancellation,1
TKT000384,CUST000171,2025-11-01,Fee complaint,1
TKT000385,CUST000171,2025-12-01,Billing dispute,1
TKT000386,CUST000171,2025-12-01,Rewards points issue,1
TKT000387,CUST000179,2025-04-01,Billing dispute,1
TKT000388,CUST000179,2025-04-01,Requesting card cancellation,1
TKT000389,CUST000179,2025-04-01,Fraud concern,1
TKT000390,CUST000179,2025-05-01,Fraud concern,0
TKT000391,CUST000186,2025-06-01,Requesting credit limit increase,0
TKT000392,CUST000192,2025-03-01,Card not working,1
TKT000393,CUST000209,2025-05-01,Billing dispute,1
TKT000394,CUST000209,2025-05-01,General inquiry,1
TKT000395,CUST000209,2025-09-01,Billing dispute,1
TKT000396,CUST000209,2025-09-01,Fraud concern,1
TKT000397,CUST000209,2025-10-01,Fee complaint,1
TKT000398,CUST000209,2025-10-01,Late payment inquiry,1
TKT000399,CUST000209,2025-11-01,General inquiry,1
TKT000400,CUST000209,2025-11-01,Card not working,1
TKT000401,CUST000209,2025-11-01,General inquiry,1
TKT000402,CUST000209,2025-12-01,Rewards points issue,1
TKT000403,CUST000212,2025-05-01,Late payment inquiry,1
TKT000404,CUST000212,2025-05-01,Rewards points issue,0
TKT000405,CUST000212,2025-05-01,Requesting credit limit increase,1
TKT000406,CUST000222,2025-01-01,App/website login issue,0
TKT000407,CUST000222,2025-02-01,General inquiry,1
TKT000408,CUST000222,2025-02-01,General inquiry,1
TKT000409,CUST000222,2025-02-01,Late payment inquiry,1
TKT000410,CUST000222,2025-04-01,App/website login issue,1
TKT000411,CUST000222,2025-05-01,Requesting card cancellation,1
TKT000412,CUST000222,2025-05-01,General inquiry,1
TKT000413,CUST000222,2025-06-01,App/website login issue,0
TKT000414,CUST000222,2025-07-01,Billing dispute,1
TKT000415,CUST000222,2025-08-01,Rewards points issue,1
TKT000416,CUST000222,2025-09-01,Fee complaint,1
TKT000417,CUST000222,2025-11-01,Fee complaint,1
TKT000418,CUST000222,2025-11-01,Rewards points issue,1
TKT000419,CUST000231,2025-01-01,Fee complaint,1
TKT000420,CUST000231,2025-01-01,Fee complaint,1
TKT000421,CUST000231,2025-02-01,Billing dispute,1
TKT000422,CUST000231,2025-02-01,Requesting card cancellation,1
TKT000423,CUST000231,2025-02-01,App/website login issue,1
TKT000424,CUST000231,2025-04-01,Billing dispute,1
TKT000425,CUST000231,2025-08-01,Rewards points issue,1
TKT000426,CUST000231,2025-10-01,Late payment inquiry,1
TKT000427,CUST000231,2025-11-01,Card not working,1
TKT000428,CUST000231,2025-12-01,Fee complaint,1
TKT000429,CUST000231,2025-12-01,Billing dispute,1
TKT000430,CUST000234,2025-03-01,Requesting card cancellation,0
TKT000431,CUST000234,2025-04-01,Rewards points issue,0
TKT000432,CUST000234,2025-04-01,General inquiry,1
TKT000433,CUST000234,2025-05-01,Rewards points issue,1
TKT000434,CUST000234,2025-07-01,App/website login issue,1
TKT000435,CUST000234,2025-08-01,Fraud concern,1
TKT000436,CUST000234,2025-09-01,General inquiry,1
TKT000437,CUST000234,2025-09-01,Late payment inquiry,1
TKT000438,CUST000234,2025-10-01,Fee complaint,1
TKT000439,CUST000234,2025-11-01,Late payment inquiry,1
TKT000440,CUST000234,2025-11-01,Card not working,1
TKT000441,CUST000234,2025-11-01,General inquiry,1
TKT000442,CUST000234,2025-12-01,Rewards points issue,0
TKT000443,CUST000235,2025-03-01,App/website login issue,0
TKT000444,CUST000235,2025-04-01,Requesting credit limit increase,1
TKT000445,CUST000235,2025-04-01,Rewards points issue,1
TKT000446,CUST000235,2025-05-01,Rewards points issue,1
TKT000447,CUST000235,2025-06-01,Requesting card cancellation,1
TKT000448,CUST000235,2025-06-01,Late payment inquiry,1
TKT000449,CUST000235,2025-06-01,Fraud concern,1
TKT000450,CUST000235,2025-07-01,Fee complaint,1
TKT000451,CUST000235,2025-08-01,Late payment inquiry,1
TKT000452,CUST000235,2025-09-01,General inquiry,1
TKT000453,CUST000235,2025-09-01,Fraud concern,1
TKT000454,CUST000235,2025-11-01,Late payment inquiry,1
TKT000455,CUST000235,2025-11-01,Fee complaint,1
TKT000456,CUST000235,2025-12-01,Card not working,1
TKT000457,CUST000238,2025-01-01,Late payment inquiry,1
TKT000458,CUST000238,2025-01-01,General inquiry,1
TKT000459,CUST000238,2025-03-01,Late payment inquiry,1
TKT000460,CUST000238,2025-05-01,Card not working,1
TKT000461,CUST000238,2025-06-01,Billing dispute,1
TKT000462,CUST000238,2025-06-01,Card not working,1
TKT000463,CUST000238,2025-07-01,App/website login issue,1
TKT000464,CUST000238,2025-09-01,Card not working,1
TKT000465,CUST000238,2025-10-01,Rewards points issue,1
TKT000466,CUST000238,2025-11-01,General inquiry,1
TKT000467,CUST000238,2025-11-01,General inquiry,0
TKT000468,CUST000238,2025-12-01,Card not working,1
TKT000469,CUST000247,2025-10-01,Fee complaint,0
TKT000470,CUST000247,2025-10-01,Requesting card cancellation,1
TKT000471,CUST000247,2025-10-01,Billing dispute,0
TKT000472,CUST000255,2025-01-01,Card not working,0
TKT000473,CUST000255,2025-04-01,Late payment inquiry,0
TKT000474,CUST000255,2025-04-01,Billing dispute,1
TKT000475,CUST000255,2025-05-01,Requesting card cancellation,1
TKT000476,CUST000255,2025-06-01,Late payment inquiry,1
TKT000477,CUST000255,2025-06-01,Requesting card cancellation,1
TKT000478,CUST000255,2025-07-01,Requesting card cancellation,1
TKT000479,CUST000255,2025-11-01,App/website login issue,1
TKT000480,CUST000255,2025-12-01,Card not working,1
TKT000481,CUST000257,2025-01-01,Rewards points issue,1
TKT000482,CUST000257,2025-01-01,Fee complaint,1
TKT000483,CUST000257,2025-02-01,Late payment inquiry,1
TKT000484,CUST000257,2025-03-01,Fraud concern,0
TKT000485,CUST000257,2025-05-01,Requesting card cancellation,0
TKT000486,CUST000257,2025-08-01,General inquiry,1
TKT000487,CUST000257,2025-08-01,Billing dispute,1
TKT000488,CUST000257,2025-09-01,Rewards points issue,0
TKT000489,CUST000257,2025-11-01,Late payment inquiry,1
TKT000490,CUST000257,2025-12-01,App/website login issue,1
TKT000491,CUST000257,2025-12-01,Billing dispute,1
TKT000492,CUST000257,2025-12-01,App/website login issue,1
TKT000493,CUST000257,2025-12-01,Billing dispute,1
TKT000494,CUST000259,2025-01-01,General inquiry,1
TKT000495,CUST000259,2025-01-01,Requesting credit limit increase,1
TKT000496,CUST000259,2025-05-01,Fee complaint,0
TKT000497,CUST000259,2025-07-01,Billing dispute,1
TKT000498,CUST000259,2025-09-01,Card not working,1
TKT000499,CUST000259,2025-09-01,Fee complaint,1
TKT000500,CUST000262,2025-01-01,Rewards points issue,1
TKT000501,CUST000262,2025-02-01,Rewards points issue,1
TKT000502,CUST000262,2025-03-01,Fee complaint,1
TKT000503,CUST000262,2025-03-01,Billing dispute,1
TKT000504,CUST000262,2025-03-01,Card not working,1
TKT000505,CUST000262,2025-08-01,Rewards points issue,0
TKT000506,CUST000262,2025-08-01,App/website login issue,0
TKT000507,CUST000262,2025-08-01,App/website login issue,1
TKT000508,CUST000262,2025-09-01,Billing dispute,1
TKT000509,CUST000262,2025-09-01,Billing dispute,0
TKT000510,CUST000262,2025-11-01,Late payment inquiry,1
TKT000511,CUST000262,2025-11-01,Rewards points issue,1
TKT000512,CUST000262,2025-12-01,Fee complaint,1
TKT000513,CUST000263,2025-01-01,Billing dispute,1
TKT000514,CUST000263,2025-02-01,Rewards points issue,1
TKT000515,CUST000263,2025-04-01,Fee complaint,1
TKT000516,CUST000263,2025-07-01,Late payment inquiry,1
TKT000517,CUST000263,2025-08-01,Requesting card cancellation,0
TKT000518,CUST000263,2025-08-01,Fee complaint,1
TKT000519,CUST000263,2025-10-01,Fee complaint,0
TKT000520,CUST000263,2025-10-01,Fee complaint,1
TKT000521,CUST000263,2025-10-01,Billing dispute,1
TKT000522,CUST000263,2025-10-01,Fraud concern,1
TKT000523,CUST000263,2025-12-01,Late payment inquiry,1
TKT000524,CUST000263,2025-12-01,Card not working,0
TKT000525,CUST000264,2025-05-01,App/website login issue,1
TKT000526,CUST000264,2025-05-01,Late payment inquiry,1
TKT000527,CUST000269,2025-01-01,App/website login issue,0
TKT000528,CUST000269,2025-02-01,Requesting card cancellation,1
TKT000529,CUST000269,2025-02-01,Rewards points issue,1
TKT000530,CUST000269,2025-02-01,General inquiry,1
TKT000531,CUST000269,2025-03-01,App/website login issue,0
TKT000532,CUST000269,2025-03-01,Card not working,0
TKT000533,CUST000269,2025-05-01,Billing dispute,1
TKT000534,CUST000269,2025-06-01,Fee complaint,1
TKT000535,CUST000269,2025-07-01,Rewards points issue,0
TKT000536,CUST000269,2025-07-01,Fraud concern,1
TKT000537,CUST000269,2025-08-01,General inquiry,0
TKT000538,CUST000269,2025-08-01,Billing dispute,0
TKT000539,CUST000269,2025-09-01,Rewards points issue,1
TKT000540,CUST000269,2025-09-01,Rewards points issue,0
TKT000541,CUST000269,2025-09-01,Billing dispute,1
TKT000542,CUST000269,2025-09-01,Fee complaint,1
TKT000543,CUST000269,2025-10-01,Billing dispute,1
TKT000544,CUST000271,2025-09-01,Fee complaint,1
TKT000545,CUST000271,2025-09-01,Card not working,0
TKT000546,CUST000272,2025-01-01,Late payment inquiry,0
TKT000547,CUST000272,2025-02-01,Rewards points issue,1
TKT000548,CUST000272,2025-04-01,Fee complaint,1
TKT000549,CUST000272,2025-06-01,Fraud concern,1
TKT000550,CUST000272,2025-07-01,Card not working,1
TKT000551,CUST000272,2025-07-01,Billing dispute,1
TKT000552,CUST000272,2025-09-01,Late payment inquiry,0
TKT000553,CUST000280,2025-06-01,Rewards points issue,1
TKT000554,CUST000284,2025-08-01,General inquiry,1
TKT000555,CUST000284,2025-10-01,Card not working,1
TKT000556,CUST000289,2025-04-01,General inquiry,1
TKT000557,CUST000289,2025-05-01,App/website login issue,1
TKT000558,CUST000289,2025-05-01,Requesting card cancellation,1
TKT000559,CUST000289,2025-07-01,Late payment inquiry,1
TKT000560,CUST000292,2025-01-01,Rewards points issue,1
TKT000561,CUST000292,2025-02-01,Billing dispute,1
TKT000562,CUST000292,2025-02-01,Rewards points issue,1
TKT000563,CUST000292,2025-02-01,App/website login issue,1
TKT000564,CUST000292,2025-04-01,Billing dispute,1
TKT000565,CUST000292,2025-05-01,App/website login issue,1
TKT000566,CUST000292,2025-08-01,General inquiry,0
TKT000567,CUST000292,2025-08-01,Billing dispute,1
TKT000568,CUST000292,2025-11-01,App/website login issue,1
TKT000569,CUST000294,2025-03-01,General inquiry,1
TKT000570,CUST000294,2025-04-01,Billing dispute,1
TKT000571,CUST000294,2025-04-01,Fee complaint,1
TKT000572,CUST000294,2025-04-01,Fraud concern,1
TKT000573,CUST000294,2025-05-01,Billing dispute,1
TKT000574,CUST000294,2025-05-01,Requesting card cancellation,1
TKT000575,CUST000294,2025-06-01,Billing dispute,1
TKT000576,CUST000294,2025-11-01,General inquiry,1
TKT000577,CUST000296,2025-05-01,Card not working,1
TKT000578,CUST000296,2025-05-01,Billing dispute,1
TKT000579,CUST000296,2025-06-01,Requesting card cancellation,0
TKT000580,CUST000296,2025-07-01,Requesting credit limit increase,1
TKT000581,CUST000298,2025-01-01,Requesting card cancellation,1
TKT000582,CUST000298,2025-01-01,Card not working,1
TKT000583,CUST000298,2025-01-01,Billing dispute,1
TKT000584,CUST000298,2025-01-01,Fee complaint,1
TKT000585,CUST000298,2025-03-01,Late payment inquiry,1
TKT000586,CUST000298,2025-03-01,Rewards points issue,1
TKT000587,CUST000298,2025-06-01,Requesting credit limit increase,1
TKT000588,CUST000298,2025-07-01,Billing dispute,1
TKT000589,CUST000298,2025-07-01,Card not working,1
TKT000590,CUST000299,2025-01-01,App/website login issue,1
TKT000591,CUST000299,2025-04-01,Requesting card cancellation,1
TKT000592,CUST000299,2025-04-01,Fee complaint,1
TKT000593,CUST000299,2025-04-01,Billing dispute,1
TKT000594,CUST000299,2025-04-01,App/website login issue,0
TKT000595,CUST000299,2025-05-01,App/website login issue,1
TKT000596,CUST000299,2025-06-01,Fraud concern,1
TKT000597,CUST000299,2025-06-01,Fee complaint,1
TKT000598,CUST000299,2025-06-01,App/website login issue,1
TKT000599,CUST000299,2025-07-01,Billing dispute,1
TKT000600,CUST000299,2025-08-01,Late payment inquiry,1
TKT000601,CUST000299,2025-08-01,Fee complaint,1
TKT000602,CUST000299,2025-10-01,Card not working,1
TKT000603,CUST000299,2025-11-01,Rewards points issue,1
TKT000604,CUST000299,2025-11-01,App/website login issue,1
TKT000605,CUST000299,2025-12-01,Requesting credit limit increase,0
TKT000606,CUST000302,2025-01-01,Requesting credit limit increase,1
TKT000607,CUST000302,2025-05-01,Requesting credit limit increase,0
TKT000608,CUST000302,2025-06-01,Fee complaint,0
TKT000609,CUST000302,2025-07-01,Card not working,1
TKT000610,CUST000302,2025-11-01,Fee complaint,1
TKT000611,CUST000303,2025-04-01,Billing dispute,1
TKT000612,CUST000303,2025-06-01,Billing dispute,0
TKT000613,CUST000306,2025-04-01,Rewards points issue,1
TKT000614,CUST000306,2025-04-01,Requesting card cancellation,0
TKT000615,CUST000306,2025-05-01,Fee complaint,1
TKT000616,CUST000306,2025-05-01,Late payment inquiry,1
TKT000617,CUST000306,2025-05-01,Requesting card cancellation,1
TKT000618,CUST000306,2025-06-01,Billing dispute,1
TKT000619,CUST000307,2025-01-01,Fraud concern,1
TKT000620,CUST000307,2025-02-01,General inquiry,1
TKT000621,CUST000307,2025-03-01,Late payment inquiry,0
TKT000622,CUST000307,2025-03-01,Card not working,1
TKT000623,CUST000307,2025-05-01,App/website login issue,1
TKT000624,CUST000307,2025-05-01,Card not working,1
TKT000625,CUST000307,2025-05-01,Late payment inquiry,1
TKT000626,CUST000307,2025-06-01,Card not working,1
TKT000627,CUST000307,2025-06-01,App/website login issue,1
TKT000628,CUST000307,2025-06-01,Rewards points issue,0
TKT000629,CUST000307,2025-06-01,Card not working,1
TKT000630,CUST000307,2025-08-01,Fee complaint,0
TKT000631,CUST000307,2025-08-01,General inquiry,0
TKT000632,CUST000307,2025-09-01,Late payment inquiry,1
TKT000633,CUST000307,2025-10-01,Rewards points issue,1
TKT000634,CUST000307,2025-11-01,Card not working,1
TKT000635,CUST000307,2025-11-01,Fee complaint,1
TKT000636,CUST000307,2025-12-01,General inquiry,1
TKT000637,CUST000309,2025-01-01,Billing dispute,0
TKT000638,CUST000309,2025-02-01,Fraud concern,1
TKT000639,CUST000309,2025-02-01,Requesting card cancellation,0
TKT000640,CUST000309,2025-02-01,Fee complaint,1
TKT000641,CUST000309,2025-03-01,Fee complaint,0
TKT000642,CUST000309,2025-04-01,Card not working,1
TKT000643,CUST000309,2025-05-01,General inquiry,0
TKT000644,CUST000309,2025-08-01,Billing dispute,1
TKT000645,CUST000309,2025-09-01,Card not working,1
TKT000646,CUST000309,2025-11-01,Billing dispute,1
TKT000647,CUST000309,2025-12-01,Rewards points issue,1
TKT000648,CUST000311,2025-01-01,Card not working,1
TKT000649,CUST000311,2025-01-01,Fee complaint,1
TKT000650,CUST000311,2025-02-01,App/website login issue,1
TKT000651,CUST000311,2025-02-01,Requesting card cancellation,1
TKT000652,CUST000311,2025-02-01,General inquiry,1
TKT000653,CUST000311,2025-02-01,General inquiry,1
TKT000654,CUST000313,2025-03-01,Fee complaint,1
TKT000655,CUST000313,2025-04-01,Rewards points issue,1
TKT000656,CUST000314,2025-03-01,App/website login issue,1
TKT000657,CUST000314,2025-04-01,Late payment inquiry,1
TKT000658,CUST000314,2025-04-01,Requesting credit limit increase,1
TKT000659,CUST000314,2025-05-01,App/website login issue,1
TKT000660,CUST000314,2025-05-01,Requesting card cancellation,1
TKT000661,CUST000314,2025-08-01,App/website login issue,1
TKT000662,CUST000314,2025-09-01,Requesting card cancellation,1
TKT000663,CUST000314,2025-09-01,Rewards points issue,1
TKT000664,CUST000314,2025-09-01,Card not working,1
TKT000665,CUST000314,2025-09-01,Billing dispute,1
TKT000666,CUST000314,2025-10-01,Billing dispute,1
TKT000667,CUST000314,2025-10-01,Billing dispute,1
TKT000668,CUST000314,2025-11-01,Late payment inquiry,1
TKT000669,CUST000314,2025-11-01,App/website login issue,1
TKT000670,CUST000314,2025-12-01,App/website login issue,1
TKT000671,CUST000319,2025-08-01,Card not working,1
TKT000672,CUST000319,2025-08-01,Requesting card cancellation,1
TKT000673,CUST000319,2025-09-01,Rewards points issue,1
TKT000674,CUST000319,2025-09-01,Billing dispute,0
TKT000675,CUST000322,2025-01-01,General inquiry,0
TKT000676,CUST000322,2025-02-01,General inquiry,1
TKT000677,CUST000322,2025-06-01,Fee complaint,1
TKT000678,CUST000322,2025-07-01,Requesting card cancellation,1
TKT000679,CUST000322,2025-08-01,App/website login issue,1
TKT000680,CUST000322,2025-08-01,General inquiry,1
TKT000681,CUST000322,2025-08-01,Fee complaint,0
TKT000682,CUST000322,2025-10-01,Billing dispute,1
TKT000683,CUST000322,2025-12-01,General inquiry,1
TKT000684,CUST000322,2025-12-01,Card not working,1
TKT000685,CUST000328,2025-06-01,App/website login issue,0
TKT000686,CUST000328,2025-07-01,App/website login issue,0
TKT000687,CUST000328,2025-07-01,Card not working,1
TKT000688,CUST000328,2025-08-01,App/website login issue,1
TKT000689,CUST000329,2025-01-01,Late payment inquiry,1
TKT000690,CUST000329,2025-01-01,Fee complaint,0
TKT000691,CUST000329,2025-01-01,Late payment inquiry,1
TKT000692,CUST000332,2025-02-01,App/website login issue,1
TKT000693,CUST000332,2025-03-01,Requesting credit limit increase,1
TKT000694,CUST000332,2025-03-01,Fee complaint,0
TKT000695,CUST000333,2025-01-01,Billing dispute,1
TKT000696,CUST000333,2025-01-01,Late payment inquiry,1
TKT000697,CUST000333,2025-01-01,General inquiry,1
TKT000698,CUST000333,2025-03-01,Requesting card cancellation,1
TKT000699,CUST000333,2025-03-01,Fee complaint,1
TKT000700,CUST000333,2025-04-01,Fraud concern,1
TKT000701,CUST000333,2025-04-01,App/website login issue,0
TKT000702,CUST000333,2025-05-01,Rewards points issue,1
TKT000703,CUST000333,2025-05-01,General inquiry,1
TKT000704,CUST000333,2025-05-01,App/website login issue,1
TKT000705,CUST000333,2025-06-01,Billing dispute,1
TKT000706,CUST000333,2025-06-01,Late payment inquiry,1
TKT000707,CUST000333,2025-06-01,Fraud concern,0
TKT000708,CUST000333,2025-07-01,App/website login issue,1
TKT000709,CUST000333,2025-07-01,General inquiry,1
TKT000710,CUST000333,2025-09-01,Rewards points issue,1
TKT000711,CUST000333,2025-09-01,Requesting card cancellation,0
TKT000712,CUST000333,2025-09-01,Card not working,1
TKT000713,CUST000333,2025-09-01,App/website login issue,1
TKT000714,CUST000333,2025-10-01,Rewards points issue,1
TKT000715,CUST000333,2025-10-01,Late payment inquiry,1
TKT000716,CUST000333,2025-11-01,Rewards points issue,1
TKT000717,CUST000333,2025-11-01,Fee complaint,1
TKT000718,CUST000333,2025-12-01,General inquiry,1
TKT000719,CUST000333,2025-12-01,Fee complaint,1
TKT000720,CUST000334,2025-09-01,General inquiry,0
TKT000721,CUST000334,2025-10-01,Rewards points issue,1
TKT000722,CUST000334,2025-11-01,Requesting card cancellation,0
TKT000723,CUST000334,2025-11-01,Fee complaint,0
TKT000724,CUST000337,2025-05-01,App/website login issue,1
TKT000725,CUST000337,2025-05-01,Late payment inquiry,1
TKT000726,CUST000337,2025-07-01,Fee complaint,1
TKT000727,CUST000337,2025-08-01,Rewards points issue,1
TKT000728,CUST000337,2025-08-01,Requesting card cancellation,1
TKT000729,CUST000337,2025-11-01,Requesting card cancellation,1
TKT000730,CUST000337,2025-11-01,App/website login issue,1
TKT000731,CUST000338,2025-08-01,Billing dispute,1
TKT000732,CUST000338,2025-08-01,General inquiry,1
TKT000733,CUST000339,2025-03-01,General inquiry,1
TKT000734,CUST000344,2025-01-01,Rewards points issue,1
TKT000735,CUST000344,2025-02-01,General inquiry,1
TKT000736,CUST000344,2025-02-01,Requesting card cancellation,1
TKT000737,CUST000344,2025-05-01,Fraud concern,1
TKT000738,CUST000346,2025-01-01,Billing dispute,1
TKT000739,CUST000346,2025-01-01,App/website login issue,1
TKT000740,CUST000346,2025-02-01,App/website login issue,1
TKT000741,CUST000346,2025-02-01,Billing dispute,1
TKT000742,CUST000346,2025-04-01,Requesting card cancellation,1
TKT000743,CUST000346,2025-05-01,Fee complaint,1
TKT000744,CUST000346,2025-08-01,General inquiry,1
TKT000745,CUST000346,2025-08-01,Rewards points issue,1
TKT000746,CUST000346,2025-08-01,Billing dispute,0
TKT000747,CUST000346,2025-09-01,Fee complaint,1
TKT000748,CUST000346,2025-09-01,Fraud concern,0
TKT000749,CUST000346,2025-11-01,Rewards points issue,1
TKT000750,CUST000346,2025-12-01,Rewards points issue,1
TKT000751,CUST000349,2025-05-01,Fraud concern,0
TKT000752,CUST000349,2025-06-01,Card not working,1
TKT000753,CUST000354,2025-10-01,Billing dispute,0
TKT000754,CUST000354,2025-11-01,Requesting card cancellation,0
TKT000755,CUST000356,2025-02-01,Billing dispute,1
TKT000756,CUST000356,2025-03-01,Requesting card cancellation,1
TKT000757,CUST000356,2025-04-01,Fee complaint,1
TKT000758,CUST000356,2025-05-01,Late payment inquiry,1
TKT000759,CUST000356,2025-05-01,General inquiry,1
TKT000760,CUST000356,2025-09-01,Fraud concern,0
TKT000761,CUST000356,2025-10-01,App/website login issue,1
TKT000762,CUST000356,2025-11-01,Late payment inquiry,1
TKT000763,CUST000356,2025-11-01,General inquiry,1
TKT000764,CUST000356,2025-11-01,Requesting card cancellation,1
TKT000765,CUST000356,2025-12-01,Fee complaint,1
TKT000766,CUST000356,2025-12-01,Late payment inquiry,1
TKT000767,CUST000358,2025-07-01,Requesting credit limit increase,1
TKT000768,CUST000364,2025-06-01,Requesting card cancellation,1
TKT000769,CUST000364,2025-06-01,Late payment inquiry,1
TKT000770,CUST000364,2025-06-01,Billing dispute,1
TKT000771,CUST000364,2025-06-01,Billing dispute,0
TKT000772,CUST000383,2025-02-01,Late payment inquiry,1
TKT000773,CUST000383,2025-04-01,Late payment inquiry,1
TKT000774,CUST000389,2025-08-01,Rewards points issue,1
TKT000775,CUST000389,2025-08-01,Late payment inquiry,1
TKT000776,CUST000389,2025-09-01,Card not working,1
TKT000777,CUST000392,2025-10-01,App/website login issue,1
TKT000778,CUST000392,2025-10-01,Rewards points issue,1
TKT000779,CUST000399,2025-01-01,Requesting card cancellation,1
TKT000780,CUST000399,2025-02-01,General inquiry,1
TKT000781,CUST000408,2025-08-01,Billing dispute,1
TKT000782,CUST000408,2025-08-01,Card not working,1
TKT000783,CUST000408,2025-08-01,Late payment inquiry,0
TKT000784,CUST000408,2025-09-01,App/website login issue,1
TKT000785,CUST000411,2025-02-01,Fee complaint,1
TKT000786,CUST000411,2025-02-01,Fee complaint,1
TKT000787,CUST000411,2025-03-01,Billing dispute,1
TKT000788,CUST000411,2025-06-01,General inquiry,1
TKT000789,CUST000411,2025-06-01,Rewards points issue,1
TKT000790,CUST000411,2025-07-01,General inquiry,1
TKT000791,CUST000411,2025-09-01,Requesting card cancellation,1
TKT000792,CUST000411,2025-10-01,Billing dispute,1
TKT000793,CUST000411,2025-11-01,App/website login issue,1
TKT000794,CUST000417,2025-01-01,Card not working,1
TKT000795,CUST000417,2025-01-01,Requesting credit limit increase,1
TKT000796,CUST000417,2025-02-01,Fraud concern,1
TKT000797,CUST000417,2025-03-01,App/website login issue,1
TKT000798,CUST000417,2025-03-01,Late payment inquiry,1
TKT000799,CUST000417,2025-04-01,Fee complaint,1
TKT000800,CUST000417,2025-05-01,Requesting card cancellation,1
TKT000801,CUST000417,2025-06-01,Fraud concern,1
TKT000802,CUST000417,2025-06-01,Card not working,1
TKT000803,CUST000417,2025-07-01,Requesting card cancellation,1
TKT000804,CUST000417,2025-08-01,App/website login issue,1
TKT000805,CUST000423,2025-01-01,Fraud concern,1
TKT000806,CUST000423,2025-02-01,Fee complaint,1
TKT000807,CUST000423,2025-04-01,Fraud concern,0
TKT000808,CUST000423,2025-04-01,App/website login issue,1
TKT000809,CUST000423,2025-04-01,Rewards points issue,1
TKT000810,CUST000423,2025-06-01,Billing dispute,1
TKT000811,CUST000423,2025-07-01,App/website login issue,1
TKT000812,CUST000423,2025-07-01,App/website login issue,0
TKT000813,CUST000423,2025-08-01,General inquiry,1
TKT000814,CUST000423,2025-09-01,Billing dispute,1
TKT000815,CUST000423,2025-09-01,App/website login issue,1
TKT000816,CUST000423,2025-10-01,Late payment inquiry,1
TKT000817,CUST000423,2025-12-01,Billing dispute,1
TKT000818,CUST000424,2025-01-01,Fee complaint,1
TKT000819,CUST000424,2025-04-01,Requesting credit limit increase,1
TKT000820,CUST000424,2025-05-01,Late payment inquiry,0
TKT000821,CUST000424,2025-06-01,Card not working,1
TKT000822,CUST000424,2025-07-01,Requesting card cancellation,1
TKT000823,CUST000424,2025-09-01,Requesting credit limit increase,1
TKT000824,CUST000424,2025-11-01,Rewards points issue,1
TKT000825,CUST000424,2025-11-01,Fee complaint,0
TKT000826,CUST000424,2025-12-01,App/website login issue,0
TKT000827,CUST000426,2025-02-01,Fee complaint,1
TKT000828,CUST000426,2025-02-01,Requesting card cancellation,0
TKT000829,CUST000426,2025-02-01,Requesting card cancellation,1
TKT000830,CUST000428,2025-03-01,General inquiry,1
TKT000831,CUST000428,2025-04-01,General inquiry,1
TKT000832,CUST000433,2025-01-01,Requesting card cancellation,0
TKT000833,CUST000433,2025-05-01,Requesting card cancellation,1
TKT000834,CUST000433,2025-07-01,Billing dispute,1
TKT000835,CUST000433,2025-08-01,Fee complaint,1
TKT000836,CUST000433,2025-09-01,Card not working,1
TKT000837,CUST000433,2025-10-01,Billing dispute,1
TKT000838,CUST000433,2025-11-01,App/website login issue,1
TKT000839,CUST000433,2025-11-01,Late payment inquiry,1
TKT000840,CUST000433,2025-11-01,Fraud concern,1
TKT000841,CUST000433,2025-11-01,Billing dispute,1
TKT000842,CUST000433,2025-12-01,App/website login issue,1
TKT000843,CUST000433,2025-12-01,Fee complaint,1
TKT000844,CUST000436,2025-05-01,Late payment inquiry,1
TKT000845,CUST000436,2025-06-01,Card not working,1
TKT000846,CUST000436,2025-08-01,Card not working,1
TKT000847,CUST000436,2025-10-01,App/website login issue,1
TKT000848,CUST000436,2025-11-01,General inquiry,1
TKT000849,CUST000436,2025-12-01,Rewards points issue,0
TKT000850,CUST000442,2025-01-01,Billing dispute,1
TKT000851,CUST000442,2025-01-01,Late payment inquiry,0
TKT000852,CUST000442,2025-03-01,Rewards points issue,1
TKT000853,CUST000442,2025-04-01,Card not working,1
TKT000854,CUST000442,2025-04-01,Card not working,1
TKT000855,CUST000442,2025-06-01,Requesting card cancellation,1
TKT000856,CUST000442,2025-07-01,App/website login issue,1
TKT000857,CUST000442,2025-08-01,Requesting credit limit increase,1
TKT000858,CUST000442,2025-08-01,Billing dispute,1
TKT000859,CUST000442,2025-09-01,App/website login issue,1
TKT000860,CUST000442,2025-12-01,App/website login issue,1
TKT000861,CUST000446,2025-03-01,Billing dispute,1
TKT000862,CUST000446,2025-06-01,Requesting card cancellation,0
TKT000863,CUST000446,2025-06-01,Billing dispute,1
TKT000864,CUST000446,2025-07-01,Fraud concern,1
TKT000865,CUST000446,2025-09-01,Billing dispute,1
TKT000866,CUST000446,2025-09-01,Fee complaint,1
TKT000867,CUST000446,2025-09-01,Requesting card cancellation,1
TKT000868,CUST000446,2025-10-01,Late payment inquiry,1
TKT000869,CUST000446,2025-11-01,Requesting card cancellation,1
TKT000870,CUST000446,2025-11-01,Requesting card cancellation,1
TKT000871,CUST000450,2025-02-01,Requesting card cancellation,1
TKT000872,CUST000450,2025-02-01,Fee complaint,1
TKT000873,CUST000450,2025-03-01,Fee complaint,1
TKT000874,CUST000450,2025-03-01,Late payment inquiry,1
TKT000875,CUST000450,2025-04-01,Requesting credit limit increase,1
TKT000876,CUST000450,2025-05-01,Billing dispute,1
TKT000877,CUST000450,2025-06-01,Requesting credit limit increase,1
TKT000878,CUST000450,2025-09-01,Card not working,0
TKT000879,CUST000450,2025-10-01,Card not working,1
TKT000880,CUST000450,2025-10-01,Late payment inquiry,1
TKT000881,CUST000450,2025-11-01,Requesting credit limit increase,1
TKT000882,CUST000451,2025-03-01,Requesting credit limit increase,1
TKT000883,CUST000451,2025-05-01,Rewards points issue,0
TKT000884,CUST000451,2025-06-01,Billing dispute,1
TKT000885,CUST000451,2025-06-01,Billing dispute,1
TKT000886,CUST000451,2025-06-01,Rewards points issue,1
TKT000887,CUST000451,2025-06-01,General inquiry,1
TKT000888,CUST000451,2025-07-01,Late payment inquiry,1
TKT000889,CUST000451,2025-08-01,Card not working,1
TKT000890,CUST000451,2025-09-01,Requesting card cancellation,1
TKT000891,CUST000451,2025-09-01,Fee complaint,1
TKT000892,CUST000451,2025-12-01,Requesting credit limit increase,1
TKT000893,CUST000458,2025-02-01,Requesting card cancellation,1
TKT000894,CUST000458,2025-05-01,Fee complaint,1
TKT000895,CUST000458,2025-05-01,Late payment inquiry,1
TKT000896,CUST000458,2025-05-01,Requesting card cancellation,1
TKT000897,CUST000458,2025-06-01,Billing dispute,1
TKT000898,CUST000458,2025-07-01,Card not working,1
TKT000899,CUST000458,2025-07-01,Fee complaint,0
TKT000900,CUST000458,2025-07-01,Requesting card cancellation,1
TKT000901,CUST000458,2025-08-01,Billing dispute,1
TKT000902,CUST000458,2025-08-01,Fee complaint,1
TKT000903,CUST000458,2025-11-01,Billing dispute,1
TKT000904,CUST000463,2025-01-01,Billing dispute,1
TKT000905,CUST000463,2025-01-01,General inquiry,1
TKT000906,CUST000463,2025-02-01,Rewards points issue,1
TKT000907,CUST000465,2025-01-01,Card not working,1
TKT000908,CUST000465,2025-02-01,Card not working,1
TKT000909,CUST000465,2025-03-01,Late payment inquiry,0
TKT000910,CUST000465,2025-03-01,Fee complaint,1
TKT000911,CUST000465,2025-04-01,Billing dispute,0
TKT000912,CUST000465,2025-05-01,App/website login issue,1
TKT000913,CUST000465,2025-05-01,Fee complaint,1
TKT000914,CUST000465,2025-05-01,Late payment inquiry,0
TKT000915,CUST000465,2025-05-01,Late payment inquiry,1
TKT000916,CUST000465,2025-08-01,Late payment inquiry,1
TKT000917,CUST000465,2025-09-01,Requesting credit limit increase,1
TKT000918,CUST000465,2025-10-01,Fee complaint,1
TKT000919,CUST000465,2025-11-01,App/website login issue,1
TKT000920,CUST000475,2025-03-01,Late payment inquiry,1
TKT000921,CUST000475,2025-05-01,Late payment inquiry,0
TKT000922,CUST000475,2025-06-01,Fraud concern,1
TKT000923,CUST000475,2025-07-01,General inquiry,1
TKT000924,CUST000475,2025-07-01,Rewards points issue,0
TKT000925,CUST000475,2025-07-01,Requesting card cancellation,1
TKT000926,CUST000475,2025-08-01,Requesting card cancellation,1
TKT000927,CUST000475,2025-12-01,Rewards points issue,1
TKT000928,CUST000476,2025-09-01,App/website login issue,1
TKT000929,CUST000476,2025-09-01,Fee complaint,1
TKT000930,CUST000476,2025-09-01,Rewards points issue,0
TKT000931,CUST000476,2025-09-01,Requesting card cancellation,1
TKT000932,CUST000477,2025-02-01,Rewards points issue,0
TKT000933,CUST000477,2025-03-01,Fee complaint,1
TKT000934,CUST000478,2025-01-01,Billing dispute,0
TKT000935,CUST000478,2025-03-01,Fee complaint,1
TKT000936,CUST000478,2025-04-01,Rewards points issue,1
TKT000937,CUST000478,2025-04-01,Rewards points issue,1
TKT000938,CUST000478,2025-06-01,Card not working,1
TKT000939,CUST000478,2025-09-01,Requesting card cancellation,1
TKT000940,CUST000478,2025-11-01,General inquiry,1
TKT000941,CUST000478,2025-12-01,Requesting card cancellation,1
TKT000942,CUST000479,2025-03-01,Requesting card cancellation,1
TKT000943,CUST000479,2025-05-01,Fraud concern,1
TKT000944,CUST000479,2025-05-01,Requesting card cancellation,0
TKT000945,CUST000479,2025-07-01,Rewards points issue,1
TKT000946,CUST000479,2025-09-01,Late payment inquiry,1
TKT000947,CUST000479,2025-09-01,Billing dispute,1
TKT000948,CUST000479,2025-10-01,Requesting credit limit increase,1
TKT000949,CUST000486,2025-02-01,Requesting credit limit increase,1
TKT000950,CUST000486,2025-02-01,Card not working,1
TKT000951,CUST000491,2025-03-01,Requesting card cancellation,1
TKT000952,CUST000491,2025-03-01,Requesting card cancellation,1
TKT000953,CUST000491,2025-04-01,Requesting card cancellation,1
TKT000954,CUST000491,2025-04-01,Card not working,1
TKT000955,CUST000491,2025-04-01,Fee complaint,1
TKT000956,CUST000497,2025-02-01,Billing dispute,1
TKT000957,CUST000497,2025-02-01,App/website login issue,0
TKT000958,CUST000497,2025-03-01,Rewards points issue,0
TKT000959,CUST000497,2025-05-01,Rewards points issue,0
TKT000960,CUST000497,2025-06-01,App/website login issue,1
TKT000961,CUST000497,2025-09-01,Fee complaint,1
TKT000962,CUST000497,2025-11-01,App/website login issue,1
TKT000963,CUST000497,2025-12-01,Requesting card cancellation,1
TKT000964,CUST000500,2025-08-01,App/website login issue,1
TKT000965,CUST000500,2025-09-01,Fee complaint,1
TKT000966,CUST000500,2025-09-01,Card not working,1
TKT000967,CUST000502,2025-02-01,Billing dispute,1
TKT000968,CUST000502,2025-03-01,Billing dispute,1
TKT000969,CUST000502,2025-03-01,Fee complaint,1
TKT000970,CUST000502,2025-04-01,Late payment inquiry,1
TKT000971,CUST000502,2025-06-01,Card not working,1
TKT000972,CUST000502,2025-08-01,Fee complaint,1
TKT000973,CUST000502,2025-08-01,Fee complaint,1
TKT000974,CUST000502,2025-09-01,Billing dispute,1
TKT000975,CUST000504,2025-09-01,Billing dispute,1
TKT000976,CUST000504,2025-10-01,Billing dispute,1
TKT000977,CUST000504,2025-10-01,Fee complaint,1
TKT000978,CUST000504,2025-11-01,Requesting credit limit increase,1
TKT000979,CUST000505,2025-02-01,General inquiry,1
TKT000980,CUST000505,2025-02-01,App/website login issue,1
TKT000981,CUST000505,2025-08-01,Requesting card cancellation,1
TKT000982,CUST000505,2025-09-01,Billing dispute,1
TKT000983,CUST000505,2025-09-01,Fee complaint,1
TKT000984,CUST000505,2025-09-01,Requesting card cancellation,1
TKT000985,CUST000505,2025-11-01,Requesting card cancellation,0
TKT000986,CUST000505,2025-12-01,Fee complaint,1
TKT000987,CUST000505,2025-12-01,Billing dispute,1
TKT000988,CUST000510,2025-06-01,Requesting credit limit increase,1
TKT000989,CUST000517,2025-06-01,Rewards points issue,1
TKT000990,CUST000517,2025-06-01,Rewards points issue,1
TKT000991,CUST000517,2025-07-01,Rewards points issue,1
TKT000992,CUST000517,2025-07-01,Fee complaint,1
TKT000993,CUST000517,2025-08-01,Rewards points issue,1
TKT000994,CUST000517,2025-08-01,Billing dispute,1
TKT000995,CUST000519,2025-08-01,App/website login issue,0
TKT000996,CUST000519,2025-09-01,Fraud concern,1
TKT000997,CUST000519,2025-10-01,Card not working,1
TKT000998,CUST000519,2025-10-01,App/website login issue,1
TKT000999,CUST000520,2025-01-01,Fraud concern,1
TKT001000,CUST000520,2025-01-01,Billing dispute,1
TKT001001,CUST000520,2025-01-01,Card not working,1
TKT001002,CUST000520,2025-02-01,Requesting credit limit increase,1
TKT001003,CUST000520,2025-02-01,Card not working,1
TKT001004,CUST000520,2025-03-01,General inquiry,1
TKT001005,CUST000520,2025-04-01,Requesting card cancellation,1
TKT001006,CUST000520,2025-04-01,Rewards points issue,1
TKT001007,CUST000520,2025-05-01,Requesting card cancellation,1
TKT001008,CUST000520,2025-05-01,Rewards points issue,1
TKT001009,CUST000520,2025-05-01,Card not working,0
TKT001010,CUST000520,2025-07-01,Billing dispute,1
TKT001011,CUST000520,2025-07-01,Requesting card cancellation,1
TKT001012,CUST000520,2025-08-01,Requesting card cancellation,1
TKT001013,CUST000520,2025-09-01,General inquiry,0
TKT001014,CUST000520,2025-10-01,Late payment inquiry,1
TKT001015,CUST000520,2025-10-01,App/website login issue,1
TKT001016,CUST000520,2025-10-01,Billing dispute,1
TKT001017,CUST000520,2025-11-01,Rewards points issue,1
TKT001018,CUST000520,2025-11-01,Requesting card cancellation,0
TKT001019,CUST000520,2025-11-01,Billing dispute,1
TKT001020,CUST000520,2025-11-01,Late payment inquiry,1
TKT001021,CUST000522,2025-01-01,Fee complaint,1
TKT001022,CUST000522,2025-01-01,Late payment inquiry,1
TKT001023,CUST000522,2025-02-01,App/website login issue,1
TKT001024,CUST000522,2025-02-01,Rewards points issue,1
TKT001025,CUST000522,2025-04-01,Rewards points issue,1
TKT001026,CUST000522,2025-05-01,Rewards points issue,1
TKT001027,CUST000522,2025-07-01,Fee complaint,1
TKT001028,CUST000522,2025-09-01,Fee complaint,0
TKT001029,CUST000522,2025-10-01,Card not working,1
TKT001030,CUST000522,2025-10-01,Fee complaint,1
TKT001031,CUST000522,2025-12-01,Billing dispute,1
TKT001032,CUST000522,2025-12-01,Rewards points issue,1
TKT001033,CUST000525,2025-02-01,Fee complaint,1
TKT001034,CUST000525,2025-04-01,Fee complaint,0
TKT001035,CUST000526,2025-06-01,Rewards points issue,1
TKT001036,CUST000526,2025-07-01,Card not working,1
TKT001037,CUST000526,2025-07-01,Billing dispute,1
TKT001038,CUST000528,2025-01-01,Requesting credit limit increase,1
TKT001039,CUST000528,2025-01-01,Fee complaint,0
TKT001040,CUST000528,2025-02-01,Rewards points issue,0
TKT001041,CUST000528,2025-03-01,Rewards points issue,0
TKT001042,CUST000528,2025-04-01,Rewards points issue,1
TKT001043,CUST000528,2025-05-01,General inquiry,1
TKT001044,CUST000528,2025-08-01,Requesting credit limit increase,0
TKT001045,CUST000528,2025-08-01,Billing dispute,0
TKT001046,CUST000528,2025-09-01,Fee complaint,1
TKT001047,CUST000528,2025-10-01,Requesting credit limit increase,0
TKT001048,CUST000528,2025-12-01,App/website login issue,0
TKT001049,CUST000528,2025-12-01,Fee complaint,1
TKT001050,CUST000532,2025-07-01,Card not working,1
TKT001051,CUST000545,2025-01-01,General inquiry,1
TKT001052,CUST000545,2025-02-01,App/website login issue,0
TKT001053,CUST000545,2025-03-01,Fee complaint,1
TKT001054,CUST000545,2025-05-01,Fee complaint,1
TKT001055,CUST000545,2025-05-01,Requesting card cancellation,1
TKT001056,CUST000545,2025-06-01,Fee complaint,1
TKT001057,CUST000545,2025-07-01,Fee complaint,1
TKT001058,CUST000545,2025-07-01,General inquiry,1
TKT001059,CUST000545,2025-11-01,General inquiry,1
TKT001060,CUST000545,2025-11-01,Card not working,1
TKT001061,CUST000545,2025-11-01,Fee complaint,1
TKT001062,CUST000545,2025-12-01,App/website login issue,0
TKT001063,CUST000548,2025-01-01,Fee complaint,1
TKT001064,CUST000548,2025-01-01,Card not working,1
TKT001065,CUST000548,2025-01-01,Fraud concern,1
TKT001066,CUST000548,2025-02-01,Fee complaint,0
TKT001067,CUST000548,2025-03-01,Requesting card cancellation,1
TKT001068,CUST000549,2025-04-01,Requesting card cancellation,1
TKT001069,CUST000549,2025-05-01,Fraud concern,1
TKT001070,CUST000549,2025-06-01,Card not working,1
TKT001071,CUST000549,2025-06-01,Card not working,1
TKT001072,CUST000549,2025-07-01,Late payment inquiry,0
TKT001073,CUST000549,2025-08-01,Requesting credit limit increase,1
TKT001074,CUST000549,2025-09-01,General inquiry,1
TKT001075,CUST000549,2025-12-01,App/website login issue,1
TKT001076,CUST000549,2025-12-01,Billing dispute,1
TKT001077,CUST000554,2025-01-01,Fee complaint,1
TKT001078,CUST000554,2025-03-01,Fee complaint,1
TKT001079,CUST000558,2025-01-01,App/website login issue,0
TKT001080,CUST000558,2025-02-01,Billing dispute,1
TKT001081,CUST000558,2025-03-01,Card not working,1
TKT001082,CUST000560,2025-05-01,Rewards points issue,1
TKT001083,CUST000560,2025-05-01,App/website login issue,1
TKT001084,CUST000560,2025-05-01,App/website login issue,0
TKT001085,CUST000560,2025-05-01,Fee complaint,1
TKT001086,CUST000560,2025-06-01,Card not working,0
TKT001087,CUST000560,2025-06-01,Requesting credit limit increase,1
TKT001088,CUST000560,2025-06-01,General inquiry,0
TKT001089,CUST000562,2025-09-01,Rewards points issue,1
TKT001090,CUST000562,2025-09-01,Late payment inquiry,0
TKT001091,CUST000562,2025-09-01,Late payment inquiry,1
TKT001092,CUST000562,2025-11-01,Rewards points issue,1
TKT001093,CUST000567,2025-09-01,Billing dispute,0
TKT001094,CUST000567,2025-09-01,Late payment inquiry,1
TKT001095,CUST000567,2025-10-01,Billing dispute,1
TKT001096,CUST000569,2025-06-01,Late payment inquiry,0
TKT001097,CUST000569,2025-08-01,Late payment inquiry,1
TKT001098,CUST000571,2025-01-01,Requesting card cancellation,1
TKT001099,CUST000571,2025-02-01,General inquiry,1
TKT001100,CUST000571,2025-03-01,Card not working,1
TKT001101,CUST000571,2025-04-01,Card not working,1
TKT001102,CUST000571,2025-05-01,Requesting card cancellation,1
TKT001103,CUST000571,2025-08-01,Fee complaint,1
TKT001104,CUST000571,2025-08-01,Late payment inquiry,1
TKT001105,CUST000571,2025-09-01,Late payment inquiry,1
TKT001106,CUST000571,2025-11-01,General inquiry,1
TKT001107,CUST000571,2025-11-01,Card not working,1
TKT001108,CUST000571,2025-11-01,Late payment inquiry,1
TKT001109,CUST000571,2025-12-01,Card not working,1
TKT001110,CUST000572,2025-01-01,Requesting card cancellation,1
TKT001111,CUST000572,2025-02-01,Fee complaint,1
TKT001112,CUST000572,2025-03-01,General inquiry,1
TKT001113,CUST000572,2025-04-01,General inquiry,1
TKT001114,CUST000572,2025-07-01,General inquiry,1
TKT001115,CUST000572,2025-09-01,Billing dispute,0
TKT001116,CUST000572,2025-09-01,Billing dispute,1
TKT001117,CUST000572,2025-09-01,Rewards points issue,1
TKT001118,CUST000572,2025-11-01,Card not working,1
TKT001119,CUST000572,2025-11-01,Rewards points issue,0
TKT001120,CUST000572,2025-12-01,Card not working,1
TKT001121,CUST000585,2025-01-01,Late payment inquiry,0
TKT001122,CUST000585,2025-01-01,Fee complaint,0
TKT001123,CUST000585,2025-02-01,Card not working,1
TKT001124,CUST000585,2025-02-01,App/website login issue,1
TKT001125,CUST000585,2025-05-01,Requesting card cancellation,0
TKT001126,CUST000585,2025-05-01,Billing dispute,1
TKT001127,CUST000585,2025-05-01,Fee complaint,1
TKT001128,CUST000585,2025-05-01,Late payment inquiry,1
TKT001129,CUST000585,2025-05-01,App/website login issue,1
TKT001130,CUST000585,2025-06-01,General inquiry,1
TKT001131,CUST000585,2025-06-01,Requesting credit limit increase,1
TKT001132,CUST000585,2025-07-01,Card not working,1
TKT001133,CUST000585,2025-07-01,Billing dispute,0
TKT001134,CUST000585,2025-07-01,Card not working,1
TKT001135,CUST000585,2025-07-01,Requesting credit limit increase,1
TKT001136,CUST000585,2025-10-01,Fee complaint,1
TKT001137,CUST000588,2025-01-01,General inquiry,1
TKT001138,CUST000588,2025-01-01,App/website login issue,1
TKT001139,CUST000588,2025-02-01,Requesting card cancellation,0
TKT001140,CUST000588,2025-03-01,Billing dispute,1
TKT001141,CUST000588,2025-03-01,Billing dispute,1
TKT001142,CUST000588,2025-04-01,Late payment inquiry,0
TKT001143,CUST000588,2025-04-01,Fee complaint,1
TKT001144,CUST000588,2025-05-01,Late payment inquiry,1
TKT001145,CUST000588,2025-05-01,Late payment inquiry,1
TKT001146,CUST000588,2025-06-01,Late payment inquiry,1
TKT001147,CUST000588,2025-06-01,App/website login issue,1
TKT001148,CUST000588,2025-08-01,Rewards points issue,0
TKT001149,CUST000588,2025-09-01,Late payment inquiry,1
TKT001150,CUST000588,2025-09-01,Rewards points issue,0
TKT001151,CUST000588,2025-09-01,Fee complaint,1
TKT001152,CUST000588,2025-10-01,Requesting credit limit increase,1
TKT001153,CUST000589,2025-06-01,General inquiry,1
TKT001154,CUST000589,2025-06-01,Billing dispute,1
TKT001155,CUST000589,2025-06-01,Fee complaint,1
TKT001156,CUST000589,2025-06-01,Requesting card cancellation,1
TKT001157,CUST000589,2025-07-01,General inquiry,1
TKT001158,CUST000589,2025-08-01,Billing dispute,1
TKT001159,CUST000591,2025-02-01,Late payment inquiry,1
TKT001160,CUST000591,2025-04-01,Fee complaint,1
TKT001161,CUST000591,2025-05-01,Rewards points issue,1
TKT001162,CUST000591,2025-05-01,Rewards points issue,1
TKT001163,CUST000591,2025-06-01,Billing dispute,1
TKT001164,CUST000591,2025-06-01,Requesting card cancellation,1
TKT001165,CUST000591,2025-06-01,Rewards points issue,1
TKT001166,CUST000591,2025-07-01,General inquiry,1
TKT001167,CUST000591,2025-09-01,App/website login issue,0
TKT001168,CUST000591,2025-12-01,Rewards points issue,1
TKT001169,CUST000591,2025-12-01,Requesting card cancellation,1
TKT001170,CUST000608,2025-01-01,Requesting card cancellation,1
TKT001171,CUST000608,2025-02-01,Fraud concern,1
TKT001172,CUST000608,2025-02-01,Requesting card cancellation,1
TKT001173,CUST000608,2025-03-01,Rewards points issue,1
TKT001174,CUST000608,2025-03-01,Requesting credit limit increase,1
TKT001175,CUST000608,2025-03-01,Requesting credit limit increase,1
TKT001176,CUST000608,2025-03-01,Billing dispute,0
TKT001177,CUST000608,2025-03-01,Billing dispute,1
TKT001178,CUST000608,2025-04-01,General inquiry,1
TKT001179,CUST000608,2025-04-01,Billing dispute,1
TKT001180,CUST000608,2025-04-01,Billing dispute,1
TKT001181,CUST000608,2025-04-01,Billing dispute,1
TKT001182,CUST000608,2025-04-01,Requesting credit limit increase,1
TKT001183,CUST000608,2025-04-01,Billing dispute,1
TKT001184,CUST000608,2025-05-01,App/website login issue,1
TKT001185,CUST000608,2025-05-01,Rewards points issue,1
TKT001186,CUST000608,2025-06-01,Fee complaint,1
TKT001187,CUST000608,2025-06-01,Billing dispute,1
TKT001188,CUST000608,2025-06-01,Fee complaint,1
TKT001189,CUST000608,2025-06-01,Fee complaint,1
TKT001190,CUST000608,2025-07-01,Billing dispute,0
TKT001191,CUST000608,2025-07-01,Billing dispute,1
TKT001192,CUST000608,2025-08-01,Requesting card cancellation,1
TKT001193,CUST000608,2025-08-01,Fraud concern,1
TKT001194,CUST000608,2025-08-01,Fraud concern,1
TKT001195,CUST000608,2025-08-01,Fraud concern,1
TKT001196,CUST000608,2025-09-01,Billing dispute,1
TKT001197,CUST000608,2025-09-01,Fee complaint,1
TKT001198,CUST000608,2025-09-01,Fee complaint,1
TKT001199,CUST000608,2025-09-01,Requesting card cancellation,1
TKT001200,CUST000608,2025-09-01,Requesting card cancellation,1
TKT001201,CUST000608,2025-09-01,Billing dispute,1
TKT001202,CUST000608,2025-10-01,General inquiry,0
TKT001203,CUST000608,2025-10-01,Late payment inquiry,1
TKT001204,CUST000608,2025-10-01,Rewards points issue,1
TKT001205,CUST000608,2025-10-01,Card not working,1
TKT001206,CUST000608,2025-10-01,General inquiry,1
TKT001207,CUST000608,2025-11-01,Fee complaint,1
TKT001208,CUST000608,2025-12-01,Fraud concern,1
TKT001209,CUST000608,2025-12-01,Billing dispute,1
TKT001210,CUST000608,2025-12-01,Requesting credit limit increase,1
TKT001211,CUST000611,2025-03-01,Fraud concern,1
TKT001212,CUST000612,2025-01-01,Fee complaint,1
TKT001213,CUST000612,2025-01-01,General inquiry,1
TKT001214,CUST000612,2025-04-01,Rewards points issue,1
TKT001215,CUST000612,2025-06-01,Billing dispute,1
TKT001216,CUST000612,2025-06-01,Fee complaint,0
TKT001217,CUST000612,2025-06-01,Fee complaint,1
TKT001218,CUST000612,2025-06-01,Billing dispute,1
TKT001219,CUST000612,2025-07-01,Requesting card cancellation,1
TKT001220,CUST000612,2025-08-01,Requesting credit limit increase,0
TKT001221,CUST000612,2025-09-01,Card not working,1
TKT001222,CUST000612,2025-10-01,App/website login issue,1
TKT001223,CUST000612,2025-12-01,Requesting card cancellation,0
TKT001224,CUST000613,2025-01-01,App/website login issue,0
TKT001225,CUST000613,2025-01-01,General inquiry,1
TKT001226,CUST000613,2025-01-01,Late payment inquiry,1
TKT001227,CUST000613,2025-02-01,Billing dispute,1
TKT001228,CUST000613,2025-03-01,Card not working,1
TKT001229,CUST000613,2025-03-01,Late payment inquiry,1
TKT001230,CUST000613,2025-05-01,Billing dispute,1
TKT001231,CUST000613,2025-05-01,Requesting card cancellation,1
TKT001232,CUST000613,2025-08-01,General inquiry,1
TKT001233,CUST000613,2025-08-01,Requesting credit limit increase,1
TKT001234,CUST000613,2025-09-01,App/website login issue,1
TKT001235,CUST000613,2025-09-01,General inquiry,1
TKT001236,CUST000613,2025-10-01,Late payment inquiry,1
TKT001237,CUST000613,2025-12-01,Requesting card cancellation,1
TKT001238,CUST000613,2025-12-01,App/website login issue,1
TKT001239,CUST000613,2025-12-01,Billing dispute,1
TKT001240,CUST000613,2025-12-01,Billing dispute,1
TKT001241,CUST000614,2025-06-01,Rewards points issue,1
TKT001242,CUST000616,2025-06-01,Requesting credit limit increase,1
TKT001243,CUST000616,2025-08-01,Requesting credit limit increase,0
TKT001244,CUST000618,2025-02-01,Requesting credit limit increase,1
TKT001245,CUST000618,2025-02-01,Billing dispute,1
TKT001246,CUST000618,2025-03-01,App/website login issue,1
TKT001247,CUST000618,2025-03-01,Fee complaint,1
TKT001248,CUST000618,2025-03-01,Late payment inquiry,1
TKT001249,CUST000618,2025-04-01,General inquiry,1
TKT001250,CUST000618,2025-04-01,Fee complaint,1
TKT001251,CUST000618,2025-04-01,Fee complaint,1
TKT001252,CUST000625,2025-02-01,General inquiry,1
TKT001253,CUST000626,2025-01-01,Late payment inquiry,1
TKT001254,CUST000626,2025-02-01,Billing dispute,1
TKT001255,CUST000626,2025-03-01,Rewards points issue,1
TKT001256,CUST000626,2025-04-01,Fee complaint,1
TKT001257,CUST000626,2025-04-01,Late payment inquiry,1
TKT001258,CUST000626,2025-05-01,Billing dispute,1
TKT001259,CUST000626,2025-09-01,Fee complaint,1
TKT001260,CUST000626,2025-12-01,App/website login issue,1
TKT001261,CUST000628,2025-01-01,Card not working,0
TKT001262,CUST000628,2025-02-01,Rewards points issue,1
TKT001263,CUST000628,2025-02-01,Billing dispute,1
TKT001264,CUST000628,2025-03-01,Late payment inquiry,1
TKT001265,CUST000628,2025-04-01,Late payment inquiry,1
TKT001266,CUST000628,2025-05-01,Fee complaint,1
TKT001267,CUST000628,2025-07-01,General inquiry,0
TKT001268,CUST000628,2025-07-01,Billing dispute,1
TKT001269,CUST000628,2025-07-01,General inquiry,1
TKT001270,CUST000628,2025-09-01,App/website login issue,0
TKT001271,CUST000628,2025-10-01,Late payment inquiry,1
TKT001272,CUST000628,2025-11-01,Late payment inquiry,0
TKT001273,CUST000628,2025-12-01,Fee complaint,1
TKT001274,CUST000628,2025-12-01,Card not working,1
TKT001275,CUST000629,2025-08-01,Fee complaint,1
TKT001276,CUST000629,2025-08-01,Billing dispute,1
TKT001277,CUST000629,2025-08-01,General inquiry,1
TKT001278,CUST000631,2025-01-01,Fee complaint,1
TKT001279,CUST000631,2025-01-01,Card not working,1
TKT001280,CUST000631,2025-02-01,Rewards points issue,1
TKT001281,CUST000631,2025-02-01,Rewards points issue,1
TKT001282,CUST000631,2025-03-01,Fee complaint,1
TKT001283,CUST000631,2025-03-01,Fee complaint,0
TKT001284,CUST000631,2025-05-01,Requesting card cancellation,1
TKT001285,CUST000631,2025-05-01,App/website login issue,1
TKT001286,CUST000631,2025-06-01,Requesting card cancellation,1
TKT001287,CUST000631,2025-07-01,General inquiry,0
TKT001288,CUST000631,2025-08-01,Late payment inquiry,1
TKT001289,CUST000631,2025-08-01,Requesting card cancellation,1
TKT001290,CUST000631,2025-09-01,Billing dispute,1
TKT001291,CUST000631,2025-09-01,Rewards points issue,0
TKT001292,CUST000633,2025-07-01,Billing dispute,1
TKT001293,CUST000636,2025-06-01,General inquiry,1
TKT001294,CUST000636,2025-06-01,Fee complaint,1
TKT001295,CUST000636,2025-07-01,Requesting credit limit increase,1
TKT001296,CUST000636,2025-07-01,General inquiry,1
TKT001297,CUST000636,2025-08-01,Late payment inquiry,1
TKT001298,CUST000636,2025-08-01,Requesting card cancellation,1
TKT001299,CUST000636,2025-08-01,Rewards points issue,1
TKT001300,CUST000641,2025-01-01,App/website login issue,1
TKT001301,CUST000641,2025-03-01,Rewards points issue,1
TKT001302,CUST000641,2025-03-01,Late payment inquiry,0
TKT001303,CUST000641,2025-03-01,Late payment inquiry,1
TKT001304,CUST000641,2025-04-01,Late payment inquiry,1
TKT001305,CUST000641,2025-04-01,General inquiry,1
TKT001306,CUST000641,2025-04-01,Card not working,1
TKT001307,CUST000641,2025-04-01,Card not working,1
TKT001308,CUST000641,2025-05-01,Card not working,1
TKT001309,CUST000641,2025-05-01,Requesting card cancellation,1
TKT001310,CUST000641,2025-05-01,Card not working,0
TKT001311,CUST000641,2025-06-01,General inquiry,1
TKT001312,CUST000641,2025-06-01,Rewards points issue,1
TKT001313,CUST000641,2025-06-01,Fee complaint,1
TKT001314,CUST000641,2025-07-01,Card not working,1
TKT001315,CUST000641,2025-08-01,Billing dispute,0
TKT001316,CUST000641,2025-08-01,Fee complaint,1
TKT001317,CUST000641,2025-08-01,Requesting credit limit increase,1
TKT001318,CUST000641,2025-09-01,Late payment inquiry,1
TKT001319,CUST000641,2025-09-01,General inquiry,1
TKT001320,CUST000641,2025-10-01,Fee complaint,1
TKT001321,CUST000641,2025-10-01,General inquiry,1
TKT001322,CUST000641,2025-11-01,Rewards points issue,1
TKT001323,CUST000641,2025-11-01,App/website login issue,1
TKT001324,CUST000641,2025-11-01,Rewards points issue,1
TKT001325,CUST000641,2025-11-01,Requesting credit limit increase,1
TKT001326,CUST000641,2025-11-01,Fee complaint,1
TKT001327,CUST000641,2025-11-01,Rewards points issue,1
TKT001328,CUST000641,2025-12-01,Late payment inquiry,1
TKT001329,CUST000641,2025-12-01,Late payment inquiry,1
TKT001330,CUST000641,2025-12-01,Late payment inquiry,1
TKT001331,CUST000642,2025-07-01,Requesting card cancellation,1
TKT001332,CUST000642,2025-07-01,Card not working,1
TKT001333,CUST000646,2025-03-01,Card not working,0
TKT001334,CUST000646,2025-03-01,Fee complaint,1
TKT001335,CUST000646,2025-04-01,Card not working,1
TKT001336,CUST000646,2025-05-01,Card not working,0
TKT001337,CUST000646,2025-06-01,Rewards points issue,1
TKT001338,CUST000646,2025-06-01,App/website login issue,1
TKT001339,CUST000646,2025-07-01,Fee complaint,1
TKT001340,CUST000646,2025-08-01,Requesting card cancellation,1
TKT001341,CUST000646,2025-08-01,Billing dispute,1
TKT001342,CUST000646,2025-09-01,Late payment inquiry,1
TKT001343,CUST000646,2025-09-01,Fee complaint,1
TKT001344,CUST000646,2025-09-01,Fee complaint,1
TKT001345,CUST000646,2025-12-01,General inquiry,1
TKT001346,CUST000648,2025-03-01,Rewards points issue,1
TKT001347,CUST000648,2025-03-01,Card not working,0
TKT001348,CUST000648,2025-07-01,Billing dispute,0
TKT001349,CUST000649,2025-07-01,General inquiry,1
TKT001350,CUST000653,2025-02-01,Card not working,1
TKT001351,CUST000653,2025-02-01,Late payment inquiry,1
TKT001352,CUST000653,2025-03-01,Billing dispute,1
TKT001353,CUST000653,2025-03-01,Card not working,1
TKT001354,CUST000653,2025-06-01,Card not working,1
TKT001355,CUST000653,2025-06-01,Billing dispute,0
TKT001356,CUST000653,2025-06-01,Requesting card cancellation,1
TKT001357,CUST000653,2025-07-01,General inquiry,1
TKT001358,CUST000653,2025-08-01,General inquiry,1
TKT001359,CUST000653,2025-08-01,App/website login issue,1
TKT001360,CUST000656,2025-09-01,Billing dispute,1
TKT001361,CUST000656,2025-09-01,Rewards points issue,1
TKT001362,CUST000656,2025-10-01,General inquiry,1
TKT001363,CUST000656,2025-11-01,Late payment inquiry,1
TKT001364,CUST000656,2025-11-01,Fraud concern,1
TKT001365,CUST000662,2025-01-01,Fee complaint,1
TKT001366,CUST000662,2025-02-01,Card not working,1
TKT001367,CUST000662,2025-02-01,Card not working,1
TKT001368,CUST000662,2025-03-01,General inquiry,1
TKT001369,CUST000662,2025-04-01,Card not working,1
TKT001370,CUST000662,2025-04-01,Fee complaint,1
TKT001371,CUST000662,2025-06-01,Late payment inquiry,1
TKT001372,CUST000662,2025-07-01,Rewards points issue,0
TKT001373,CUST000662,2025-11-01,Requesting credit limit increase,1
TKT001374,CUST000662,2025-12-01,Billing dispute,1
TKT001375,CUST000667,2025-06-01,Rewards points issue,1
TKT001376,CUST000669,2025-01-01,Card not working,1
TKT001377,CUST000669,2025-03-01,Late payment inquiry,0
TKT001378,CUST000669,2025-04-01,Fee complaint,1
TKT001379,CUST000669,2025-04-01,Fee complaint,0
TKT001380,CUST000669,2025-05-01,Billing dispute,1
TKT001381,CUST000669,2025-06-01,Late payment inquiry,1
TKT001382,CUST000669,2025-07-01,General inquiry,1
TKT001383,CUST000669,2025-08-01,Requesting card cancellation,1
TKT001384,CUST000669,2025-09-01,Fraud concern,0
TKT001385,CUST000669,2025-11-01,Card not working,1
TKT001386,CUST000669,2025-11-01,General inquiry,1
TKT001387,CUST000669,2025-11-01,Billing dispute,1
TKT001388,CUST000677,2025-02-01,Rewards points issue,1
TKT001389,CUST000677,2025-04-01,Requesting card cancellation,1
TKT001390,CUST000684,2025-05-01,General inquiry,1
TKT001391,CUST000684,2025-05-01,General inquiry,0
TKT001392,CUST000684,2025-07-01,General inquiry,0
TKT001393,CUST000684,2025-07-01,Billing dispute,1
TKT001394,CUST000685,2025-03-01,Fee complaint,1
TKT001395,CUST000685,2025-04-01,Requesting card cancellation,1
TKT001396,CUST000685,2025-05-01,Late payment inquiry,1
TKT001397,CUST000685,2025-05-01,General inquiry,1
TKT001398,CUST000687,2025-04-01,Rewards points issue,0
TKT001399,CUST000687,2025-04-01,General inquiry,1
TKT001400,CUST000687,2025-05-01,Rewards points issue,1
TKT001401,CUST000687,2025-06-01,Card not working,1
TKT001402,CUST000695,2025-01-01,Late payment inquiry,1
TKT001403,CUST000695,2025-02-01,Billing dispute,1
TKT001404,CUST000695,2025-04-01,Requesting credit limit increase,1
TKT001405,CUST000695,2025-05-01,General inquiry,1
TKT001406,CUST000695,2025-06-01,App/website login issue,1
TKT001407,CUST000695,2025-06-01,Billing dispute,1
TKT001408,CUST000695,2025-07-01,Rewards points issue,1
TKT001409,CUST000695,2025-09-01,Fee complaint,1
TKT001410,CUST000695,2025-10-01,Billing dispute,1
TKT001411,CUST000695,2025-11-01,Fee complaint,1
TKT001412,CUST000695,2025-12-01,Fee complaint,1
TKT001413,CUST000697,2025-02-01,Billing dispute,1
TKT001414,CUST000697,2025-03-01,Card not working,1
TKT001415,CUST000697,2025-05-01,Billing dispute,1
TKT001416,CUST000697,2025-05-01,Billing dispute,0
TKT001417,CUST000697,2025-05-01,Fee complaint,1
TKT001418,CUST000697,2025-07-01,Requesting card cancellation,1
TKT001419,CUST000697,2025-07-01,Billing dispute,1
TKT001420,CUST000697,2025-09-01,Requesting credit limit increase,1
TKT001421,CUST000697,2025-10-01,App/website login issue,1
TKT001422,CUST000697,2025-11-01,Billing dispute,0
TKT001423,CUST000697,2025-11-01,Billing dispute,1
TKT001424,CUST000697,2025-12-01,Fee complaint,1
TKT001425,CUST000698,2025-01-01,Billing dispute,1
TKT001426,CUST000698,2025-01-01,Fee complaint,1
TKT001427,CUST000698,2025-03-01,General inquiry,0
TKT001428,CUST000700,2025-05-01,Card not working,1
TKT001429,CUST000700,2025-05-01,Fraud concern,0
TKT001430,CUST000700,2025-06-01,Billing dispute,1
TKT001431,CUST000700,2025-07-01,Fee complaint,0
TKT001432,CUST000705,2025-01-01,Fee complaint,0
TKT001433,CUST000705,2025-02-01,Rewards points issue,1
TKT001434,CUST000705,2025-03-01,Card not working,1
TKT001435,CUST000705,2025-03-01,Requesting card cancellation,0
TKT001436,CUST000705,2025-04-01,Fee complaint,1
TKT001437,CUST000705,2025-04-01,Requesting card cancellation,1
TKT001438,CUST000705,2025-04-01,App/website login issue,1
TKT001439,CUST000705,2025-06-01,Billing dispute,1
TKT001440,CUST000705,2025-07-01,Fee complaint,1
TKT001441,CUST000705,2025-07-01,Billing dispute,1
TKT001442,CUST000705,2025-08-01,Late payment inquiry,1
TKT001443,CUST000705,2025-09-01,Late payment inquiry,1
TKT001444,CUST000705,2025-10-01,Rewards points issue,0
TKT001445,CUST000705,2025-11-01,General inquiry,0
TKT001446,CUST000705,2025-12-01,Late payment inquiry,1
TKT001447,CUST000706,2025-02-01,Fee complaint,1
TKT001448,CUST000706,2025-02-01,Requesting credit limit increase,1
TKT001449,CUST000706,2025-03-01,Billing dispute,1
TKT001450,CUST000706,2025-04-01,App/website login issue,1
TKT001451,CUST000706,2025-04-01,Billing dispute,1
TKT001452,CUST000706,2025-04-01,App/website login issue,1
TKT001453,CUST000706,2025-04-01,Fee complaint,0
TKT001454,CUST000706,2025-05-01,Late payment inquiry,1
TKT001455,CUST000706,2025-06-01,Billing dispute,1
TKT001456,CUST000706,2025-07-01,Requesting card cancellation,1
TKT001457,CUST000706,2025-07-01,Rewards points issue,1
TKT001458,CUST000706,2025-08-01,Billing dispute,1
TKT001459,CUST000706,2025-08-01,Fee complaint,1
TKT001460,CUST000706,2025-09-01,Requesting card cancellation,0
TKT001461,CUST000706,2025-09-01,Rewards points issue,1
TKT001462,CUST000706,2025-09-01,Fee complaint,1
TKT001463,CUST000706,2025-10-01,General inquiry,1
TKT001464,CUST000706,2025-10-01,Fee complaint,1
TKT001465,CUST000706,2025-11-01,Fee complaint,1
TKT001466,CUST000707,2025-01-01,Late payment inquiry,1
TKT001467,CUST000707,2025-03-01,Card not working,0
TKT001468,CUST000707,2025-04-01,Requesting card cancellation,1
TKT001469,CUST000707,2025-04-01,Fee complaint,1
TKT001470,CUST000707,2025-05-01,Fee complaint,1
TKT001471,CUST000707,2025-06-01,Requesting card cancellation,1
TKT001472,CUST000707,2025-09-01,Card not working,0
TKT001473,CUST000707,2025-11-01,General inquiry,1
TKT001474,CUST000707,2025-11-01,Card not working,1
TKT001475,CUST000707,2025-12-01,Requesting card cancellation,0
TKT001476,CUST000707,2025-12-01,Late payment inquiry,1
TKT001477,CUST000707,2025-12-01,App/website login issue,1
TKT001478,CUST000710,2025-01-01,Billing dispute,1
TKT001479,CUST000710,2025-02-01,General inquiry,1
TKT001480,CUST000710,2025-03-01,Fee complaint,1
TKT001481,CUST000710,2025-03-01,General inquiry,1
TKT001482,CUST000710,2025-05-01,Card not working,1
TKT001483,CUST000710,2025-06-01,Late payment inquiry,1
TKT001484,CUST000710,2025-07-01,Billing dispute,1
TKT001485,CUST000710,2025-07-01,Requesting card cancellation,1
TKT001486,CUST000710,2025-08-01,App/website login issue,1
TKT001487,CUST000710,2025-10-01,Billing dispute,1
TKT001488,CUST000710,2025-11-01,Billing dispute,0
TKT001489,CUST000710,2025-12-01,General inquiry,1
TKT001490,CUST000711,2025-01-01,Fee complaint,1
TKT001491,CUST000711,2025-02-01,General inquiry,1
TKT001492,CUST000713,2025-05-01,Fee complaint,1
TKT001493,CUST000713,2025-06-01,Fee complaint,1
TKT001494,CUST000715,2025-08-01,Fee complaint,0
TKT001495,CUST000715,2025-08-01,Billing dispute,1
TKT001496,CUST000717,2025-06-01,General inquiry,1
TKT001497,CUST000721,2025-01-01,General inquiry,0
TKT001498,CUST000721,2025-02-01,App/website login issue,1
TKT001499,CUST000721,2025-02-01,Rewards points issue,1
TKT001500,CUST000721,2025-04-01,Fraud concern,1
TKT001501,CUST000721,2025-08-01,Card not working,1
TKT001502,CUST000721,2025-09-01,Billing dispute,1
TKT001503,CUST000723,2025-01-01,Fraud concern,1
TKT001504,CUST000723,2025-01-01,Rewards points issue,1
TKT001505,CUST000723,2025-03-01,Late payment inquiry,1
TKT001506,CUST000723,2025-04-01,Fee complaint,0
TKT001507,CUST000723,2025-04-01,Requesting credit limit increase,1
TKT001508,CUST000723,2025-04-01,Late payment inquiry,0
TKT001509,CUST000723,2025-06-01,Requesting credit limit increase,1
TKT001510,CUST000723,2025-07-01,Requesting card cancellation,1
TKT001511,CUST000723,2025-07-01,Card not working,1
TKT001512,CUST000723,2025-08-01,Rewards points issue,0
TKT001513,CUST000723,2025-08-01,General inquiry,1
TKT001514,CUST000723,2025-08-01,Card not working,1
TKT001515,CUST000723,2025-08-01,App/website login issue,1
TKT001516,CUST000723,2025-09-01,General inquiry,1
TKT001517,CUST000723,2025-09-01,Billing dispute,1
TKT001518,CUST000723,2025-12-01,Billing dispute,1
TKT001519,CUST000723,2025-12-01,App/website login issue,0
TKT001520,CUST000723,2025-12-01,App/website login issue,1
TKT001521,CUST000729,2025-10-01,Card not working,1
TKT001522,CUST000730,2025-03-01,Billing dispute,1
TKT001523,CUST000730,2025-03-01,Billing dispute,1
TKT001524,CUST000730,2025-05-01,General inquiry,1
TKT001525,CUST000730,2025-05-01,Fee complaint,1
TKT001526,CUST000730,2025-06-01,Requesting credit limit increase,1
TKT001527,CUST000730,2025-09-01,Late payment inquiry,1
TKT001528,CUST000730,2025-12-01,Rewards points issue,1
TKT001529,CUST000738,2025-01-01,Fee complaint,1
TKT001530,CUST000738,2025-01-01,Card not working,1
TKT001531,CUST000738,2025-03-01,General inquiry,1
TKT001532,CUST000738,2025-03-01,Fee complaint,0
TKT001533,CUST000738,2025-04-01,App/website login issue,1
TKT001534,CUST000738,2025-05-01,Requesting card cancellation,0
TKT001535,CUST000738,2025-06-01,Billing dispute,1
TKT001536,CUST000738,2025-07-01,Card not working,1
TKT001537,CUST000738,2025-09-01,Fee complaint,1
TKT001538,CUST000738,2025-12-01,Requesting card cancellation,1
TKT001539,CUST000738,2025-12-01,Fraud concern,1
TKT001540,CUST000738,2025-12-01,App/website login issue,1
TKT001541,CUST000738,2025-12-01,Fee complaint,1
TKT001542,CUST000738,2025-12-01,Fraud concern,1
TKT001543,CUST000739,2025-04-01,General inquiry,1
TKT001544,CUST000739,2025-04-01,App/website login issue,1
TKT001545,CUST000739,2025-04-01,Late payment inquiry,1
TKT001546,CUST000739,2025-04-01,Late payment inquiry,0
TKT001547,CUST000741,2025-01-01,Fee complaint,1
TKT001548,CUST000741,2025-02-01,Billing dispute,1
TKT001549,CUST000741,2025-02-01,Card not working,0
TKT001550,CUST000741,2025-02-01,Rewards points issue,1
TKT001551,CUST000741,2025-03-01,App/website login issue,1
TKT001552,CUST000743,2025-07-01,Fee complaint,1
TKT001553,CUST000743,2025-08-01,Late payment inquiry,1
TKT001554,CUST000743,2025-08-01,App/website login issue,1
TKT001555,CUST000748,2025-01-01,Late payment inquiry,1
TKT001556,CUST000748,2025-01-01,Billing dispute,1
TKT001557,CUST000748,2025-02-01,Rewards points issue,1
TKT001558,CUST000748,2025-02-01,Requesting credit limit increase,1
TKT001559,CUST000748,2025-02-01,App/website login issue,1
TKT001560,CUST000748,2025-03-01,App/website login issue,1
TKT001561,CUST000748,2025-04-01,General inquiry,0
TKT001562,CUST000748,2025-04-01,Rewards points issue,1
TKT001563,CUST000748,2025-04-01,Requesting credit limit increase,1
TKT001564,CUST000748,2025-08-01,Billing dispute,1
TKT001565,CUST000748,2025-09-01,Requesting credit limit increase,1
TKT001566,CUST000751,2025-09-01,Late payment inquiry,1
TKT001567,CUST000752,2025-08-01,Late payment inquiry,0
TKT001568,CUST000753,2025-02-01,Requesting card cancellation,1
TKT001569,CUST000753,2025-02-01,Fraud concern,1
TKT001570,CUST000753,2025-03-01,Fee complaint,1
TKT001571,CUST000755,2025-02-01,Card not working,1
TKT001572,CUST000755,2025-02-01,Requesting card cancellation,1
TKT001573,CUST000755,2025-05-01,Late payment inquiry,1
TKT001574,CUST000755,2025-06-01,Billing dispute,1
TKT001575,CUST000757,2025-09-01,Billing dispute,1
TKT001576,CUST000757,2025-09-01,Billing dispute,0
TKT001577,CUST000757,2025-10-01,Late payment inquiry,1
TKT001578,CUST000757,2025-11-01,Rewards points issue,1
TKT001579,CUST000760,2025-06-01,General inquiry,1
TKT001580,CUST000760,2025-06-01,Fee complaint,0
TKT001581,CUST000760,2025-07-01,Billing dispute,1
TKT001582,CUST000763,2025-03-01,Fraud concern,1
TKT001583,CUST000763,2025-04-01,Requesting card cancellation,1
TKT001584,CUST000763,2025-05-01,App/website login issue,1
TKT001585,CUST000763,2025-08-01,Billing dispute,1
TKT001586,CUST000763,2025-09-01,Fee complaint,1
TKT001587,CUST000763,2025-10-01,App/website login issue,1
TKT001588,CUST000763,2025-11-01,Requesting credit limit increase,1
TKT001589,CUST000763,2025-11-01,Billing dispute,1
TKT001590,CUST000765,2025-06-01,Fee complaint,1
TKT001591,CUST000766,2025-08-01,Late payment inquiry,1
TKT001592,CUST000766,2025-08-01,Fee complaint,1
TKT001593,CUST000766,2025-08-01,Fee complaint,1
TKT001594,CUST000766,2025-09-01,Requesting card cancellation,1
TKT001595,CUST000766,2025-10-01,General inquiry,1
TKT001596,CUST000766,2025-10-01,Fee complaint,1
TKT001597,CUST000767,2025-04-01,Fraud concern,1
TKT001598,CUST000767,2025-05-01,General inquiry,1
TKT001599,CUST000767,2025-05-01,Fee complaint,0
TKT001600,CUST000767,2025-05-01,Rewards points issue,1
TKT001601,CUST000767,2025-06-01,Requesting credit limit increase,1
TKT001602,CUST000767,2025-09-01,Requesting credit limit increase,1
TKT001603,CUST000767,2025-09-01,Rewards points issue,1
TKT001604,CUST000767,2025-09-01,Rewards points issue,1
TKT001605,CUST000767,2025-09-01,Late payment inquiry,1
TKT001606,CUST000767,2025-12-01,Rewards points issue,1
TKT001607,CUST000772,2025-01-01,Billing dispute,1
TKT001608,CUST000772,2025-01-01,Card not working,1
TKT001609,CUST000772,2025-03-01,Late payment inquiry,1
TKT001610,CUST000772,2025-05-01,Rewards points issue,1
TKT001611,CUST000772,2025-06-01,Fraud concern,1
TKT001612,CUST000772,2025-06-01,Requesting card cancellation,1
TKT001613,CUST000772,2025-06-01,Card not working,0
TKT001614,CUST000772,2025-06-01,General inquiry,1
TKT001615,CUST000772,2025-06-01,Rewards points issue,1
TKT001616,CUST000772,2025-06-01,App/website login issue,1
TKT001617,CUST000772,2025-07-01,Billing dispute,1
TKT001618,CUST000772,2025-07-01,Fee complaint,1
TKT001619,CUST000772,2025-10-01,Fee complaint,1
TKT001620,CUST000772,2025-11-01,Late payment inquiry,0
TKT001621,CUST000772,2025-12-01,Fee complaint,1
TKT001622,CUST000772,2025-12-01,Late payment inquiry,1
TKT001623,CUST000772,2025-12-01,Fee complaint,1
TKT001624,CUST000774,2025-02-01,Card not working,1
TKT001625,CUST000775,2025-02-01,Billing dispute,1
TKT001626,CUST000775,2025-02-01,Billing dispute,0
TKT001627,CUST000775,2025-03-01,App/website login issue,1
TKT001628,CUST000775,2025-03-01,Fee complaint,1
TKT001629,CUST000775,2025-03-01,App/website login issue,1
TKT001630,CUST000776,2025-01-01,General inquiry,1
TKT001631,CUST000776,2025-03-01,Requesting card cancellation,1
TKT001632,CUST000776,2025-05-01,App/website login issue,1
TKT001633,CUST000776,2025-05-01,Fraud concern,1
TKT001634,CUST000776,2025-06-01,Late payment inquiry,1
TKT001635,CUST000776,2025-06-01,Rewards points issue,1
TKT001636,CUST000776,2025-06-01,Card not working,1
TKT001637,CUST000776,2025-08-01,Rewards points issue,1
TKT001638,CUST000776,2025-09-01,Requesting card cancellation,1
TKT001639,CUST000776,2025-10-01,Fee complaint,0
TKT001640,CUST000776,2025-11-01,General inquiry,1
TKT001641,CUST000776,2025-11-01,Billing dispute,1
TKT001642,CUST000776,2025-12-01,Fraud concern,1
TKT001643,CUST000780,2025-01-01,Rewards points issue,1
TKT001644,CUST000780,2025-01-01,Billing dispute,1
TKT001645,CUST000780,2025-01-01,Fee complaint,1
TKT001646,CUST000780,2025-01-01,Requesting card cancellation,1
TKT001647,CUST000780,2025-04-01,General inquiry,1
TKT001648,CUST000780,2025-05-01,Late payment inquiry,1
TKT001649,CUST000780,2025-05-01,Requesting card cancellation,1
TKT001650,CUST000780,2025-06-01,General inquiry,1
TKT001651,CUST000780,2025-07-01,Card not working,1
TKT001652,CUST000780,2025-07-01,Billing dispute,0
TKT001653,CUST000780,2025-09-01,Requesting credit limit increase,1
TKT001654,CUST000780,2025-10-01,Requesting card cancellation,1
TKT001655,CUST000780,2025-11-01,Fee complaint,1
TKT001656,CUST000780,2025-12-01,General inquiry,1
TKT001657,CUST000790,2025-04-01,Card not working,1
TKT001658,CUST000790,2025-05-01,App/website login issue,1
TKT001659,CUST000791,2025-02-01,Billing dispute,1
TKT001660,CUST000791,2025-03-01,Requesting card cancellation,1
TKT001661,CUST000791,2025-04-01,Fraud concern,1
TKT001662,CUST000795,2025-01-01,App/website login issue,1
TKT001663,CUST000795,2025-03-01,Late payment inquiry,1
TKT001664,CUST000798,2025-05-01,App/website login issue,1
TKT001665,CUST000798,2025-06-01,Fraud concern,1
TKT001666,CUST000798,2025-07-01,Fee complaint,1
TKT001667,CUST000801,2025-01-01,Late payment inquiry,0
TKT001668,CUST000801,2025-01-01,Card not working,1
TKT001669,CUST000801,2025-02-01,Requesting card cancellation,0
TKT001670,CUST000801,2025-04-01,Late payment inquiry,1
TKT001671,CUST000801,2025-05-01,Rewards points issue,1
TKT001672,CUST000801,2025-05-01,Late payment inquiry,1
TKT001673,CUST000801,2025-09-01,General inquiry,1
TKT001674,CUST000801,2025-09-01,Fraud concern,1
TKT001675,CUST000804,2025-01-01,Billing dispute,0
TKT001676,CUST000804,2025-01-01,Billing dispute,0
TKT001677,CUST000804,2025-02-01,Fee complaint,0
TKT001678,CUST000804,2025-04-01,General inquiry,0
TKT001679,CUST000804,2025-05-01,General inquiry,1
TKT001680,CUST000804,2025-06-01,Rewards points issue,0
TKT001681,CUST000804,2025-09-01,Rewards points issue,1
TKT001682,CUST000804,2025-09-01,Requesting credit limit increase,1
TKT001683,CUST000807,2025-08-01,Fee complaint,0
TKT001684,CUST000807,2025-10-01,Late payment inquiry,1
TKT001685,CUST000812,2025-01-01,Card not working,1
TKT001686,CUST000812,2025-02-01,Billing dispute,1
TKT001687,CUST000822,2025-04-01,Billing dispute,1
TKT001688,CUST000822,2025-04-01,Fee complaint,1
TKT001689,CUST000822,2025-04-01,Card not working,1
TKT001690,CUST000826,2025-02-01,App/website login issue,1
TKT001691,CUST000826,2025-03-01,Requesting credit limit increase,1
TKT001692,CUST000826,2025-05-01,Rewards points issue,1
TKT001693,CUST000826,2025-05-01,App/website login issue,1
TKT001694,CUST000826,2025-05-01,Late payment inquiry,1
TKT001695,CUST000826,2025-06-01,Fee complaint,0
TKT001696,CUST000826,2025-07-01,General inquiry,1
TKT001697,CUST000826,2025-07-01,Late payment inquiry,1
TKT001698,CUST000826,2025-07-01,Rewards points issue,0
TKT001699,CUST000826,2025-08-01,Fee complaint,0
TKT001700,CUST000826,2025-09-01,Billing dispute,1
TKT001701,CUST000826,2025-09-01,Billing dispute,1
TKT001702,CUST000826,2025-09-01,Billing dispute,1
TKT001703,CUST000826,2025-10-01,Card not working,1
TKT001704,CUST000826,2025-12-01,App/website login issue,1
TKT001705,CUST000826,2025-12-01,General inquiry,1
TKT001706,CUST000830,2025-03-01,Rewards points issue,1
TKT001707,CUST000830,2025-04-01,Rewards points issue,0
TKT001708,CUST000830,2025-04-01,Requesting card cancellation,0
TKT001709,CUST000830,2025-05-01,Requesting card cancellation,1
TKT001710,CUST000830,2025-05-01,Billing dispute,1
TKT001711,CUST000839,2025-01-01,Card not working,1
TKT001712,CUST000839,2025-02-01,General inquiry,1
TKT001713,CUST000839,2025-03-01,Billing dispute,1
TKT001714,CUST000839,2025-05-01,Billing dispute,1
TKT001715,CUST000839,2025-06-01,Late payment inquiry,1
TKT001716,CUST000839,2025-06-01,Rewards points issue,1
TKT001717,CUST000839,2025-08-01,Late payment inquiry,1
TKT001718,CUST000839,2025-08-01,Requesting credit limit increase,1
TKT001719,CUST000839,2025-09-01,Card not working,1
TKT001720,CUST000839,2025-10-01,Late payment inquiry,1
TKT001721,CUST000839,2025-10-01,Fee complaint,1
TKT001722,CUST000839,2025-11-01,Rewards points issue,1
TKT001723,CUST000839,2025-12-01,Requesting card cancellation,1
TKT001724,CUST000845,2025-04-01,Late payment inquiry,1
TKT001725,CUST000845,2025-04-01,App/website login issue,1
TKT001726,CUST000847,2025-09-01,Late payment inquiry,1
TKT001727,CUST000847,2025-09-01,Fee complaint,1
TKT001728,CUST000847,2025-09-01,Billing dispute,1
TKT001729,CUST000847,2025-10-01,Fee complaint,1
TKT001730,CUST000851,2025-01-01,General inquiry,1
TKT001731,CUST000851,2025-02-01,Requesting card cancellation,1
TKT001732,CUST000851,2025-03-01,Billing dispute,1
TKT001733,CUST000851,2025-04-01,Rewards points issue,1
TKT001734,CUST000851,2025-05-01,Fee complaint,1
TKT001735,CUST000851,2025-08-01,Fee complaint,1
TKT001736,CUST000851,2025-09-01,Fee complaint,1
TKT001737,CUST000851,2025-10-01,Card not working,1
TKT001738,CUST000851,2025-11-01,Billing dispute,1
TKT001739,CUST000858,2025-01-01,General inquiry,1
TKT001740,CUST000858,2025-04-01,Card not working,1
TKT001741,CUST000858,2025-04-01,Card not working,1
TKT001742,CUST000858,2025-04-01,General inquiry,1
TKT001743,CUST000858,2025-05-01,Fee complaint,1
TKT001744,CUST000858,2025-05-01,Billing dispute,1
TKT001745,CUST000858,2025-05-01,Fee complaint,1
TKT001746,CUST000858,2025-06-01,Fraud concern,1
TKT001747,CUST000858,2025-06-01,Fee complaint,1
TKT001748,CUST000858,2025-07-01,General inquiry,0
TKT001749,CUST000858,2025-08-01,Card not working,1
TKT001750,CUST000858,2025-08-01,App/website login issue,0
TKT001751,CUST000858,2025-08-01,Late payment inquiry,1
TKT001752,CUST000858,2025-10-01,App/website login issue,0
TKT001753,CUST000858,2025-10-01,Card not working,1
TKT001754,CUST000858,2025-10-01,Fraud concern,1
TKT001755,CUST000858,2025-10-01,Requesting credit limit increase,1
TKT001756,CUST000858,2025-11-01,Billing dispute,1
TKT001757,CUST000858,2025-11-01,Fraud concern,1
TKT001758,CUST000858,2025-11-01,General inquiry,1
TKT001759,CUST000858,2025-11-01,Billing dispute,1
TKT001760,CUST000858,2025-12-01,Late payment inquiry,1
TKT001761,CUST000858,2025-12-01,Card not working,1
TKT001762,CUST000858,2025-12-01,Requesting card cancellation,1
TKT001763,CUST000862,2025-01-01,Requesting credit limit increase,1
TKT001764,CUST000862,2025-01-01,General inquiry,1
TKT001765,CUST000862,2025-01-01,Rewards points issue,1
TKT001766,CUST000862,2025-05-01,Requesting card cancellation,1
TKT001767,CUST000862,2025-07-01,Billing dispute,1
TKT001768,CUST000862,2025-08-01,Rewards points issue,1
TKT001769,CUST000862,2025-09-01,Late payment inquiry,1
TKT001770,CUST000862,2025-09-01,Rewards points issue,1
TKT001771,CUST000862,2025-11-01,Card not working,1
TKT001772,CUST000862,2025-12-01,Requesting card cancellation,1
TKT001773,CUST000862,2025-12-01,Fee complaint,1
TKT001774,CUST000863,2025-01-01,Fee complaint,1
TKT001775,CUST000863,2025-03-01,Card not working,1
TKT001776,CUST000863,2025-04-01,Billing dispute,0
TKT001777,CUST000863,2025-04-01,Requesting card cancellation,1
TKT001778,CUST000863,2025-06-01,Rewards points issue,0
TKT001779,CUST000863,2025-06-01,Requesting credit limit increase,1
TKT001780,CUST000863,2025-09-01,Card not working,1
TKT001781,CUST000863,2025-09-01,Fraud concern,1
TKT001782,CUST000863,2025-10-01,Card not working,0
TKT001783,CUST000863,2025-11-01,General inquiry,1
TKT001784,CUST000867,2025-07-01,Card not working,1
TKT001785,CUST000867,2025-07-01,Billing dispute,1
TKT001786,CUST000868,2025-01-01,Billing dispute,1
TKT001787,CUST000870,2025-07-01,Rewards points issue,0
TKT001788,CUST000871,2025-01-01,Rewards points issue,1
TKT001789,CUST000871,2025-02-01,Fraud concern,1
TKT001790,CUST000871,2025-04-01,General inquiry,1
TKT001791,CUST000871,2025-04-01,Card not working,1
TKT001792,CUST000871,2025-04-01,App/website login issue,0
TKT001793,CUST000871,2025-05-01,Late payment inquiry,1
TKT001794,CUST000871,2025-08-01,Rewards points issue,1
TKT001795,CUST000871,2025-10-01,Fraud concern,1
TKT001796,CUST000871,2025-12-01,Requesting card cancellation,1
TKT001797,CUST000872,2025-02-01,Card not working,1
TKT001798,CUST000872,2025-03-01,Rewards points issue,1
TKT001799,CUST000872,2025-04-01,Fee complaint,1
TKT001800,CUST000873,2025-04-01,Requesting credit limit increase,1
TKT001801,CUST000873,2025-04-01,App/website login issue,1
TKT001802,CUST000873,2025-05-01,App/website login issue,1
TKT001803,CUST000873,2025-06-01,Fee complaint,1
TKT001804,CUST000879,2025-02-01,Billing dispute,1
TKT001805,CUST000879,2025-02-01,Billing dispute,1
TKT001806,CUST000879,2025-02-01,Card not working,1
TKT001807,CUST000879,2025-03-01,Late payment inquiry,1
TKT001808,CUST000879,2025-04-01,Requesting card cancellation,0
TKT001809,CUST000886,2025-03-01,Fee complaint,1
TKT001810,CUST000886,2025-04-01,Fee complaint,1
TKT001811,CUST000886,2025-05-01,Fee complaint,1
TKT001812,CUST000886,2025-05-01,Billing dispute,1
TKT001813,CUST000887,2025-04-01,Fraud concern,1
TKT001814,CUST000887,2025-06-01,Fee complaint,1
TKT001815,CUST000887,2025-06-01,Fee complaint,1
TKT001816,CUST000887,2025-08-01,Fee complaint,1
TKT001817,CUST000887,2025-09-01,Requesting card cancellation,1
TKT001818,CUST000887,2025-09-01,Requesting card cancellation,1
TKT001819,CUST000887,2025-10-01,Card not working,0
TKT001820,CUST000887,2025-11-01,Billing dispute,1
TKT001821,CUST000887,2025-11-01,Requesting credit limit increase,1
TKT001822,CUST000891,2025-01-01,Rewards points issue,1
TKT001823,CUST000891,2025-02-01,Requesting credit limit increase,1
TKT001824,CUST000891,2025-03-01,Card not working,1
TKT001825,CUST000891,2025-03-01,General inquiry,1
TKT001826,CUST000891,2025-05-01,App/website login issue,1
TKT001827,CUST000891,2025-05-01,Requesting card cancellation,1
TKT001828,CUST000891,2025-09-01,Late payment inquiry,1
TKT001829,CUST000891,2025-10-01,Fraud concern,1
TKT001830,CUST000891,2025-11-01,Fee complaint,0
TKT001831,CUST000891,2025-12-01,Requesting credit limit increase,1
TKT001832,CUST000892,2025-04-01,General inquiry,1
TKT001833,CUST000892,2025-04-01,Rewards points issue,1
TKT001834,CUST000892,2025-04-01,Rewards points issue,0
TKT001835,CUST000892,2025-05-01,Billing dispute,1
TKT001836,CUST000895,2025-02-01,Card not working,1
TKT001837,CUST000895,2025-03-01,Late payment inquiry,1
TKT001838,CUST000895,2025-04-01,Fee complaint,1
TKT001839,CUST000895,2025-04-01,General inquiry,0
TKT001840,CUST000895,2025-06-01,App/website login issue,1
TKT001841,CUST000895,2025-08-01,Billing dispute,1
TKT001842,CUST000895,2025-09-01,Card not working,1
TKT001843,CUST000895,2025-09-01,Fee complaint,1
TKT001844,CUST000895,2025-12-01,Card not working,1
TKT001845,CUST000895,2025-12-01,App/website login issue,1
TKT001846,CUST000895,2025-12-01,General inquiry,1
TKT001847,CUST000895,2025-12-01,Rewards points issue,1
TKT001848,CUST000896,2025-01-01,App/website login issue,1
TKT001849,CUST000896,2025-03-01,Late payment inquiry,1
TKT001850,CUST000898,2025-02-01,Billing dispute,1
TKT001851,CUST000898,2025-02-01,App/website login issue,1
TKT001852,CUST000898,2025-03-01,Late payment inquiry,1
TKT001853,CUST000898,2025-04-01,Billing dispute,1
TKT001854,CUST000899,2025-04-01,Card not working,1
TKT001855,CUST000899,2025-04-01,General inquiry,1
TKT001856,CUST000899,2025-04-01,Rewards points issue,1
TKT001857,CUST000899,2025-05-01,Card not working,1
TKT001858,CUST000901,2025-02-01,Billing dispute,1
TKT001859,CUST000901,2025-02-01,Fee complaint,1
TKT001860,CUST000901,2025-02-01,Fee complaint,1
TKT001861,CUST000901,2025-06-01,Late payment inquiry,1
TKT001862,CUST000901,2025-06-01,App/website login issue,1
TKT001863,CUST000901,2025-06-01,Fee complaint,1
TKT001864,CUST000901,2025-06-01,Rewards points issue,0
TKT001865,CUST000901,2025-08-01,Card not working,1
TKT001866,CUST000901,2025-10-01,App/website login issue,0
TKT001867,CUST000901,2025-11-01,Requesting card cancellation,1
TKT001868,CUST000901,2025-12-01,Fraud concern,1
TKT001869,CUST000901,2025-12-01,Requesting card cancellation,1
TKT001870,CUST000901,2025-12-01,Fee complaint,1
TKT001871,CUST000906,2025-02-01,Fraud concern,1
TKT001872,CUST000907,2025-09-01,Fee complaint,1
TKT001873,CUST000907,2025-11-01,Fee complaint,0
TKT001874,CUST000907,2025-11-01,App/website login issue,1
TKT001875,CUST000907,2025-11-01,Rewards points issue,1
TKT001876,CUST000911,2025-08-01,Fee complaint,1
TKT001877,CUST000911,2025-09-01,Late payment inquiry,1
TKT001878,CUST000911,2025-10-01,Billing dispute,1
TKT001879,CUST000915,2025-02-01,Billing dispute,1
TKT001880,CUST000915,2025-02-01,Late payment inquiry,1
TKT001881,CUST000915,2025-02-01,App/website login issue,1
TKT001882,CUST000915,2025-02-01,Requesting credit limit increase,1
TKT001883,CUST000915,2025-04-01,General inquiry,1
TKT001884,CUST000917,2025-01-01,Billing dispute,1
TKT001885,CUST000917,2025-02-01,Requesting card cancellation,1
TKT001886,CUST000917,2025-02-01,Fee complaint,1
TKT001887,CUST000917,2025-03-01,Billing dispute,1
TKT001888,CUST000917,2025-06-01,Fee complaint,1
TKT001889,CUST000917,2025-06-01,App/website login issue,0
TKT001890,CUST000917,2025-07-01,Late payment inquiry,1
TKT001891,CUST000917,2025-08-01,Card not working,1
TKT001892,CUST000917,2025-09-01,Late payment inquiry,1
TKT001893,CUST000917,2025-10-01,Card not working,1
TKT001894,CUST000917,2025-11-01,App/website login issue,1
TKT001895,CUST000917,2025-11-01,Billing dispute,1
TKT001896,CUST000917,2025-11-01,Fee complaint,1
TKT001897,CUST000928,2025-08-01,Fee complaint,1
TKT001898,CUST000928,2025-10-01,Rewards points issue,1
TKT001899,CUST000929,2025-08-01,Rewards points issue,1
TKT001900,CUST000929,2025-09-01,Billing dispute,0
TKT001901,CUST000929,2025-09-01,General inquiry,1
TKT001902,CUST000929,2025-09-01,Billing dispute,1
TKT001903,CUST000929,2025-09-01,Billing dispute,1
TKT001904,CUST000929,2025-11-01,Fee complaint,1
TKT001905,CUST000929,2025-11-01,App/website login issue,1
TKT001906,CUST000929,2025-11-01,General inquiry,1
TKT001907,CUST000932,2025-05-01,Late payment inquiry,1
TKT001908,CUST000932,2025-06-01,Fee complaint,1
TKT001909,CUST000932,2025-06-01,App/website login issue,1
TKT001910,CUST000938,2025-07-01,Fee complaint,1
TKT001911,CUST000938,2025-09-01,Billing dispute,1
TKT001912,CUST000941,2025-01-01,Billing dispute,1
TKT001913,CUST000941,2025-02-01,General inquiry,1
TKT001914,CUST000941,2025-02-01,Billing dispute,1
TKT001915,CUST000941,2025-04-01,Fee complaint,1
TKT001916,CUST000941,2025-05-01,Requesting card cancellation,0
TKT001917,CUST000941,2025-06-01,Late payment inquiry,1
TKT001918,CUST000941,2025-06-01,App/website login issue,1
TKT001919,CUST000941,2025-06-01,Fraud concern,1
TKT001920,CUST000941,2025-09-01,Fee complaint,1
TKT001921,CUST000941,2025-12-01,Late payment inquiry,1
TKT001922,CUST000945,2025-10-01,Fraud concern,1
TKT001923,CUST000950,2025-01-01,Billing dispute,1
TKT001924,CUST000951,2025-03-01,Requesting card cancellation,1
TKT001925,CUST000951,2025-03-01,Requesting card cancellation,1
TKT001926,CUST000951,2025-03-01,App/website login issue,1
TKT001927,CUST000951,2025-04-01,Requesting card cancellation,1
TKT001928,CUST000951,2025-04-01,General inquiry,1
TKT001929,CUST000951,2025-05-01,Billing dispute,1
TKT001930,CUST000951,2025-08-01,Rewards points issue,1
TKT001931,CUST000951,2025-11-01,Requesting card cancellation,1
TKT001932,CUST000951,2025-12-01,Fraud concern,1
TKT001933,CUST000951,2025-12-01,Rewards points issue,1
TKT001934,CUST000961,2025-08-01,Fee complaint,1
TKT001935,CUST000961,2025-09-01,Fee complaint,0
TKT001936,CUST000966,2025-10-01,Billing dispute,1
TKT001937,CUST000968,2025-01-01,App/website login issue,1
TKT001938,CUST000968,2025-01-01,General inquiry,1
TKT001939,CUST000968,2025-02-01,Requesting card cancellation,1
TKT001940,CUST000968,2025-02-01,Rewards points issue,1
TKT001941,CUST000968,2025-02-01,App/website login issue,1
TKT001942,CUST000968,2025-03-01,Requesting credit limit increase,1
TKT001943,CUST000968,2025-03-01,Late payment inquiry,1
TKT001944,CUST000968,2025-03-01,App/website login issue,1
TKT001945,CUST000968,2025-04-01,Requesting credit limit increase,1
TKT001946,CUST000968,2025-04-01,Billing dispute,1
TKT001947,CUST000968,2025-06-01,General inquiry,1
TKT001948,CUST000968,2025-07-01,Fee complaint,1
TKT001949,CUST000968,2025-08-01,General inquiry,1
TKT001950,CUST000968,2025-08-01,Late payment inquiry,0
TKT001951,CUST000968,2025-09-01,Fee complaint,1
TKT001952,CUST000968,2025-09-01,App/website login issue,1
TKT001953,CUST000968,2025-09-01,Billing dispute,1
TKT001954,CUST000968,2025-09-01,Fee complaint,1
TKT001955,CUST000968,2025-09-01,Card not working,0
TKT001956,CUST000968,2025-10-01,Requesting card cancellation,1
TKT001957,CUST000968,2025-12-01,Late payment inquiry,1
TKT001958,CUST000968,2025-12-01,Billing dispute,1
TKT001959,CUST000968,2025-12-01,Fee complaint,1
TKT001960,CUST000968,2025-12-01,Fraud concern,1
TKT001961,CUST000970,2025-02-01,Billing dispute,1
TKT001962,CUST000970,2025-03-01,App/website login issue,1
TKT001963,CUST000970,2025-03-01,Card not working,0
TKT001964,CUST000970,2025-04-01,Requesting credit limit increase,1
TKT001965,CUST000973,2025-02-01,Fee complaint,1
TKT001966,CUST000974,2025-01-01,App/website login issue,1
TKT001967,CUST000974,2025-03-01,Card not working,1
TKT001968,CUST000974,2025-03-01,Billing dispute,1
TKT001969,CUST000974,2025-04-01,Requesting credit limit increase,1
TKT001970,CUST000974,2025-04-01,Rewards points issue,1
TKT001971,CUST000974,2025-04-01,Fraud concern,1
TKT001972,CUST000974,2025-05-01,Fraud concern,0
TKT001973,CUST000974,2025-05-01,App/website login issue,1
TKT001974,CUST000974,2025-06-01,Late payment inquiry,1
TKT001975,CUST000974,2025-07-01,Fee complaint,1
TKT001976,CUST000974,2025-08-01,Requesting card cancellation,1
TKT001977,CUST000974,2025-08-01,General inquiry,1
TKT001978,CUST000974,2025-08-01,Card not working,1
TKT001979,CUST000974,2025-10-01,Billing dispute,0
TKT001980,CUST000974,2025-10-01,Billing dispute,1
TKT001981,CUST000974,2025-11-01,Billing dispute,1
TKT001982,CUST000974,2025-12-01,Billing dispute,1
TKT001983,CUST000974,2025-12-01,Rewards points issue,1
TKT001984,CUST000975,2025-09-01,General inquiry,1
TKT001985,CUST000975,2025-11-01,Requesting card cancellation,1
TKT001986,CUST000978,2025-01-01,Requesting credit limit increase,0
TKT001987,CUST000978,2025-01-01,App/website login issue,0
TKT001988,CUST000978,2025-04-01,General inquiry,1
TKT001989,CUST000978,2025-04-01,Billing dispute,0
TKT001990,CUST000978,2025-05-01,Late payment inquiry,0
TKT001991,CUST000978,2025-06-01,Fee complaint,1
TKT001992,CUST000978,2025-06-01,Requesting card cancellation,0
TKT001993,CUST000978,2025-07-01,App/website login issue,1
TKT001994,CUST000978,2025-07-01,Fee complaint,1
TKT001995,CUST000978,2025-08-01,Card not working,1
TKT001996,CUST000978,2025-11-01,Billing dispute,1
TKT001997,CUST000978,2025-12-01,Card not working,1
TKT001998,CUST000978,2025-12-01,Requesting credit limit increase,1
TKT001999,CUST000981,2025-06-01,General inquiry,1
TKT002000,CUST000981,2025-06-01,Billing dispute,0
TKT002001,CUST000983,2025-04-01,Requesting card cancellation,1
TKT002002,CUST000983,2025-04-01,General inquiry,1
TKT002003,CUST000983,2025-04-01,App/website login issue,0
TKT002004,CUST000983,2025-04-01,Late payment inquiry,1
TKT002005,CUST000983,2025-04-01,Card not working,1
TKT002006,CUST000983,2025-06-01,Requesting card cancellation,1
TKT002007,CUST000984,2025-01-01,Late payment inquiry,1
TKT002008,CUST000984,2025-05-01,Rewards points issue,0
TKT002009,CUST000984,2025-05-01,Fee complaint,1
TKT002010,CUST000984,2025-06-01,Late payment inquiry,1
TKT002011,CUST000984,2025-06-01,Requesting credit limit increase,1
TKT002012,CUST000984,2025-06-01,General inquiry,1
TKT002013,CUST000984,2025-08-01,Fee complaint,1
TKT002014,CUST000984,2025-09-01,Billing dispute,1
TKT002015,CUST000984,2025-09-01,General inquiry,1
TKT002016,CUST000984,2025-10-01,Fee complaint,1
TKT002017,CUST000984,2025-12-01,Rewards points issue,1
TKT002018,CUST000988,2025-01-01,Late payment inquiry,1
TKT002019,CUST000988,2025-01-01,Requesting card cancellation,1
TKT002020,CUST000988,2025-02-01,Requesting card cancellation,1
TKT002021,CUST000988,2025-05-01,Billing dispute,1
TKT002022,CUST000988,2025-05-01,Billing dispute,1
TKT002023,CUST000989,2025-01-01,Card not working,1
TKT002024,CUST000989,2025-02-01,Fee complaint,1
TKT002025,CUST000989,2025-02-01,Billing dispute,0
TKT002026,CUST000995,2025-08-01,App/website login issue,1
TKT002027,CUST000996,2025-08-01,Fee complaint,1
TKT002028,CUST000996,2025-08-01,Billing dispute,1
TKT002029,CUST000996,2025-09-01,General inquiry,1
TKT002030,CUST000997,2025-01-01,App/website login issue,1
TKT002031,CUST000997,2025-02-01,Billing dispute,1
TKT002032,CUST000997,2025-02-01,Billing dispute,1
TKT002033,CUST000997,2025-04-01,Rewards points issue,1
TKT002034,CUST000997,2025-04-01,Fraud concern,1
TKT002035,CUST000997,2025-08-01,Requesting card cancellation,1
TKT002036,CUST000997,2025-08-01,Billing dispute,1
TKT002037,CUST000997,2025-11-01,App/website login issue,1
TKT002038,CUST000997,2025-11-01,Requesting card cancellation,1
TKT002039,CUST000997,2025-12-01,Rewards points issue,1
TKT002040,CUST000997,2025-12-01,Late payment inquiry,0
TKT002041,CUST001014,2025-04-01,Rewards points issue,1
TKT002042,CUST001014,2025-05-01,Fee complaint,1
TKT002043,CUST001015,2025-08-01,Requesting credit limit increase,1
TKT002044,CUST001015,2025-08-01,Rewards points issue,1
TKT002045,CUST001015,2025-09-01,Fee complaint,1
TKT002046,CUST001015,2025-09-01,Fee complaint,1
TKT002047,CUST001015,2025-09-01,Billing dispute,1
TKT002048,CUST001020,2025-09-01,App/website login issue,1
TKT002049,CUST001020,2025-10-01,Requesting credit limit increase,1
TKT002050,CUST001021,2025-01-01,Requesting card cancellation,0
TKT002051,CUST001021,2025-02-01,General inquiry,1
TKT002052,CUST001021,2025-04-01,App/website login issue,0
TKT002053,CUST001021,2025-05-01,General inquiry,1
TKT002054,CUST001021,2025-06-01,Late payment inquiry,1
TKT002055,CUST001021,2025-06-01,Requesting card cancellation,1
TKT002056,CUST001021,2025-07-01,Late payment inquiry,1
TKT002057,CUST001021,2025-07-01,Requesting credit limit increase,1
TKT002058,CUST001021,2025-08-01,Late payment inquiry,1
TKT002059,CUST001021,2025-10-01,App/website login issue,1
TKT002060,CUST001021,2025-12-01,Requesting credit limit increase,1
TKT002061,CUST001021,2025-12-01,App/website login issue,1
TKT002062,CUST001021,2025-12-01,Requesting card cancellation,1
TKT002063,CUST001023,2025-09-01,Fee complaint,1
TKT002064,CUST001023,2025-09-01,Late payment inquiry,1
TKT002065,CUST001023,2025-10-01,Card not working,1
TKT002066,CUST001023,2025-11-01,General inquiry,1
TKT002067,CUST001023,2025-11-01,Late payment inquiry,1
TKT002068,CUST001026,2025-05-01,Fraud concern,1
TKT002069,CUST001026,2025-05-01,Card not working,1
TKT002070,CUST001028,2025-08-01,General inquiry,1
TKT002071,CUST001028,2025-09-01,Requesting card cancellation,1
TKT002072,CUST001029,2025-01-01,Requesting credit limit increase,1
TKT002073,CUST001029,2025-02-01,General inquiry,1
TKT002074,CUST001033,2025-01-01,Late payment inquiry,1
TKT002075,CUST001033,2025-01-01,Requesting card cancellation,1
TKT002076,CUST001033,2025-02-01,Rewards points issue,0
TKT002077,CUST001033,2025-02-01,Rewards points issue,1
TKT002078,CUST001033,2025-03-01,Card not working,0
TKT002079,CUST001033,2025-04-01,Rewards points issue,0
TKT002080,CUST001033,2025-05-01,Rewards points issue,1
TKT002081,CUST001033,2025-05-01,Billing dispute,1
TKT002082,CUST001033,2025-06-01,Card not working,1
TKT002083,CUST001033,2025-07-01,Card not working,1
TKT002084,CUST001033,2025-07-01,Billing dispute,1
TKT002085,CUST001033,2025-07-01,Billing dispute,0
TKT002086,CUST001033,2025-12-01,Card not working,1
TKT002087,CUST001033,2025-12-01,Late payment inquiry,1
TKT002088,CUST001034,2025-08-01,Requesting card cancellation,1
TKT002089,CUST001034,2025-08-01,Requesting credit limit increase,1
TKT002090,CUST001039,2025-03-01,Billing dispute,0
TKT002091,CUST001039,2025-04-01,Late payment inquiry,1
TKT002092,CUST001039,2025-04-01,General inquiry,1
TKT002093,CUST001039,2025-05-01,Fee complaint,1
TKT002094,CUST001039,2025-05-01,Late payment inquiry,1
TKT002095,CUST001039,2025-05-01,Fraud concern,1
TKT002096,CUST001039,2025-06-01,Billing dispute,1
TKT002097,CUST001039,2025-09-01,Requesting credit limit increase,1
TKT002098,CUST001039,2025-10-01,Requesting credit limit increase,1
TKT002099,CUST001039,2025-10-01,Requesting card cancellation,1
TKT002100,CUST001044,2025-08-01,Late payment inquiry,1
TKT002101,CUST001044,2025-09-01,Requesting card cancellation,1
TKT002102,CUST001044,2025-09-01,General inquiry,1
TKT002103,CUST001044,2025-10-01,Fee complaint,1
TKT002104,CUST001045,2025-05-01,Requesting card cancellation,1
TKT002105,CUST001052,2025-08-01,Fraud concern,1
TKT002106,CUST001052,2025-08-01,Billing dispute,1
TKT002107,CUST001052,2025-09-01,General inquiry,0
TKT002108,CUST001052,2025-09-01,App/website login issue,1
TKT002109,CUST001061,2025-01-01,Rewards points issue,1
TKT002110,CUST001061,2025-01-01,Fee complaint,1
TKT002111,CUST001061,2025-02-01,Fee complaint,1
TKT002112,CUST001061,2025-07-01,Late payment inquiry,1
TKT002113,CUST001061,2025-08-01,App/website login issue,1
TKT002114,CUST001061,2025-08-01,Fee complaint,1
TKT002115,CUST001061,2025-09-01,Late payment inquiry,1
TKT002116,CUST001061,2025-10-01,App/website login issue,1
TKT002117,CUST001061,2025-11-01,Billing dispute,1
TKT002118,CUST001061,2025-12-01,General inquiry,1
TKT002119,CUST001061,2025-12-01,Fraud concern,1
TKT002120,CUST001065,2025-03-01,Billing dispute,1
TKT002121,CUST001065,2025-03-01,Fraud concern,1
TKT002122,CUST001068,2025-01-01,General inquiry,1
TKT002123,CUST001071,2025-05-01,Late payment inquiry,1
TKT002124,CUST001071,2025-05-01,Fraud concern,1
TKT002125,CUST001073,2025-08-01,Card not working,1
TKT002126,CUST001073,2025-08-01,Requesting card cancellation,1
TKT002127,CUST001078,2025-06-01,Fee complaint,1
TKT002128,CUST001078,2025-07-01,Card not working,1
TKT002129,CUST001078,2025-07-01,Card not working,1
TKT002130,CUST001079,2025-07-01,Late payment inquiry,1
TKT002131,CUST001079,2025-07-01,Billing dispute,0
TKT002132,CUST001079,2025-08-01,Requesting card cancellation,1
TKT002133,CUST001079,2025-09-01,Rewards points issue,1
TKT002134,CUST001082,2025-04-01,Requesting card cancellation,1
TKT002135,CUST001082,2025-05-01,App/website login issue,1
TKT002136,CUST001092,2025-01-01,App/website login issue,1
TKT002137,CUST001092,2025-01-01,App/website login issue,1
TKT002138,CUST001092,2025-03-01,Rewards points issue,1
TKT002139,CUST001092,2025-06-01,Fraud concern,0
TKT002140,CUST001092,2025-07-01,Requesting credit limit increase,1
TKT002141,CUST001092,2025-07-01,Requesting credit limit increase,1
TKT002142,CUST001092,2025-09-01,Billing dispute,1
TKT002143,CUST001092,2025-09-01,Rewards points issue,0
TKT002144,CUST001092,2025-09-01,App/website login issue,1
TKT002145,CUST001092,2025-10-01,General inquiry,1
TKT002146,CUST001092,2025-11-01,Billing dispute,1
TKT002147,CUST001092,2025-12-01,Late payment inquiry,1
TKT002148,CUST001092,2025-12-01,Billing dispute,0
TKT002149,CUST001094,2025-04-01,App/website login issue,1
TKT002150,CUST001094,2025-04-01,Card not working,1
TKT002151,CUST001094,2025-05-01,Requesting card cancellation,1
TKT002152,CUST001096,2025-01-01,Rewards points issue,1
TKT002153,CUST001096,2025-02-01,Late payment inquiry,1
TKT002154,CUST001096,2025-02-01,App/website login issue,1
TKT002155,CUST001096,2025-03-01,Late payment inquiry,1
TKT002156,CUST001096,2025-04-01,Card not working,1
TKT002157,CUST001096,2025-05-01,Fee complaint,1
TKT002158,CUST001096,2025-06-01,Billing dispute,1
TKT002159,CUST001096,2025-09-01,Rewards points issue,1
TKT002160,CUST001096,2025-09-01,Requesting card cancellation,1
TKT002161,CUST001096,2025-10-01,Requesting card cancellation,1
TKT002162,CUST001096,2025-10-01,Card not working,1
TKT002163,CUST001096,2025-11-01,Billing dispute,1
TKT002164,CUST001096,2025-11-01,Billing dispute,1
TKT002165,CUST001096,2025-11-01,Card not working,1
TKT002166,CUST001096,2025-11-01,Card not working,0
TKT002167,CUST001102,2025-06-01,Billing dispute,1
TKT002168,CUST001112,2025-01-01,Fee complaint,1
TKT002169,CUST001112,2025-04-01,Billing dispute,1
TKT002170,CUST001112,2025-04-01,Fee complaint,1
TKT002171,CUST001112,2025-04-01,Late payment inquiry,0
TKT002172,CUST001112,2025-05-01,Rewards points issue,1
TKT002173,CUST001112,2025-06-01,Requesting card cancellation,1
TKT002174,CUST001112,2025-07-01,General inquiry,0
TKT002175,CUST001112,2025-07-01,Billing dispute,1
TKT002176,CUST001112,2025-07-01,Requesting card cancellation,1
TKT002177,CUST001112,2025-07-01,Fee complaint,1
TKT002178,CUST001112,2025-09-01,Fraud concern,0
TKT002179,CUST001112,2025-12-01,Rewards points issue,1
TKT002180,CUST001120,2025-05-01,Fee complaint,1
TKT002181,CUST001120,2025-06-01,Billing dispute,0
TKT002182,CUST001120,2025-06-01,Late payment inquiry,0
TKT002183,CUST001124,2025-08-01,Requesting card cancellation,1
TKT002184,CUST001124,2025-08-01,Late payment inquiry,1
TKT002185,CUST001124,2025-08-01,Requesting credit limit increase,1
TKT002186,CUST001124,2025-08-01,Late payment inquiry,1
TKT002187,CUST001124,2025-09-01,Rewards points issue,1
TKT002188,CUST001124,2025-10-01,Fee complaint,1
TKT002189,CUST001124,2025-10-01,Fee complaint,1
TKT002190,CUST001131,2025-06-01,Fraud concern,1
TKT002191,CUST001131,2025-07-01,Requesting card cancellation,0
TKT002192,CUST001131,2025-07-01,Card not working,1
TKT002193,CUST001131,2025-08-01,App/website login issue,1
TKT002194,CUST001131,2025-08-01,Billing dispute,1
TKT002195,CUST001132,2025-01-01,Fee complaint,1
TKT002196,CUST001132,2025-01-01,Requesting card cancellation,0
TKT002197,CUST001132,2025-01-01,Fee complaint,1
TKT002198,CUST001132,2025-03-01,Requesting card cancellation,1
TKT002199,CUST001132,2025-04-01,Fee complaint,1
TKT002200,CUST001136,2025-01-01,Billing dispute,1
TKT002201,CUST001136,2025-03-01,App/website login issue,1
TKT002202,CUST001140,2025-10-01,Fee complaint,1
TKT002203,CUST001151,2025-01-01,App/website login issue,1
TKT002204,CUST001151,2025-02-01,Billing dispute,0
TKT002205,CUST001151,2025-03-01,General inquiry,1
TKT002206,CUST001151,2025-05-01,Fee complaint,0
TKT002207,CUST001151,2025-06-01,Fee complaint,1
TKT002208,CUST001151,2025-06-01,General inquiry,1
TKT002209,CUST001151,2025-06-01,Billing dispute,1
TKT002210,CUST001151,2025-08-01,Billing dispute,1
TKT002211,CUST001151,2025-09-01,Fee complaint,1
TKT002212,CUST001155,2025-06-01,Requesting credit limit increase,1
TKT002213,CUST001155,2025-06-01,Billing dispute,1
TKT002214,CUST001155,2025-07-01,Requesting credit limit increase,1
TKT002215,CUST001160,2025-03-01,Fraud concern,1
TKT002216,CUST001160,2025-04-01,Fee complaint,1
TKT002217,CUST001160,2025-05-01,Billing dispute,1
TKT002218,CUST001161,2025-03-01,General inquiry,1
TKT002219,CUST001161,2025-03-01,General inquiry,1
TKT002220,CUST001162,2025-01-01,Card not working,1
TKT002221,CUST001162,2025-02-01,Requesting card cancellation,1
TKT002222,CUST001162,2025-02-01,General inquiry,1
TKT002223,CUST001162,2025-02-01,App/website login issue,1
TKT002224,CUST001162,2025-02-01,App/website login issue,0
TKT002225,CUST001162,2025-03-01,General inquiry,1
TKT002226,CUST001162,2025-03-01,Late payment inquiry,1
TKT002227,CUST001162,2025-04-01,Late payment inquiry,0
TKT002228,CUST001162,2025-05-01,Fee complaint,1
TKT002229,CUST001162,2025-07-01,Fee complaint,1
TKT002230,CUST001162,2025-07-01,Fee complaint,1
TKT002231,CUST001162,2025-08-01,Card not working,1
TKT002232,CUST001162,2025-08-01,General inquiry,0
TKT002233,CUST001162,2025-08-01,Billing dispute,1
TKT002234,CUST001162,2025-11-01,Billing dispute,1
TKT002235,CUST001162,2025-11-01,Requesting card cancellation,0
TKT002236,CUST001162,2025-12-01,Billing dispute,1
TKT002237,CUST001174,2025-02-01,Card not working,1
TKT002238,CUST001174,2025-02-01,Card not working,1
TKT002239,CUST001174,2025-02-01,Card not working,1
TKT002240,CUST001174,2025-03-01,Rewards points issue,0
TKT002241,CUST001174,2025-03-01,Late payment inquiry,0
TKT002242,CUST001174,2025-04-01,Fee complaint,1
TKT002243,CUST001174,2025-05-01,Requesting credit limit increase,1
TKT002244,CUST001174,2025-07-01,Requesting card cancellation,0
TKT002245,CUST001174,2025-08-01,Card not working,1
TKT002246,CUST001174,2025-10-01,App/website login issue,1
TKT002247,CUST001174,2025-11-01,Billing dispute,0
TKT002248,CUST001174,2025-11-01,Late payment inquiry,0
TKT002249,CUST001174,2025-11-01,Card not working,1
TKT002250,CUST001174,2025-12-01,General inquiry,0
TKT002251,CUST001176,2025-06-01,Fraud concern,1
TKT002252,CUST001176,2025-06-01,Billing dispute,1
TKT002253,CUST001176,2025-06-01,Fee complaint,1
TKT002254,CUST001176,2025-06-01,Billing dispute,1
TKT002255,CUST001176,2025-06-01,Billing dispute,1
TKT002256,CUST001176,2025-07-01,App/website login issue,1
TKT002257,CUST001177,2025-01-01,Late payment inquiry,1
TKT002258,CUST001177,2025-01-01,Fee complaint,1
TKT002259,CUST001177,2025-01-01,Late payment inquiry,1
TKT002260,CUST001177,2025-02-01,Card not working,1
TKT002261,CUST001177,2025-02-01,Requesting card cancellation,1
TKT002262,CUST001177,2025-03-01,Card not working,1
TKT002263,CUST001177,2025-03-01,Billing dispute,1
TKT002264,CUST001177,2025-03-01,Card not working,1
TKT002265,CUST001177,2025-04-01,Rewards points issue,1
TKT002266,CUST001177,2025-06-01,Late payment inquiry,1
TKT002267,CUST001177,2025-06-01,Requesting credit limit increase,1
TKT002268,CUST001177,2025-07-01,General inquiry,1
TKT002269,CUST001177,2025-07-01,Late payment inquiry,1
TKT002270,CUST001177,2025-07-01,General inquiry,1
TKT002271,CUST001177,2025-08-01,Late payment inquiry,1
TKT002272,CUST001177,2025-09-01,Rewards points issue,1
TKT002273,CUST001177,2025-09-01,Late payment inquiry,1
TKT002274,CUST001177,2025-09-01,Fee complaint,1
TKT002275,CUST001177,2025-09-01,Card not working,1
TKT002276,CUST001177,2025-09-01,App/website login issue,1
TKT002277,CUST001177,2025-10-01,Fee complaint,1
TKT002278,CUST001177,2025-10-01,Rewards points issue,1
TKT002279,CUST001177,2025-10-01,Rewards points issue,1
TKT002280,CUST001177,2025-11-01,Fraud concern,1
TKT002281,CUST001177,2025-12-01,Rewards points issue,1
TKT002282,CUST001177,2025-12-01,Card not working,1
TKT002283,CUST001177,2025-12-01,Card not working,1
TKT002284,CUST001177,2025-12-01,Billing dispute,0
TKT002285,CUST001178,2025-08-01,App/website login issue,1
TKT002286,CUST001178,2025-08-01,Rewards points issue,1
TKT002287,CUST001178,2025-08-01,Fee complaint,0
TKT002288,CUST001178,2025-08-01,Billing dispute,0
TKT002289,CUST001178,2025-08-01,General inquiry,1
TKT002290,CUST001182,2025-02-01,App/website login issue,1
TKT002291,CUST001182,2025-04-01,Fee complaint,1
TKT002292,CUST001182,2025-07-01,Billing dispute,1
TKT002293,CUST001182,2025-07-01,Billing dispute,1
TKT002294,CUST001182,2025-07-01,Requesting card cancellation,1
TKT002295,CUST001182,2025-07-01,Requesting credit limit increase,1
TKT002296,CUST001182,2025-08-01,Late payment inquiry,0
TKT002297,CUST001182,2025-09-01,Card not working,0
TKT002298,CUST001182,2025-11-01,Billing dispute,1
TKT002299,CUST001186,2025-03-01,App/website login issue,1
TKT002300,CUST001186,2025-04-01,General inquiry,1
TKT002301,CUST001186,2025-05-01,App/website login issue,0
TKT002302,CUST001186,2025-06-01,Fee complaint,1
TKT002303,CUST001186,2025-07-01,App/website login issue,1
TKT002304,CUST001186,2025-09-01,Requesting card cancellation,0
TKT002305,CUST001186,2025-09-01,Fee complaint,1
TKT002306,CUST001186,2025-09-01,Requesting credit limit increase,1
TKT002307,CUST001186,2025-10-01,General inquiry,1
TKT002308,CUST001186,2025-11-01,Rewards points issue,1
TKT002309,CUST001188,2025-02-01,Requesting card cancellation,1
TKT002310,CUST001188,2025-03-01,General inquiry,1
TKT002311,CUST001188,2025-04-01,Billing dispute,1
TKT002312,CUST001188,2025-04-01,Billing dispute,0
TKT002313,CUST001188,2025-10-01,Billing dispute,1
TKT002314,CUST001188,2025-11-01,Card not working,1
TKT002315,CUST001188,2025-11-01,Requesting credit limit increase,1
TKT002316,CUST001188,2025-12-01,General inquiry,1
TKT002317,CUST001188,2025-12-01,App/website login issue,1
TKT002318,CUST001189,2025-01-01,Billing dispute,1
TKT002319,CUST001189,2025-02-01,Fee complaint,1
TKT002320,CUST001192,2025-01-01,App/website login issue,1
TKT002321,CUST001192,2025-01-01,Fee complaint,1
TKT002322,CUST001192,2025-02-01,Card not working,1
TKT002323,CUST001192,2025-02-01,Late payment inquiry,1
TKT002324,CUST001192,2025-02-01,Fee complaint,1
TKT002325,CUST001192,2025-02-01,App/website login issue,1
TKT002326,CUST001192,2025-04-01,Billing dispute,1
TKT002327,CUST001192,2025-04-01,Card not working,1
TKT002328,CUST001192,2025-05-01,Billing dispute,0
TKT002329,CUST001192,2025-05-01,General inquiry,1
TKT002330,CUST001192,2025-05-01,Fee complaint,1
TKT002331,CUST001192,2025-05-01,Card not working,1
TKT002332,CUST001192,2025-05-01,Fee complaint,1
TKT002333,CUST001192,2025-05-01,Rewards points issue,1
TKT002334,CUST001192,2025-05-01,Requesting credit limit increase,1
TKT002335,CUST001192,2025-06-01,Billing dispute,1
TKT002336,CUST001192,2025-06-01,Card not working,0
TKT002337,CUST001192,2025-06-01,Fee complaint,1
TKT002338,CUST001192,2025-06-01,Requesting card cancellation,1
TKT002339,CUST001192,2025-07-01,Billing dispute,1
TKT002340,CUST001192,2025-07-01,Rewards points issue,1
TKT002341,CUST001192,2025-08-01,Fee complaint,1
TKT002342,CUST001192,2025-09-01,General inquiry,1
TKT002343,CUST001192,2025-09-01,Late payment inquiry,1
TKT002344,CUST001192,2025-11-01,App/website login issue,1
TKT002345,CUST001192,2025-11-01,Requesting credit limit increase,1
TKT002346,CUST001192,2025-12-01,General inquiry,1
TKT002347,CUST001192,2025-12-01,Rewards points issue,1
TKT002348,CUST001202,2025-01-01,Fee complaint,1
TKT002349,CUST001202,2025-02-01,Billing dispute,1
TKT002350,CUST001202,2025-02-01,General inquiry,1
TKT002351,CUST001202,2025-02-01,Late payment inquiry,1
TKT002352,CUST001202,2025-06-01,Requesting credit limit increase,1
TKT002353,CUST001202,2025-07-01,Requesting card cancellation,0
TKT002354,CUST001202,2025-08-01,Rewards points issue,1
TKT002355,CUST001202,2025-12-01,Billing dispute,1
TKT002356,CUST001202,2025-12-01,Fee complaint,1
TKT002357,CUST001202,2025-12-01,Fraud concern,0
TKT002358,CUST001207,2025-05-01,Late payment inquiry,1
TKT002359,CUST001207,2025-06-01,Fraud concern,1
TKT002360,CUST001207,2025-06-01,General inquiry,1
TKT002361,CUST001207,2025-06-01,Card not working,1
TKT002362,CUST001212,2025-02-01,General inquiry,1
TKT002363,CUST001212,2025-03-01,Billing dispute,1
TKT002364,CUST001212,2025-04-01,Fee complaint,1
TKT002365,CUST001212,2025-04-01,Billing dispute,1
TKT002366,CUST001212,2025-04-01,Fee complaint,0
TKT002367,CUST001212,2025-04-01,App/website login issue,1
TKT002368,CUST001212,2025-04-01,Fraud concern,1
TKT002369,CUST001215,2025-04-01,Fee complaint,1
TKT002370,CUST001215,2025-05-01,App/website login issue,1
TKT002371,CUST001216,2025-06-01,Billing dispute,1
TKT002372,CUST001216,2025-06-01,Fee complaint,0
TKT002373,CUST001216,2025-07-01,Card not working,1
TKT002374,CUST001225,2025-08-01,Card not working,1
TKT002375,CUST001231,2025-01-01,Late payment inquiry,1
TKT002376,CUST001231,2025-02-01,App/website login issue,1
TKT002377,CUST001231,2025-03-01,Requesting card cancellation,0
TKT002378,CUST001231,2025-05-01,Billing dispute,1
TKT002379,CUST001231,2025-05-01,App/website login issue,1
TKT002380,CUST001231,2025-06-01,Requesting card cancellation,1
TKT002381,CUST001231,2025-07-01,General inquiry,1
TKT002382,CUST001231,2025-08-01,Requesting card cancellation,1
TKT002383,CUST001231,2025-08-01,Rewards points issue,1
TKT002384,CUST001233,2025-01-01,General inquiry,1
TKT002385,CUST001233,2025-03-01,Fee complaint,0
TKT002386,CUST001233,2025-03-01,Billing dispute,0
TKT002387,CUST001233,2025-05-01,App/website login issue,1
TKT002388,CUST001233,2025-06-01,General inquiry,0
TKT002389,CUST001233,2025-07-01,Requesting credit limit increase,1
TKT002390,CUST001233,2025-07-01,App/website login issue,0
TKT002391,CUST001233,2025-08-01,Late payment inquiry,1
TKT002392,CUST001233,2025-10-01,Billing dispute,1
TKT002393,CUST001233,2025-11-01,Billing dispute,1
TKT002394,CUST001233,2025-11-01,Late payment inquiry,1
TKT002395,CUST001238,2025-03-01,Billing dispute,1
TKT002396,CUST001238,2025-03-01,Late payment inquiry,1
TKT002397,CUST001238,2025-05-01,Card not working,1
TKT002398,CUST001238,2025-05-01,Fee complaint,0
TKT002399,CUST001238,2025-09-01,General inquiry,1
TKT002400,CUST001238,2025-10-01,Billing dispute,1
TKT002401,CUST001238,2025-11-01,Late payment inquiry,1
TKT002402,CUST001238,2025-11-01,Billing dispute,1
TKT002403,CUST001238,2025-11-01,Fee complaint,1
TKT002404,CUST001238,2025-11-01,Card not working,1
TKT002405,CUST001238,2025-12-01,Requesting card cancellation,1
TKT002406,CUST001243,2025-02-01,Requesting card cancellation,1
TKT002407,CUST001243,2025-02-01,Requesting card cancellation,1
TKT002408,CUST001243,2025-02-01,Billing dispute,1
TKT002409,CUST001243,2025-02-01,Card not working,1
TKT002410,CUST001243,2025-02-01,Card not working,0
TKT002411,CUST001244,2025-08-01,Card not working,1
TKT002412,CUST001244,2025-09-01,Card not working,1
TKT002413,CUST001244,2025-10-01,App/website login issue,1
TKT002414,CUST001246,2025-03-01,Billing dispute,1
TKT002415,CUST001248,2025-04-01,Fee complaint,1
TKT002416,CUST001248,2025-04-01,Rewards points issue,1
TKT002417,CUST001248,2025-05-01,Requesting card cancellation,1
TKT002418,CUST001248,2025-07-01,Fee complaint,1
TKT002419,CUST001248,2025-07-01,App/website login issue,1
TKT002420,CUST001248,2025-08-01,Billing dispute,1
TKT002421,CUST001248,2025-11-01,Billing dispute,1
TKT002422,CUST001248,2025-12-01,Billing dispute,1
TKT002423,CUST001256,2025-04-01,App/website login issue,1
TKT002424,CUST001256,2025-04-01,Card not working,1
TKT002425,CUST001256,2025-04-01,Billing dispute,1
TKT002426,CUST001260,2025-06-01,Requesting card cancellation,1
TKT002427,CUST001260,2025-06-01,Requesting card cancellation,1
TKT002428,CUST001260,2025-06-01,Billing dispute,1
TKT002429,CUST001260,2025-08-01,Billing dispute,0
TKT002430,CUST001266,2025-09-01,Requesting credit limit increase,0
TKT002431,CUST001266,2025-09-01,Rewards points issue,1
TKT002432,CUST001266,2025-10-01,General inquiry,1
TKT002433,CUST001267,2025-01-01,Fee complaint,1
TKT002434,CUST001267,2025-02-01,Card not working,1
TKT002435,CUST001267,2025-03-01,App/website login issue,1
TKT002436,CUST001267,2025-03-01,Fee complaint,1
TKT002437,CUST001267,2025-04-01,Billing dispute,1
TKT002438,CUST001267,2025-04-01,Requesting card cancellation,1
TKT002439,CUST001267,2025-06-01,Billing dispute,1
TKT002440,CUST001267,2025-06-01,Late payment inquiry,0
TKT002441,CUST001267,2025-08-01,App/website login issue,0
TKT002442,CUST001267,2025-11-01,App/website login issue,1
TKT002443,CUST001267,2025-12-01,Rewards points issue,0
TKT002444,CUST001269,2025-02-01,App/website login issue,1
TKT002445,CUST001269,2025-03-01,Fee complaint,1
TKT002446,CUST001269,2025-03-01,App/website login issue,1
TKT002447,CUST001269,2025-05-01,Fee complaint,1
TKT002448,CUST001276,2025-02-01,Fraud concern,1
TKT002449,CUST001283,2025-01-01,Rewards points issue,1
TKT002450,CUST001283,2025-02-01,Fee complaint,1
TKT002451,CUST001283,2025-03-01,App/website login issue,1
TKT002452,CUST001283,2025-04-01,Fee complaint,1
TKT002453,CUST001283,2025-04-01,General inquiry,0
TKT002454,CUST001283,2025-05-01,Fee complaint,1
TKT002455,CUST001283,2025-05-01,Fee complaint,0
TKT002456,CUST001283,2025-05-01,General inquiry,1
TKT002457,CUST001283,2025-05-01,Card not working,1
TKT002458,CUST001283,2025-06-01,Rewards points issue,1
TKT002459,CUST001283,2025-06-01,Fee complaint,1
TKT002460,CUST001283,2025-06-01,Late payment inquiry,1
TKT002461,CUST001283,2025-06-01,App/website login issue,1
TKT002462,CUST001283,2025-08-01,Requesting card cancellation,1
TKT002463,CUST001283,2025-08-01,Billing dispute,1
TKT002464,CUST001283,2025-09-01,Fee complaint,1
TKT002465,CUST001283,2025-10-01,Card not working,1
TKT002466,CUST001283,2025-11-01,Card not working,1
TKT002467,CUST001283,2025-12-01,Requesting card cancellation,1
TKT002468,CUST001289,2025-04-01,Billing dispute,1
TKT002469,CUST001293,2025-01-01,Billing dispute,1
TKT002470,CUST001293,2025-01-01,App/website login issue,1
TKT002471,CUST001293,2025-02-01,Billing dispute,1
TKT002472,CUST001293,2025-02-01,App/website login issue,1
TKT002473,CUST001293,2025-03-01,App/website login issue,1
TKT002474,CUST001293,2025-05-01,Billing dispute,1
TKT002475,CUST001293,2025-05-01,Card not working,1
TKT002476,CUST001293,2025-05-01,Rewards points issue,1
TKT002477,CUST001293,2025-06-01,Fee complaint,1
TKT002478,CUST001293,2025-06-01,Requesting card cancellation,1
TKT002479,CUST001293,2025-07-01,Fee complaint,1
TKT002480,CUST001293,2025-07-01,App/website login issue,0
TKT002481,CUST001293,2025-07-01,Rewards points issue,1
TKT002482,CUST001293,2025-09-01,Late payment inquiry,1
TKT002483,CUST001293,2025-09-01,Fee complaint,0
TKT002484,CUST001293,2025-10-01,Billing dispute,1
TKT002485,CUST001293,2025-11-01,App/website login issue,1
TKT002486,CUST001293,2025-11-01,Fee complaint,1
TKT002487,CUST001293,2025-11-01,Rewards points issue,1
TKT002488,CUST001293,2025-12-01,Late payment inquiry,0
TKT002489,CUST001295,2025-07-01,Late payment inquiry,1
TKT002490,CUST001295,2025-08-01,Card not working,1
TKT002491,CUST001295,2025-09-01,Billing dispute,1
TKT002492,CUST001297,2025-01-01,General inquiry,1
TKT002493,CUST001297,2025-02-01,Billing dispute,1
TKT002494,CUST001297,2025-02-01,Late payment inquiry,0
TKT002495,CUST001297,2025-02-01,Billing dispute,1
TKT002496,CUST001297,2025-03-01,Fee complaint,1
TKT002497,CUST001297,2025-03-01,Late payment inquiry,0
TKT002498,CUST001297,2025-03-01,Billing dispute,1
TKT002499,CUST001297,2025-04-01,Requesting card cancellation,1
TKT002500,CUST001297,2025-04-01,Billing dispute,1
TKT002501,CUST001297,2025-08-01,Requesting card cancellation,1
TKT002502,CUST001297,2025-09-01,Card not working,0
TKT002503,CUST001297,2025-10-01,Fee complaint,1
TKT002504,CUST001297,2025-11-01,Fraud concern,1
TKT002505,CUST001297,2025-11-01,Late payment inquiry,1
TKT002506,CUST001297,2025-12-01,Rewards points issue,1
TKT002507,CUST001297,2025-12-01,Card not working,1
TKT002508,CUST001300,2025-02-01,General inquiry,1
TKT002509,CUST001300,2025-02-01,App/website login issue,1
TKT002510,CUST001300,2025-02-01,Rewards points issue,1
TKT002511,CUST001300,2025-04-01,Fraud concern,1
TKT002512,CUST001300,2025-05-01,Late payment inquiry,1
TKT002513,CUST001300,2025-07-01,Card not working,1
TKT002514,CUST001300,2025-07-01,Billing dispute,1
TKT002515,CUST001300,2025-08-01,Fee complaint,1
TKT002516,CUST001300,2025-09-01,Late payment inquiry,0
TKT002517,CUST001300,2025-11-01,Billing dispute,1
TKT002518,CUST001300,2025-11-01,Fee complaint,0
TKT002519,CUST001303,2025-01-01,Fraud concern,1
TKT002520,CUST001303,2025-05-01,Requesting credit limit increase,1
TKT002521,CUST001303,2025-05-01,Rewards points issue,1
TKT002522,CUST001303,2025-07-01,Fee complaint,1
TKT002523,CUST001303,2025-07-01,Fee complaint,1
TKT002524,CUST001303,2025-09-01,Fraud concern,1
TKT002525,CUST001303,2025-11-01,Billing dispute,1
TKT002526,CUST001304,2025-01-01,Requesting card cancellation,1
TKT002527,CUST001304,2025-01-01,Fee complaint,1
TKT002528,CUST001304,2025-01-01,Fee complaint,1
TKT002529,CUST001304,2025-01-01,General inquiry,1
TKT002530,CUST001304,2025-01-01,Rewards points issue,0
TKT002531,CUST001310,2025-01-01,Requesting credit limit increase,1
TKT002532,CUST001310,2025-01-01,Card not working,1
TKT002533,CUST001310,2025-01-01,Rewards points issue,1
TKT002534,CUST001310,2025-01-01,App/website login issue,1
TKT002535,CUST001310,2025-02-01,General inquiry,1
TKT002536,CUST001310,2025-02-01,Fee complaint,1
TKT002537,CUST001310,2025-04-01,General inquiry,1
TKT002538,CUST001310,2025-04-01,Late payment inquiry,1
TKT002539,CUST001310,2025-04-01,Card not working,1
TKT002540,CUST001310,2025-05-01,Fee complaint,1
TKT002541,CUST001310,2025-05-01,Fee complaint,0
TKT002542,CUST001310,2025-06-01,App/website login issue,1
TKT002543,CUST001310,2025-06-01,Fraud concern,1
TKT002544,CUST001310,2025-06-01,General inquiry,1
TKT002545,CUST001310,2025-06-01,General inquiry,1
TKT002546,CUST001310,2025-07-01,Fee complaint,1
TKT002547,CUST001310,2025-07-01,Fee complaint,1
TKT002548,CUST001310,2025-07-01,Late payment inquiry,1
TKT002549,CUST001310,2025-08-01,Late payment inquiry,1
TKT002550,CUST001310,2025-08-01,App/website login issue,1
TKT002551,CUST001310,2025-08-01,Requesting credit limit increase,1
TKT002552,CUST001310,2025-08-01,Billing dispute,1
TKT002553,CUST001310,2025-08-01,Requesting card cancellation,1
TKT002554,CUST001310,2025-09-01,Billing dispute,1
TKT002555,CUST001310,2025-09-01,Rewards points issue,1
TKT002556,CUST001310,2025-09-01,Fee complaint,1
TKT002557,CUST001310,2025-09-01,General inquiry,1
TKT002558,CUST001310,2025-10-01,General inquiry,1
TKT002559,CUST001310,2025-10-01,Fraud concern,1
TKT002560,CUST001310,2025-11-01,Requesting credit limit increase,1
TKT002561,CUST001310,2025-11-01,Card not working,0
TKT002562,CUST001310,2025-11-01,Billing dispute,1
TKT002563,CUST001310,2025-11-01,Rewards points issue,1
TKT002564,CUST001310,2025-12-01,Fee complaint,1
TKT002565,CUST001310,2025-12-01,Card not working,1
TKT002566,CUST001310,2025-12-01,Rewards points issue,1
TKT002567,CUST001310,2025-12-01,App/website login issue,0
TKT002568,CUST001310,2025-12-01,Late payment inquiry,1
TKT002569,CUST001310,2025-12-01,Fee complaint,1
TKT002570,CUST001311,2025-01-01,Fraud concern,1
TKT002571,CUST001311,2025-01-01,Billing dispute,1
TKT002572,CUST001311,2025-02-01,Late payment inquiry,1
TKT002573,CUST001311,2025-03-01,Late payment inquiry,0
TKT002574,CUST001311,2025-03-01,Billing dispute,1
TKT002575,CUST001311,2025-03-01,General inquiry,1
TKT002576,CUST001311,2025-05-01,Card not working,0
TKT002577,CUST001311,2025-06-01,Billing dispute,1
TKT002578,CUST001311,2025-07-01,Fee complaint,1
TKT002579,CUST001311,2025-08-01,Requesting card cancellation,1
TKT002580,CUST001311,2025-09-01,Fee complaint,1
TKT002581,CUST001311,2025-11-01,Fraud concern,1
TKT002582,CUST001311,2025-12-01,Late payment inquiry,1
TKT002583,CUST001311,2025-12-01,Late payment inquiry,1
TKT002584,CUST001327,2025-01-01,General inquiry,1
TKT002585,CUST001327,2025-01-01,Card not working,1
TKT002586,CUST001327,2025-03-01,General inquiry,1
TKT002587,CUST001327,2025-03-01,Card not working,1
TKT002588,CUST001327,2025-03-01,Billing dispute,1
TKT002589,CUST001327,2025-04-01,Billing dispute,1
TKT002590,CUST001327,2025-04-01,Rewards points issue,1
TKT002591,CUST001327,2025-05-01,Rewards points issue,1
TKT002592,CUST001327,2025-07-01,Rewards points issue,1
TKT002593,CUST001327,2025-07-01,Card not working,1
TKT002594,CUST001327,2025-07-01,Billing dispute,1
TKT002595,CUST001327,2025-08-01,Card not working,1
TKT002596,CUST001327,2025-08-01,Fraud concern,0
TKT002597,CUST001327,2025-09-01,Billing dispute,1
TKT002598,CUST001327,2025-09-01,Billing dispute,1
TKT002599,CUST001327,2025-09-01,Requesting card cancellation,1
TKT002600,CUST001327,2025-09-01,Rewards points issue,1
TKT002601,CUST001327,2025-12-01,Late payment inquiry,1
TKT002602,CUST001327,2025-12-01,App/website login issue,1
TKT002603,CUST001328,2025-02-01,Late payment inquiry,1
TKT002604,CUST001328,2025-03-01,Fraud concern,1
TKT002605,CUST001328,2025-04-01,Requesting credit limit increase,1
TKT002606,CUST001328,2025-04-01,Card not working,1
TKT002607,CUST001328,2025-06-01,General inquiry,1
TKT002608,CUST001328,2025-08-01,Card not working,1
TKT002609,CUST001328,2025-09-01,General inquiry,1
TKT002610,CUST001328,2025-10-01,Requesting card cancellation,1
TKT002611,CUST001328,2025-12-01,Card not working,1
TKT002612,CUST001331,2025-04-01,Card not working,1
TKT002613,CUST001331,2025-04-01,Late payment inquiry,1
TKT002614,CUST001331,2025-05-01,Requesting card cancellation,1
TKT002615,CUST001331,2025-06-01,General inquiry,1
TKT002616,CUST001331,2025-06-01,Rewards points issue,1
TKT002617,CUST001333,2025-06-01,Late payment inquiry,1
TKT002618,CUST001338,2025-04-01,Rewards points issue,1
TKT002619,CUST001338,2025-06-01,Rewards points issue,1
TKT002620,CUST001338,2025-06-01,Fee complaint,1
TKT002621,CUST001341,2025-03-01,General inquiry,1
TKT002622,CUST001341,2025-03-01,App/website login issue,1
TKT002623,CUST001341,2025-04-01,Rewards points issue,1
TKT002624,CUST001341,2025-04-01,Card not working,1
TKT002625,CUST001341,2025-05-01,Rewards points issue,1
TKT002626,CUST001341,2025-05-01,App/website login issue,1
TKT002627,CUST001341,2025-06-01,Fraud concern,1
TKT002628,CUST001341,2025-06-01,General inquiry,1
TKT002629,CUST001341,2025-07-01,Billing dispute,1
TKT002630,CUST001341,2025-08-01,Billing dispute,1
TKT002631,CUST001341,2025-09-01,App/website login issue,1
TKT002632,CUST001341,2025-10-01,Billing dispute,1
TKT002633,CUST001341,2025-12-01,App/website login issue,1
TKT002634,CUST001347,2025-07-01,Requesting card cancellation,1
TKT002635,CUST001347,2025-07-01,General inquiry,1
TKT002636,CUST001351,2025-02-01,Late payment inquiry,1
TKT002637,CUST001351,2025-05-01,App/website login issue,1
TKT002638,CUST001351,2025-05-01,General inquiry,1
TKT002639,CUST001351,2025-08-01,Rewards points issue,0
TKT002640,CUST001351,2025-08-01,Card not working,1
TKT002641,CUST001351,2025-09-01,Fee complaint,1
TKT002642,CUST001351,2025-11-01,Requesting card cancellation,1
TKT002643,CUST001352,2025-05-01,Billing dispute,1
TKT002644,CUST001354,2025-01-01,Late payment inquiry,1
TKT002645,CUST001354,2025-02-01,App/website login issue,1
TKT002646,CUST001354,2025-03-01,Late payment inquiry,1
TKT002647,CUST001354,2025-04-01,Fee complaint,1
TKT002648,CUST001354,2025-05-01,Requesting credit limit increase,1
TKT002649,CUST001354,2025-07-01,Fee complaint,1
TKT002650,CUST001354,2025-07-01,App/website login issue,1
TKT002651,CUST001354,2025-09-01,Rewards points issue,1
TKT002652,CUST001354,2025-09-01,Fee complaint,0
TKT002653,CUST001354,2025-11-01,Billing dispute,1
TKT002654,CUST001354,2025-12-01,Late payment inquiry,0
TKT002655,CUST001354,2025-12-01,Requesting card cancellation,1
TKT002656,CUST001355,2025-01-01,Requesting credit limit increase,1
TKT002657,CUST001355,2025-02-01,General inquiry,1
TKT002658,CUST001355,2025-02-01,Requesting card cancellation,1
TKT002659,CUST001355,2025-02-01,Fee complaint,1
TKT002660,CUST001355,2025-02-01,Card not working,0
TKT002661,CUST001355,2025-03-01,Billing dispute,1
TKT002662,CUST001355,2025-03-01,General inquiry,0
TKT002663,CUST001355,2025-03-01,Fraud concern,1
TKT002664,CUST001355,2025-04-01,Card not working,1
TKT002665,CUST001355,2025-04-01,Rewards points issue,1
TKT002666,CUST001355,2025-05-01,General inquiry,1
TKT002667,CUST001355,2025-05-01,Rewards points issue,1
TKT002668,CUST001355,2025-05-01,Requesting card cancellation,1
TKT002669,CUST001355,2025-06-01,App/website login issue,1
TKT002670,CUST001355,2025-08-01,Requesting credit limit increase,0
TKT002671,CUST001355,2025-09-01,Card not working,1
TKT002672,CUST001360,2025-02-01,Late payment inquiry,1
TKT002673,CUST001360,2025-02-01,Late payment inquiry,1
TKT002674,CUST001360,2025-04-01,Card not working,1
TKT002675,CUST001360,2025-08-01,Billing dispute,1
TKT002676,CUST001360,2025-09-01,Fee complaint,1
TKT002677,CUST001360,2025-09-01,Requesting card cancellation,1
TKT002678,CUST001360,2025-11-01,Fee complaint,1
TKT002679,CUST001363,2025-09-01,Requesting card cancellation,1
TKT002680,CUST001363,2025-10-01,Fee complaint,1
TKT002681,CUST001363,2025-11-01,Fraud concern,1
TKT002682,CUST001364,2025-02-01,General inquiry,1
TKT002683,CUST001364,2025-06-01,Billing dispute,1
TKT002684,CUST001364,2025-08-01,Fee complaint,1
TKT002685,CUST001364,2025-08-01,Requesting credit limit increase,1
TKT002686,CUST001364,2025-09-01,Billing dispute,1
TKT002687,CUST001364,2025-12-01,Fee complaint,1
TKT002688,CUST001369,2025-01-01,General inquiry,1
TKT002689,CUST001369,2025-01-01,Fee complaint,1
TKT002690,CUST001369,2025-02-01,General inquiry,1
TKT002691,CUST001369,2025-03-01,Card not working,1
TKT002692,CUST001369,2025-03-01,Card not working,0
TKT002693,CUST001369,2025-04-01,Requesting card cancellation,1
TKT002694,CUST001369,2025-04-01,Rewards points issue,1
TKT002695,CUST001369,2025-05-01,General inquiry,1
TKT002696,CUST001369,2025-07-01,Late payment inquiry,1
TKT002697,CUST001369,2025-07-01,Fee complaint,0
TKT002698,CUST001369,2025-07-01,Card not working,1
TKT002699,CUST001369,2025-09-01,Late payment inquiry,1
TKT002700,CUST001369,2025-09-01,Late payment inquiry,0
TKT002701,CUST001369,2025-09-01,Requesting credit limit increase,1
TKT002702,CUST001369,2025-11-01,Billing dispute,1
TKT002703,CUST001369,2025-12-01,Card not working,0
TKT002704,CUST001369,2025-12-01,Fee complaint,1
TKT002705,CUST001373,2025-01-01,App/website login issue,1
TKT002706,CUST001373,2025-01-01,App/website login issue,1
TKT002707,CUST001373,2025-01-01,Card not working,1
TKT002708,CUST001373,2025-02-01,Card not working,1
TKT002709,CUST001373,2025-04-01,Billing dispute,1
TKT002710,CUST001373,2025-05-01,General inquiry,1
TKT002711,CUST001373,2025-06-01,Requesting credit limit increase,1
TKT002712,CUST001373,2025-06-01,Rewards points issue,1
TKT002713,CUST001373,2025-07-01,Late payment inquiry,1
TKT002714,CUST001373,2025-07-01,Fraud concern,1
TKT002715,CUST001373,2025-08-01,Requesting credit limit increase,1
TKT002716,CUST001373,2025-09-01,Billing dispute,1
TKT002717,CUST001373,2025-09-01,Card not working,1
TKT002718,CUST001377,2025-06-01,General inquiry,1
TKT002719,CUST001377,2025-08-01,Requesting credit limit increase,1
TKT002720,CUST001382,2025-01-01,Requesting card cancellation,1
TKT002721,CUST001382,2025-02-01,Billing dispute,0
TKT002722,CUST001394,2025-01-01,Requesting credit limit increase,1
TKT002723,CUST001394,2025-06-01,Requesting credit limit increase,1
TKT002724,CUST001394,2025-06-01,Card not working,1
TKT002725,CUST001394,2025-06-01,Late payment inquiry,1
TKT002726,CUST001394,2025-07-01,Fraud concern,1
TKT002727,CUST001394,2025-08-01,Fee complaint,1
TKT002728,CUST001394,2025-10-01,Fee complaint,1
TKT002729,CUST001394,2025-12-01,Card not working,1
TKT002730,CUST001401,2025-09-01,Rewards points issue,0
TKT002731,CUST001401,2025-09-01,App/website login issue,1
TKT002732,CUST001401,2025-09-01,App/website login issue,1
TKT002733,CUST001401,2025-10-01,Billing dispute,1
TKT002734,CUST001408,2025-01-01,Rewards points issue,1
TKT002735,CUST001408,2025-02-01,Fee complaint,1
TKT002736,CUST001408,2025-02-01,Rewards points issue,1
TKT002737,CUST001408,2025-02-01,Billing dispute,0
TKT002738,CUST001408,2025-04-01,Billing dispute,0
TKT002739,CUST001408,2025-04-01,Late payment inquiry,1
TKT002740,CUST001408,2025-04-01,Billing dispute,1
TKT002741,CUST001408,2025-06-01,Card not working,1
TKT002742,CUST001408,2025-08-01,Fee complaint,1
TKT002743,CUST001408,2025-08-01,Fee complaint,1
TKT002744,CUST001408,2025-09-01,Billing dispute,1
TKT002745,CUST001408,2025-09-01,Requesting credit limit increase,1
TKT002746,CUST001408,2025-10-01,Fee complaint,1
TKT002747,CUST001408,2025-10-01,Fraud concern,1
TKT002748,CUST001408,2025-12-01,Billing dispute,0
TKT002749,CUST001408,2025-12-01,Requesting card cancellation,1
TKT002750,CUST001409,2025-05-01,Fee complaint,0
TKT002751,CUST001409,2025-05-01,Card not working,0
TKT002752,CUST001409,2025-07-01,Requesting card cancellation,0
TKT002753,CUST001409,2025-09-01,Requesting credit limit increase,1
TKT002754,CUST001409,2025-10-01,Rewards points issue,1
TKT002755,CUST001409,2025-11-01,General inquiry,1
TKT002756,CUST001409,2025-12-01,App/website login issue,1
TKT002757,CUST001410,2025-02-01,Fee complaint,1
TKT002758,CUST001412,2025-03-01,Billing dispute,1
TKT002759,CUST001412,2025-03-01,Card not working,1
TKT002760,CUST001412,2025-04-01,Late payment inquiry,0
TKT002761,CUST001412,2025-05-01,Billing dispute,0
TKT002762,CUST001412,2025-06-01,Fee complaint,1
TKT002763,CUST001412,2025-07-01,Requesting card cancellation,1
TKT002764,CUST001412,2025-08-01,Billing dispute,1
TKT002765,CUST001412,2025-09-01,Requesting card cancellation,1
TKT002766,CUST001412,2025-10-01,Billing dispute,1
TKT002767,CUST001412,2025-10-01,Billing dispute,1
TKT002768,CUST001412,2025-11-01,Rewards points issue,0
TKT002769,CUST001412,2025-11-01,General inquiry,1
TKT002770,CUST001412,2025-11-01,General inquiry,1
TKT002771,CUST001412,2025-12-01,App/website login issue,1
TKT002772,CUST001414,2025-02-01,Late payment inquiry,1
TKT002773,CUST001414,2025-02-01,Fee complaint,1
TKT002774,CUST001414,2025-02-01,Fraud concern,1
TKT002775,CUST001414,2025-03-01,Billing dispute,1
TKT002776,CUST001414,2025-03-01,Fee complaint,1
TKT002777,CUST001414,2025-04-01,Fee complaint,1
TKT002778,CUST001414,2025-05-01,Requesting card cancellation,1
TKT002779,CUST001414,2025-05-01,General inquiry,1
TKT002780,CUST001414,2025-06-01,Rewards points issue,1
TKT002781,CUST001414,2025-09-01,Requesting card cancellation,1
TKT002782,CUST001414,2025-10-01,Rewards points issue,1
TKT002783,CUST001414,2025-11-01,Fee complaint,1
TKT002784,CUST001416,2025-01-01,Card not working,1
TKT002785,CUST001416,2025-01-01,Fee complaint,1
TKT002786,CUST001416,2025-01-01,App/website login issue,1
TKT002787,CUST001416,2025-02-01,Fraud concern,1
TKT002788,CUST001416,2025-03-01,Requesting card cancellation,0
TKT002789,CUST001416,2025-03-01,Fee complaint,1
TKT002790,CUST001416,2025-03-01,App/website login issue,1
TKT002791,CUST001416,2025-04-01,App/website login issue,1
TKT002792,CUST001416,2025-06-01,Requesting card cancellation,1
TKT002793,CUST001416,2025-07-01,Billing dispute,0
TKT002794,CUST001416,2025-08-01,General inquiry,1
TKT002795,CUST001416,2025-08-01,Requesting credit limit increase,1
TKT002796,CUST001416,2025-11-01,Rewards points issue,1
TKT002797,CUST001418,2025-09-01,Fraud concern,1
TKT002798,CUST001420,2025-02-01,App/website login issue,0
TKT002799,CUST001420,2025-02-01,Fee complaint,1
TKT002800,CUST001420,2025-02-01,Card not working,1
TKT002801,CUST001420,2025-02-01,Requesting card cancellation,0
TKT002802,CUST001420,2025-02-01,Billing dispute,1
TKT002803,CUST001420,2025-03-01,Fee complaint,1
TKT002804,CUST001420,2025-03-01,Fraud concern,1
TKT002805,CUST001420,2025-03-01,General inquiry,1
TKT002806,CUST001420,2025-03-01,Rewards points issue,0
TKT002807,CUST001420,2025-03-01,Rewards points issue,1
TKT002808,CUST001420,2025-03-01,Rewards points issue,1
TKT002809,CUST001420,2025-04-01,General inquiry,0
TKT002810,CUST001420,2025-04-01,Fee complaint,1
TKT002811,CUST001421,2025-01-01,Billing dispute,0
TKT002812,CUST001421,2025-04-01,App/website login issue,0
TKT002813,CUST001421,2025-05-01,Requesting credit limit increase,1
TKT002814,CUST001421,2025-05-01,Late payment inquiry,0
TKT002815,CUST001421,2025-06-01,App/website login issue,1
TKT002816,CUST001421,2025-07-01,Fee complaint,1
TKT002817,CUST001421,2025-07-01,App/website login issue,0
TKT002818,CUST001421,2025-08-01,Billing dispute,0
TKT002819,CUST001421,2025-11-01,General inquiry,1
TKT002820,CUST001421,2025-12-01,General inquiry,1
TKT002821,CUST001422,2025-01-01,Late payment inquiry,1
TKT002822,CUST001422,2025-01-01,Billing dispute,1
TKT002823,CUST001422,2025-03-01,Rewards points issue,1
TKT002824,CUST001422,2025-04-01,Billing dispute,1
TKT002825,CUST001422,2025-05-01,Fee complaint,0
TKT002826,CUST001422,2025-06-01,Billing dispute,1
TKT002827,CUST001422,2025-06-01,General inquiry,1
TKT002828,CUST001422,2025-07-01,General inquiry,1
TKT002829,CUST001422,2025-07-01,Fee complaint,1
TKT002830,CUST001427,2025-01-01,Late payment inquiry,1
TKT002831,CUST001427,2025-02-01,Billing dispute,1
TKT002832,CUST001427,2025-04-01,Fee complaint,1
TKT002833,CUST001427,2025-11-01,Rewards points issue,1
TKT002834,CUST001427,2025-11-01,Fee complaint,1
TKT002835,CUST001429,2025-05-01,Fraud concern,1
TKT002836,CUST001433,2025-05-01,Billing dispute,1
TKT002837,CUST001433,2025-06-01,Fee complaint,1
TKT002838,CUST001433,2025-07-01,Rewards points issue,1
TKT002839,CUST001434,2025-01-01,Billing dispute,1
TKT002840,CUST001434,2025-03-01,Billing dispute,1
TKT002841,CUST001434,2025-05-01,Billing dispute,1
TKT002842,CUST001434,2025-08-01,Requesting card cancellation,1
TKT002843,CUST001434,2025-08-01,Requesting credit limit increase,1
TKT002844,CUST001434,2025-08-01,Fee complaint,1
TKT002845,CUST001434,2025-09-01,Late payment inquiry,1
TKT002846,CUST001434,2025-10-01,Rewards points issue,1
TKT002847,CUST001434,2025-10-01,Billing dispute,1
TKT002848,CUST001434,2025-10-01,Requesting card cancellation,1
TKT002849,CUST001434,2025-11-01,Fee complaint,0
TKT002850,CUST001436,2025-06-01,Requesting card cancellation,1
TKT002851,CUST001437,2025-06-01,Card not working,1
TKT002852,CUST001437,2025-07-01,Billing dispute,1
TKT002853,CUST001437,2025-07-01,Late payment inquiry,0
TKT002854,CUST001440,2025-01-01,General inquiry,1
TKT002855,CUST001440,2025-01-01,Rewards points issue,1
TKT002856,CUST001440,2025-02-01,Fraud concern,1
TKT002857,CUST001440,2025-03-01,Billing dispute,1
TKT002858,CUST001440,2025-05-01,Fee complaint,1
TKT002859,CUST001440,2025-05-01,Fee complaint,1
TKT002860,CUST001440,2025-06-01,Late payment inquiry,1
TKT002861,CUST001440,2025-07-01,Late payment inquiry,0
TKT002862,CUST001440,2025-08-01,Fee complaint,1
TKT002863,CUST001440,2025-10-01,Card not working,0
TKT002864,CUST001440,2025-10-01,Rewards points issue,0
TKT002865,CUST001440,2025-12-01,Card not working,1
TKT002866,CUST001441,2025-01-01,Fraud concern,1
TKT002867,CUST001441,2025-04-01,Billing dispute,1
TKT002868,CUST001441,2025-05-01,Requesting credit limit increase,1
TKT002869,CUST001441,2025-06-01,Late payment inquiry,1
TKT002870,CUST001441,2025-09-01,Billing dispute,1
TKT002871,CUST001441,2025-09-01,Rewards points issue,0
TKT002872,CUST001441,2025-09-01,Card not working,0
TKT002873,CUST001441,2025-10-01,Fee complaint,1
TKT002874,CUST001441,2025-10-01,Card not working,1
TKT002875,CUST001441,2025-10-01,General inquiry,1
TKT002876,CUST001441,2025-11-01,App/website login issue,0
TKT002877,CUST001441,2025-11-01,Card not working,1
TKT002878,CUST001441,2025-11-01,Requesting credit limit increase,1
TKT002879,CUST001441,2025-12-01,Billing dispute,1
TKT002880,CUST001441,2025-12-01,Rewards points issue,1
TKT002881,CUST001441,2025-12-01,Late payment inquiry,1
TKT002882,CUST001443,2025-05-01,Card not working,0
TKT002883,CUST001443,2025-06-01,App/website login issue,1
TKT002884,CUST001443,2025-07-01,Fee complaint,1
TKT002885,CUST001443,2025-09-01,Fee complaint,1
TKT002886,CUST001443,2025-09-01,Late payment inquiry,1
TKT002887,CUST001443,2025-10-01,General inquiry,1
TKT002888,CUST001443,2025-11-01,Requesting card cancellation,0
TKT002889,CUST001443,2025-12-01,Billing dispute,1
TKT002890,CUST001443,2025-12-01,Requesting credit limit increase,1
TKT002891,CUST001446,2025-03-01,App/website login issue,1
TKT002892,CUST001446,2025-03-01,Requesting card cancellation,1
TKT002893,CUST001446,2025-03-01,General inquiry,1
TKT002894,CUST001446,2025-03-01,Billing dispute,1
TKT002895,CUST001446,2025-05-01,Fee complaint,1
TKT002896,CUST001446,2025-07-01,Requesting card cancellation,1
TKT002897,CUST001446,2025-07-01,Fee complaint,0
TKT002898,CUST001446,2025-10-01,Card not working,1
TKT002899,CUST001446,2025-12-01,Requesting credit limit increase,1
TKT002900,CUST001446,2025-12-01,Requesting card cancellation,1
TKT002901,CUST001447,2025-04-01,Rewards points issue,1
TKT002902,CUST001447,2025-04-01,App/website login issue,1
TKT002903,CUST001447,2025-06-01,Billing dispute,1
TKT002904,CUST001449,2025-02-01,General inquiry,1
TKT002905,CUST001450,2025-01-01,Late payment inquiry,1
TKT002906,CUST001450,2025-01-01,General inquiry,1
TKT002907,CUST001450,2025-03-01,Billing dispute,1
TKT002908,CUST001450,2025-04-01,Rewards points issue,1
TKT002909,CUST001450,2025-04-01,Fee complaint,1
TKT002910,CUST001450,2025-04-01,General inquiry,0
TKT002911,CUST001450,2025-05-01,Rewards points issue,1
TKT002912,CUST001450,2025-05-01,Requesting card cancellation,1
TKT002913,CUST001450,2025-06-01,Requesting card cancellation,1
TKT002914,CUST001451,2025-03-01,Late payment inquiry,1
TKT002915,CUST001451,2025-03-01,Rewards points issue,1
TKT002916,CUST001451,2025-03-01,Card not working,0
TKT002917,CUST001452,2025-03-01,Fee complaint,1
TKT002918,CUST001452,2025-05-01,Billing dispute,1
TKT002919,CUST001452,2025-05-01,Billing dispute,1
TKT002920,CUST001454,2025-06-01,Billing dispute,1
TKT002921,CUST001454,2025-06-01,Requesting credit limit increase,1
TKT002922,CUST001454,2025-06-01,Fee complaint,1
TKT002923,CUST001454,2025-07-01,Billing dispute,1
TKT002924,CUST001455,2025-03-01,App/website login issue,1
TKT002925,CUST001455,2025-03-01,Fee complaint,1
TKT002926,CUST001455,2025-04-01,General inquiry,1
TKT002927,CUST001455,2025-05-01,Card not working,1
TKT002928,CUST001455,2025-05-01,Fee complaint,1
TKT002929,CUST001455,2025-08-01,App/website login issue,0
TKT002930,CUST001455,2025-08-01,General inquiry,1
TKT002931,CUST001455,2025-09-01,Requesting card cancellation,1
TKT002932,CUST001455,2025-10-01,App/website login issue,1
TKT002933,CUST001457,2025-01-01,Billing dispute,1
TKT002934,CUST001457,2025-01-01,Card not working,1
TKT002935,CUST001457,2025-02-01,Fee complaint,0
TKT002936,CUST001457,2025-02-01,Card not working,1
TKT002937,CUST001457,2025-02-01,Late payment inquiry,0
TKT002938,CUST001457,2025-03-01,Requesting card cancellation,1
TKT002939,CUST001457,2025-04-01,App/website login issue,1
TKT002940,CUST001457,2025-04-01,Fee complaint,1
TKT002941,CUST001457,2025-05-01,Late payment inquiry,1
TKT002942,CUST001457,2025-05-01,App/website login issue,1
TKT002943,CUST001457,2025-06-01,Rewards points issue,1
TKT002944,CUST001457,2025-06-01,App/website login issue,1
TKT002945,CUST001457,2025-06-01,Card not working,1
TKT002946,CUST001457,2025-06-01,Card not working,1
TKT002947,CUST001457,2025-07-01,App/website login issue,1
TKT002948,CUST001457,2025-08-01,Billing dispute,0
TKT002949,CUST001457,2025-08-01,Billing dispute,1
TKT002950,CUST001457,2025-08-01,Card not working,1
TKT002951,CUST001457,2025-08-01,Card not working,1
TKT002952,CUST001457,2025-09-01,Rewards points issue,1
TKT002953,CUST001457,2025-09-01,Requesting credit limit increase,0
TKT002954,CUST001457,2025-10-01,Late payment inquiry,0
TKT002955,CUST001457,2025-10-01,Card not working,1
TKT002956,CUST001457,2025-10-01,Card not working,0
TKT002957,CUST001457,2025-10-01,Fee complaint,1
TKT002958,CUST001457,2025-11-01,Requesting card cancellation,1
TKT002959,CUST001457,2025-11-01,Rewards points issue,1
TKT002960,CUST001457,2025-12-01,General inquiry,1
TKT002961,CUST001457,2025-12-01,App/website login issue,1
TKT002962,CUST001461,2025-01-01,Late payment inquiry,1
TKT002963,CUST001461,2025-02-01,Fee complaint,1
TKT002964,CUST001461,2025-03-01,Billing dispute,0
TKT002965,CUST001461,2025-06-01,Billing dispute,0
TKT002966,CUST001461,2025-07-01,Card not working,1
TKT002967,CUST001461,2025-08-01,Billing dispute,1
TKT002968,CUST001461,2025-08-01,Requesting card cancellation,1
TKT002969,CUST001461,2025-08-01,Requesting card cancellation,1
TKT002970,CUST001461,2025-09-01,Fee complaint,1
TKT002971,CUST001461,2025-10-01,Requesting card cancellation,1
TKT002972,CUST001468,2025-01-01,Fraud concern,1
TKT002973,CUST001468,2025-01-01,Requesting card cancellation,1
TKT002974,CUST001468,2025-01-01,Fraud concern,1
TKT002975,CUST001468,2025-02-01,Rewards points issue,1
TKT002976,CUST001468,2025-02-01,Fraud concern,1
TKT002977,CUST001468,2025-02-01,Card not working,1
TKT002978,CUST001468,2025-03-01,Rewards points issue,0
TKT002979,CUST001468,2025-05-01,Requesting credit limit increase,1
TKT002980,CUST001468,2025-05-01,Requesting card cancellation,1
TKT002981,CUST001468,2025-05-01,Requesting card cancellation,1
TKT002982,CUST001468,2025-05-01,Rewards points issue,1
TKT002983,CUST001468,2025-05-01,Billing dispute,1
TKT002984,CUST001468,2025-06-01,Rewards points issue,1
TKT002985,CUST001468,2025-06-01,Late payment inquiry,1
TKT002986,CUST001468,2025-07-01,Billing dispute,1
TKT002987,CUST001468,2025-07-01,Rewards points issue,1
TKT002988,CUST001468,2025-08-01,General inquiry,1
TKT002989,CUST001468,2025-09-01,Billing dispute,1
TKT002990,CUST001468,2025-11-01,Card not working,0
TKT002991,CUST001468,2025-11-01,Fee complaint,1
TKT002992,CUST001468,2025-11-01,Card not working,0
TKT002993,CUST001468,2025-12-01,Fee complaint,1
TKT002994,CUST001471,2025-06-01,Billing dispute,0
TKT002995,CUST001471,2025-06-01,Fee complaint,1
TKT002996,CUST001471,2025-07-01,Fraud concern,0
TKT002997,CUST001471,2025-07-01,Requesting card cancellation,1
TKT002998,CUST001471,2025-08-01,Fraud concern,0
TKT002999,CUST001472,2025-11-01,Requesting card cancellation,1
TKT003000,CUST001472,2025-11-01,App/website login issue,1
TKT003001,CUST001472,2025-11-01,App/website login issue,1
TKT003002,CUST001477,2025-01-01,App/website login issue,1
TKT003003,CUST001477,2025-01-01,Late payment inquiry,1
TKT003004,CUST001477,2025-02-01,App/website login issue,1
TKT003005,CUST001477,2025-03-01,Requesting card cancellation,1
TKT003006,CUST001477,2025-03-01,Card not working,1
TKT003007,CUST001477,2025-04-01,Card not working,1
TKT003008,CUST001477,2025-05-01,App/website login issue,1
TKT003009,CUST001477,2025-06-01,Requesting card cancellation,0
TKT003010,CUST001477,2025-08-01,Billing dispute,0
TKT003011,CUST001477,2025-08-01,Billing dispute,0
TKT003012,CUST001477,2025-10-01,General inquiry,1
TKT003013,CUST001477,2025-11-01,Late payment inquiry,0
TKT003014,CUST001486,2025-01-01,General inquiry,1
TKT003015,CUST001486,2025-02-01,Late payment inquiry,1
TKT003016,CUST001486,2025-02-01,Card not working,0
TKT003017,CUST001486,2025-02-01,Late payment inquiry,1
TKT003018,CUST001486,2025-02-01,Rewards points issue,1
TKT003019,CUST001486,2025-03-01,Card not working,1
TKT003020,CUST001486,2025-05-01,Billing dispute,1
TKT003021,CUST001488,2025-01-01,Card not working,1
TKT003022,CUST001504,2025-06-01,Requesting card cancellation,1
TKT003023,CUST001504,2025-07-01,Late payment inquiry,1
TKT003024,CUST001507,2025-02-01,Late payment inquiry,0
TKT003025,CUST001507,2025-03-01,General inquiry,1
TKT003026,CUST001507,2025-06-01,General inquiry,1
TKT003027,CUST001507,2025-07-01,Requesting credit limit increase,1
TKT003028,CUST001507,2025-08-01,General inquiry,0
TKT003029,CUST001507,2025-09-01,Late payment inquiry,1
TKT003030,CUST001507,2025-10-01,Card not working,1
TKT003031,CUST001507,2025-12-01,App/website login issue,1
TKT003032,CUST001507,2025-12-01,Billing dispute,1
TKT003033,CUST001507,2025-12-01,Card not working,1
TKT003034,CUST001510,2025-01-01,Fraud concern,1
TKT003035,CUST001510,2025-02-01,Requesting credit limit increase,0
TKT003036,CUST001510,2025-02-01,Requesting credit limit increase,1
TKT003037,CUST001510,2025-05-01,Card not working,1
TKT003038,CUST001510,2025-06-01,General inquiry,0
TKT003039,CUST001510,2025-07-01,Card not working,1
TKT003040,CUST001510,2025-07-01,Fee complaint,1
TKT003041,CUST001510,2025-08-01,Fee complaint,1
TKT003042,CUST001510,2025-11-01,Fee complaint,1
TKT003043,CUST001514,2025-09-01,Card not working,1
TKT003044,CUST001514,2025-10-01,Requesting card cancellation,1
TKT003045,CUST001514,2025-11-01,Fraud concern,1
TKT003046,CUST001514,2025-11-01,Late payment inquiry,1
TKT003047,CUST001515,2025-01-01,App/website login issue,1
TKT003048,CUST001515,2025-02-01,Late payment inquiry,1
TKT003049,CUST001515,2025-02-01,Fee complaint,1
TKT003050,CUST001515,2025-03-01,App/website login issue,1
TKT003051,CUST001515,2025-05-01,Fee complaint,0
TKT003052,CUST001515,2025-06-01,Fee complaint,1
TKT003053,CUST001515,2025-06-01,General inquiry,1
TKT003054,CUST001515,2025-09-01,Billing dispute,1
TKT003055,CUST001517,2025-03-01,Fraud concern,1
TKT003056,CUST001517,2025-03-01,Billing dispute,1
TKT003057,CUST001517,2025-04-01,App/website login issue,0
TKT003058,CUST001517,2025-04-01,Requesting card cancellation,1
TKT003059,CUST001517,2025-04-01,App/website login issue,0
TKT003060,CUST001517,2025-05-01,Card not working,1
TKT003061,CUST001517,2025-05-01,Fee complaint,1
TKT003062,CUST001517,2025-06-01,Billing dispute,1
TKT003063,CUST001517,2025-06-01,Rewards points issue,0
TKT003064,CUST001517,2025-06-01,Late payment inquiry,0
TKT003065,CUST001517,2025-06-01,Billing dispute,1
TKT003066,CUST001517,2025-06-01,Requesting card cancellation,1
TKT003067,CUST001517,2025-06-01,General inquiry,1
TKT003068,CUST001517,2025-06-01,Requesting card cancellation,1
TKT003069,CUST001517,2025-07-01,General inquiry,1
TKT003070,CUST001517,2025-08-01,Late payment inquiry,1
TKT003071,CUST001517,2025-08-01,General inquiry,1
TKT003072,CUST001517,2025-09-01,Rewards points issue,1
TKT003073,CUST001517,2025-09-01,Late payment inquiry,1
TKT003074,CUST001517,2025-11-01,Requesting card cancellation,0
TKT003075,CUST001522,2025-09-01,Fee complaint,1
TKT003076,CUST001522,2025-09-01,App/website login issue,1
TKT003077,CUST001526,2025-01-01,Billing dispute,0
TKT003078,CUST001526,2025-01-01,General inquiry,1
TKT003079,CUST001526,2025-03-01,General inquiry,1
TKT003080,CUST001526,2025-04-01,App/website login issue,1
TKT003081,CUST001526,2025-06-01,Requesting credit limit increase,1
TKT003082,CUST001526,2025-08-01,Late payment inquiry,1
TKT003083,CUST001526,2025-08-01,General inquiry,1
TKT003084,CUST001526,2025-09-01,Rewards points issue,0
TKT003085,CUST001526,2025-10-01,Requesting credit limit increase,1
TKT003086,CUST001526,2025-10-01,App/website login issue,1
TKT003087,CUST001526,2025-11-01,Requesting credit limit increase,1
TKT003088,CUST001528,2025-05-01,Late payment inquiry,0
TKT003089,CUST001528,2025-06-01,General inquiry,1
TKT003090,CUST001528,2025-06-01,Card not working,0
TKT003091,CUST001528,2025-07-01,General inquiry,1
TKT003092,CUST001529,2025-07-01,Rewards points issue,0
TKT003093,CUST001531,2025-02-01,Fee complaint,1
TKT003094,CUST001531,2025-03-01,Billing dispute,0
TKT003095,CUST001537,2025-05-01,Fee complaint,0
TKT003096,CUST001538,2025-03-01,General inquiry,1
TKT003097,CUST001538,2025-04-01,Late payment inquiry,1
TKT003098,CUST001540,2025-02-01,Fee complaint,1
TKT003099,CUST001540,2025-02-01,App/website login issue,1
TKT003100,CUST001540,2025-04-01,Late payment inquiry,1
TKT003101,CUST001540,2025-04-01,Rewards points issue,1
TKT003102,CUST001540,2025-04-01,General inquiry,1
TKT003103,CUST001540,2025-06-01,App/website login issue,1
TKT003104,CUST001540,2025-07-01,Late payment inquiry,1
TKT003105,CUST001540,2025-07-01,Requesting card cancellation,1
TKT003106,CUST001540,2025-09-01,Late payment inquiry,1
TKT003107,CUST001540,2025-09-01,Billing dispute,1
TKT003108,CUST001540,2025-09-01,Rewards points issue,0
TKT003109,CUST001540,2025-10-01,Rewards points issue,1
TKT003110,CUST001540,2025-10-01,Billing dispute,1
TKT003111,CUST001540,2025-10-01,App/website login issue,1
TKT003112,CUST001540,2025-11-01,Fee complaint,1
TKT003113,CUST001540,2025-11-01,Fee complaint,1
TKT003114,CUST001540,2025-11-01,Rewards points issue,0
TKT003115,CUST001540,2025-12-01,App/website login issue,1
TKT003116,CUST001542,2025-03-01,General inquiry,0
TKT003117,CUST001542,2025-04-01,Rewards points issue,1
TKT003118,CUST001542,2025-05-01,Fee complaint,1
TKT003119,CUST001542,2025-05-01,App/website login issue,1
TKT003120,CUST001543,2025-01-01,Card not working,1
TKT003121,CUST001543,2025-05-01,Late payment inquiry,1
TKT003122,CUST001543,2025-05-01,Rewards points issue,1
TKT003123,CUST001543,2025-07-01,Fee complaint,1
TKT003124,CUST001543,2025-07-01,General inquiry,0
TKT003125,CUST001543,2025-09-01,Card not working,1
TKT003126,CUST001543,2025-09-01,Fee complaint,1
TKT003127,CUST001543,2025-09-01,Fee complaint,1
TKT003128,CUST001543,2025-10-01,Billing dispute,1
TKT003129,CUST001543,2025-10-01,Fee complaint,1
TKT003130,CUST001543,2025-12-01,Billing dispute,1
TKT003131,CUST001548,2025-02-01,Requesting card cancellation,1
TKT003132,CUST001548,2025-02-01,App/website login issue,1
TKT003133,CUST001548,2025-03-01,Card not working,1
TKT003134,CUST001548,2025-04-01,Fee complaint,1
TKT003135,CUST001548,2025-04-01,Billing dispute,1
TKT003136,CUST001548,2025-06-01,App/website login issue,1
TKT003137,CUST001548,2025-07-01,Fee complaint,1
TKT003138,CUST001548,2025-07-01,Billing dispute,1
TKT003139,CUST001548,2025-07-01,Fraud concern,1
TKT003140,CUST001548,2025-07-01,Requesting credit limit increase,1
TKT003141,CUST001548,2025-08-01,Card not working,1
TKT003142,CUST001548,2025-09-01,General inquiry,0
TKT003143,CUST001548,2025-09-01,Requesting card cancellation,0
TKT003144,CUST001548,2025-11-01,Rewards points issue,0
TKT003145,CUST001548,2025-12-01,App/website login issue,0
TKT003146,CUST001550,2025-05-01,Fee complaint,1
TKT003147,CUST001554,2025-07-01,Card not working,0
TKT003148,CUST001554,2025-08-01,Card not working,1
TKT003149,CUST001554,2025-09-01,Late payment inquiry,1
TKT003150,CUST001555,2025-01-01,Billing dispute,1
TKT003151,CUST001555,2025-02-01,Fraud concern,1
TKT003152,CUST001555,2025-02-01,Billing dispute,1
TKT003153,CUST001555,2025-03-01,Requesting card cancellation,1
TKT003154,CUST001555,2025-05-01,Requesting card cancellation,1
TKT003155,CUST001555,2025-07-01,General inquiry,1
TKT003156,CUST001555,2025-10-01,Rewards points issue,1
TKT003157,CUST001555,2025-11-01,Fee complaint,1
TKT003158,CUST001555,2025-11-01,Late payment inquiry,1
TKT003159,CUST001555,2025-11-01,Billing dispute,1
TKT003160,CUST001555,2025-12-01,Fraud concern,1
TKT003161,CUST001555,2025-12-01,Fee complaint,1
TKT003162,CUST001556,2025-06-01,Billing dispute,1
TKT003163,CUST001556,2025-06-01,Requesting card cancellation,1
TKT003164,CUST001558,2025-01-01,Requesting card cancellation,1
TKT003165,CUST001558,2025-03-01,Rewards points issue,1
TKT003166,CUST001558,2025-03-01,Card not working,1
TKT003167,CUST001560,2025-04-01,Fee complaint,0
TKT003168,CUST001560,2025-06-01,Rewards points issue,1
TKT003169,CUST001560,2025-06-01,Late payment inquiry,0
TKT003170,CUST001570,2025-09-01,Requesting credit limit increase,1
TKT003171,CUST001570,2025-09-01,Late payment inquiry,0
TKT003172,CUST001570,2025-10-01,Requesting card cancellation,1
TKT003173,CUST001570,2025-11-01,Fee complaint,1
TKT003174,CUST001576,2025-01-01,Fee complaint,1
TKT003175,CUST001576,2025-03-01,Requesting card cancellation,1
TKT003176,CUST001576,2025-04-01,Requesting card cancellation,1
TKT003177,CUST001576,2025-05-01,Requesting card cancellation,1
TKT003178,CUST001576,2025-07-01,Billing dispute,1
TKT003179,CUST001576,2025-08-01,Late payment inquiry,1
TKT003180,CUST001576,2025-09-01,General inquiry,1
TKT003181,CUST001576,2025-12-01,Billing dispute,1
TKT003182,CUST001582,2025-09-01,Fee complaint,1
TKT003183,CUST001585,2025-04-01,Requesting card cancellation,1
TKT003184,CUST001585,2025-05-01,Rewards points issue,1
TKT003185,CUST001585,2025-05-01,Billing dispute,1
TKT003186,CUST001585,2025-06-01,Card not working,1
TKT003187,CUST001585,2025-06-01,General inquiry,1
TKT003188,CUST001592,2025-02-01,Requesting credit limit increase,1
TKT003189,CUST001592,2025-02-01,General inquiry,1
TKT003190,CUST001592,2025-03-01,Requesting card cancellation,1
TKT003191,CUST001592,2025-03-01,Requesting credit limit increase,1
TKT003192,CUST001592,2025-04-01,Billing dispute,1
TKT003193,CUST001592,2025-04-01,General inquiry,1
TKT003194,CUST001592,2025-06-01,Billing dispute,1
TKT003195,CUST001592,2025-07-01,Rewards points issue,1
TKT003196,CUST001592,2025-08-01,Billing dispute,0
TKT003197,CUST001592,2025-09-01,Requesting card cancellation,1
TKT003198,CUST001592,2025-09-01,Billing dispute,1
TKT003199,CUST001592,2025-10-01,Requesting card cancellation,1
TKT003200,CUST001592,2025-10-01,Requesting card cancellation,1
TKT003201,CUST001592,2025-11-01,Late payment inquiry,1
TKT003202,CUST001592,2025-11-01,Billing dispute,1
TKT003203,CUST001593,2025-07-01,Requesting card cancellation,1
TKT003204,CUST001593,2025-08-01,Fraud concern,1
TKT003205,CUST001597,2025-01-01,Billing dispute,1
TKT003206,CUST001597,2025-02-01,Late payment inquiry,1
TKT003207,CUST001597,2025-02-01,General inquiry,1
TKT003208,CUST001597,2025-03-01,Requesting credit limit increase,1
TKT003209,CUST001597,2025-03-01,Rewards points issue,1
TKT003210,CUST001597,2025-05-01,Late payment inquiry,1
TKT003211,CUST001597,2025-06-01,Billing dispute,1
TKT003212,CUST001597,2025-07-01,Fraud concern,1
TKT003213,CUST001597,2025-07-01,Rewards points issue,1
TKT003214,CUST001597,2025-07-01,Requesting card cancellation,1
TKT003215,CUST001597,2025-07-01,Late payment inquiry,0
TKT003216,CUST001597,2025-07-01,Requesting credit limit increase,1
TKT003217,CUST001597,2025-07-01,Fee complaint,1
TKT003218,CUST001597,2025-07-01,Billing dispute,0
TKT003219,CUST001597,2025-08-01,Requesting credit limit increase,1
TKT003220,CUST001597,2025-08-01,Rewards points issue,1
TKT003221,CUST001597,2025-08-01,Card not working,1
TKT003222,CUST001597,2025-09-01,Fee complaint,0
TKT003223,CUST001597,2025-09-01,Card not working,1
TKT003224,CUST001597,2025-09-01,Fee complaint,1
TKT003225,CUST001597,2025-10-01,General inquiry,1
TKT003226,CUST001597,2025-10-01,Billing dispute,1
TKT003227,CUST001597,2025-10-01,Fee complaint,1
TKT003228,CUST001597,2025-10-01,Fraud concern,1
TKT003229,CUST001597,2025-10-01,Card not working,1
TKT003230,CUST001597,2025-11-01,Billing dispute,1
TKT003231,CUST001597,2025-12-01,Fee complaint,1
TKT003232,CUST001597,2025-12-01,General inquiry,1
TKT003233,CUST001598,2025-02-01,Rewards points issue,1
TKT003234,CUST001598,2025-04-01,Fee complaint,1
TKT003235,CUST001598,2025-08-01,Late payment inquiry,1
TKT003236,CUST001598,2025-09-01,Late payment inquiry,1
TKT003237,CUST001598,2025-10-01,Requesting credit limit increase,1
TKT003238,CUST001598,2025-10-01,Late payment inquiry,1
TKT003239,CUST001598,2025-10-01,Billing dispute,1
TKT003240,CUST001598,2025-11-01,Late payment inquiry,1
TKT003241,CUST001598,2025-11-01,Rewards points issue,1
TKT003242,CUST001598,2025-12-01,App/website login issue,1
TKT003243,CUST001599,2025-02-01,Fee complaint,0
TKT003244,CUST001599,2025-02-01,Rewards points issue,1
TKT003245,CUST001599,2025-03-01,Requesting credit limit increase,1
TKT003246,CUST001601,2025-10-01,Fee complaint,1
TKT003247,CUST001601,2025-11-01,Late payment inquiry,1
TKT003248,CUST001605,2025-02-01,Requesting card cancellation,1
TKT003249,CUST001605,2025-04-01,Card not working,1
TKT003250,CUST001605,2025-06-01,Fee complaint,1
TKT003251,CUST001605,2025-06-01,General inquiry,1
TKT003252,CUST001605,2025-08-01,Late payment inquiry,1
TKT003253,CUST001605,2025-08-01,Late payment inquiry,1
TKT003254,CUST001605,2025-10-01,App/website login issue,1
TKT003255,CUST001608,2025-01-01,Rewards points issue,1
TKT003256,CUST001608,2025-01-01,App/website login issue,1
TKT003257,CUST001608,2025-02-01,App/website login issue,1
TKT003258,CUST001608,2025-03-01,Billing dispute,1
TKT003259,CUST001616,2025-02-01,Billing dispute,1
TKT003260,CUST001616,2025-03-01,Requesting credit limit increase,1
TKT003261,CUST001616,2025-04-01,Fee complaint,1
TKT003262,CUST001616,2025-04-01,Late payment inquiry,1
TKT003263,CUST001616,2025-05-01,Billing dispute,0
TKT003264,CUST001616,2025-05-01,App/website login issue,1
TKT003265,CUST001616,2025-06-01,Card not working,1
TKT003266,CUST001616,2025-07-01,Fraud concern,1
TKT003267,CUST001616,2025-08-01,Requesting card cancellation,1
TKT003268,CUST001616,2025-08-01,Requesting card cancellation,1
TKT003269,CUST001616,2025-09-01,Requesting card cancellation,1
TKT003270,CUST001616,2025-10-01,Fee complaint,1
TKT003271,CUST001616,2025-10-01,Requesting card cancellation,1
TKT003272,CUST001616,2025-12-01,Card not working,0
TKT003273,CUST001616,2025-12-01,Rewards points issue,1
TKT003274,CUST001619,2025-03-01,Rewards points issue,1
TKT003275,CUST001620,2025-05-01,Fee complaint,0
TKT003276,CUST001620,2025-06-01,General inquiry,1
TKT003277,CUST001620,2025-06-01,Fee complaint,1
TKT003278,CUST001622,2025-02-01,Fraud concern,1
TKT003279,CUST001622,2025-02-01,App/website login issue,1
TKT003280,CUST001622,2025-04-01,Fee complaint,0
TKT003281,CUST001625,2025-02-01,Requesting card cancellation,1
TKT003282,CUST001625,2025-02-01,Billing dispute,1
TKT003283,CUST001625,2025-04-01,Requesting card cancellation,1
TKT003284,CUST001625,2025-04-01,Requesting card cancellation,1
TKT003285,CUST001629,2025-03-01,Card not working,1
TKT003286,CUST001629,2025-03-01,Fraud concern,1
TKT003287,CUST001629,2025-05-01,Late payment inquiry,1
TKT003288,CUST001629,2025-05-01,Rewards points issue,1
TKT003289,CUST001629,2025-07-01,Rewards points issue,1
TKT003290,CUST001629,2025-08-01,General inquiry,1
TKT003291,CUST001629,2025-08-01,App/website login issue,1
TKT003292,CUST001629,2025-09-01,Rewards points issue,1
TKT003293,CUST001629,2025-09-01,Rewards points issue,1
TKT003294,CUST001629,2025-11-01,General inquiry,1
TKT003295,CUST001629,2025-11-01,Fee complaint,1
TKT003296,CUST001629,2025-11-01,App/website login issue,1
TKT003297,CUST001629,2025-11-01,Fee complaint,1
TKT003298,CUST001629,2025-11-01,Billing dispute,1
TKT003299,CUST001629,2025-12-01,Rewards points issue,1
TKT003300,CUST001629,2025-12-01,General inquiry,1
TKT003301,CUST001631,2025-07-01,Billing dispute,1
TKT003302,CUST001636,2025-04-01,Fraud concern,0
TKT003303,CUST001636,2025-04-01,General inquiry,1
TKT003304,CUST001636,2025-05-01,Requesting card cancellation,1
TKT003305,CUST001636,2025-05-01,Late payment inquiry,1
TKT003306,CUST001636,2025-06-01,Fraud concern,1
TKT003307,CUST001637,2025-06-01,Billing dispute,1
TKT003308,CUST001637,2025-06-01,Card not working,1
TKT003309,CUST001639,2025-07-01,Requesting credit limit increase,1
TKT003310,CUST001639,2025-08-01,Late payment inquiry,0
TKT003311,CUST001641,2025-01-01,Fee complaint,1
TKT003312,CUST001641,2025-03-01,Billing dispute,1
TKT003313,CUST001641,2025-03-01,Requesting card cancellation,1
TKT003314,CUST001641,2025-04-01,Late payment inquiry,1
TKT003315,CUST001641,2025-05-01,Fee complaint,1
TKT003316,CUST001641,2025-05-01,Requesting card cancellation,1
TKT003317,CUST001641,2025-05-01,Billing dispute,0
TKT003318,CUST001641,2025-05-01,Fee complaint,0
TKT003319,CUST001641,2025-06-01,General inquiry,0
TKT003320,CUST001641,2025-07-01,Late payment inquiry,0
TKT003321,CUST001641,2025-08-01,Rewards points issue,1
TKT003322,CUST001641,2025-09-01,Requesting credit limit increase,1
TKT003323,CUST001641,2025-09-01,Billing dispute,1
TKT003324,CUST001641,2025-10-01,Fee complaint,1
TKT003325,CUST001641,2025-10-01,Fee complaint,1
TKT003326,CUST001641,2025-11-01,App/website login issue,1
TKT003327,CUST001641,2025-12-01,Requesting card cancellation,1
TKT003328,CUST001644,2025-09-01,Fee complaint,1
TKT003329,CUST001644,2025-10-01,Late payment inquiry,0
TKT003330,CUST001649,2025-01-01,Fee complaint,1
TKT003331,CUST001649,2025-02-01,Late payment inquiry,1
TKT003332,CUST001649,2025-03-01,Fee complaint,1
TKT003333,CUST001649,2025-04-01,Rewards points issue,1
TKT003334,CUST001649,2025-04-01,Fee complaint,1
TKT003335,CUST001649,2025-06-01,Late payment inquiry,1
TKT003336,CUST001649,2025-07-01,Rewards points issue,1
TKT003337,CUST001649,2025-07-01,Fee complaint,1
TKT003338,CUST001649,2025-08-01,Billing dispute,0
TKT003339,CUST001649,2025-09-01,Fraud concern,1
TKT003340,CUST001649,2025-11-01,Fee complaint,0
TKT003341,CUST001649,2025-11-01,Requesting card cancellation,1
TKT003342,CUST001649,2025-12-01,Fee complaint,0
TKT003343,CUST001652,2025-01-01,Requesting card cancellation,1
TKT003344,CUST001652,2025-01-01,Fee complaint,1
TKT003345,CUST001652,2025-03-01,General inquiry,1
TKT003346,CUST001652,2025-03-01,Requesting credit limit increase,0
TKT003347,CUST001652,2025-04-01,Fee complaint,1
TKT003348,CUST001652,2025-04-01,App/website login issue,1
TKT003349,CUST001652,2025-05-01,Fraud concern,1
TKT003350,CUST001652,2025-05-01,Billing dispute,0
TKT003351,CUST001652,2025-08-01,Fee complaint,1
TKT003352,CUST001652,2025-09-01,Billing dispute,1
TKT003353,CUST001652,2025-11-01,Late payment inquiry,1
TKT003354,CUST001652,2025-12-01,Billing dispute,1
TKT003355,CUST001652,2025-12-01,Billing dispute,0
TKT003356,CUST001652,2025-12-01,Card not working,1
TKT003357,CUST001653,2025-10-01,Rewards points issue,1
TKT003358,CUST001657,2025-09-01,Card not working,1
TKT003359,CUST001657,2025-10-01,Card not working,1
TKT003360,CUST001658,2025-05-01,App/website login issue,0
TKT003361,CUST001658,2025-06-01,Billing dispute,0
TKT003362,CUST001658,2025-06-01,Fee complaint,1
TKT003363,CUST001663,2025-10-01,General inquiry,1
TKT003364,CUST001663,2025-11-01,App/website login issue,1
TKT003365,CUST001664,2025-06-01,App/website login issue,1
TKT003366,CUST001664,2025-07-01,App/website login issue,1
TKT003367,CUST001664,2025-08-01,General inquiry,1
TKT003368,CUST001664,2025-08-01,Billing dispute,1
TKT003369,CUST001664,2025-10-01,Card not working,1
TKT003370,CUST001664,2025-11-01,Requesting card cancellation,1
TKT003371,CUST001664,2025-11-01,Fraud concern,1
TKT003372,CUST001668,2025-01-01,Requesting card cancellation,1
TKT003373,CUST001668,2025-01-01,Fee complaint,1
TKT003374,CUST001668,2025-03-01,General inquiry,1
TKT003375,CUST001668,2025-07-01,Fee complaint,1
TKT003376,CUST001668,2025-08-01,Late payment inquiry,1
TKT003377,CUST001668,2025-11-01,General inquiry,1
TKT003378,CUST001668,2025-11-01,Billing dispute,1
TKT003379,CUST001668,2025-12-01,General inquiry,1
TKT003380,CUST001668,2025-12-01,Requesting card cancellation,1
TKT003381,CUST001671,2025-09-01,Billing dispute,0
TKT003382,CUST001671,2025-09-01,Late payment inquiry,1
TKT003383,CUST001671,2025-10-01,Billing dispute,1
TKT003384,CUST001672,2025-02-01,Requesting card cancellation,1
TKT003385,CUST001672,2025-02-01,Requesting credit limit increase,1
TKT003386,CUST001672,2025-03-01,Requesting card cancellation,1
TKT003387,CUST001672,2025-05-01,Requesting card cancellation,0
TKT003388,CUST001672,2025-05-01,Billing dispute,1
TKT003389,CUST001672,2025-07-01,General inquiry,0
TKT003390,CUST001672,2025-08-01,Rewards points issue,1
TKT003391,CUST001672,2025-08-01,Billing dispute,1
TKT003392,CUST001677,2025-04-01,Late payment inquiry,1
TKT003393,CUST001677,2025-04-01,General inquiry,1
TKT003394,CUST001677,2025-04-01,Fraud concern,1
TKT003395,CUST001677,2025-05-01,Rewards points issue,1
TKT003396,CUST001679,2025-02-01,Billing dispute,1
TKT003397,CUST001679,2025-02-01,Rewards points issue,0
TKT003398,CUST001679,2025-03-01,App/website login issue,1
TKT003399,CUST001679,2025-04-01,Card not working,1
TKT003400,CUST001679,2025-06-01,App/website login issue,1
TKT003401,CUST001679,2025-06-01,General inquiry,1
TKT003402,CUST001679,2025-06-01,Requesting card cancellation,1
TKT003403,CUST001679,2025-09-01,Requesting card cancellation,1
TKT003404,CUST001679,2025-10-01,Card not working,1
TKT003405,CUST001680,2025-01-01,Billing dispute,1
TKT003406,CUST001680,2025-02-01,Card not working,1
TKT003407,CUST001681,2025-01-01,Card not working,1
TKT003408,CUST001681,2025-02-01,General inquiry,1
TKT003409,CUST001681,2025-02-01,Fee complaint,1
TKT003410,CUST001681,2025-02-01,Card not working,1
TKT003411,CUST001681,2025-03-01,Late payment inquiry,0
TKT003412,CUST001681,2025-05-01,Billing dispute,1
TKT003413,CUST001681,2025-05-01,Billing dispute,1
TKT003414,CUST001681,2025-09-01,Fee complaint,1
TKT003415,CUST001681,2025-09-01,Fee complaint,1
TKT003416,CUST001681,2025-09-01,Fraud concern,1
TKT003417,CUST001682,2025-02-01,Fee complaint,1
TKT003418,CUST001682,2025-02-01,Requesting credit limit increase,1
TKT003419,CUST001682,2025-02-01,Fee complaint,1
TKT003420,CUST001682,2025-03-01,Fraud concern,1
TKT003421,CUST001682,2025-04-01,Rewards points issue,1
TKT003422,CUST001682,2025-04-01,Rewards points issue,1
TKT003423,CUST001682,2025-05-01,Billing dispute,1
TKT003424,CUST001682,2025-06-01,Rewards points issue,0
TKT003425,CUST001682,2025-07-01,Billing dispute,1
TKT003426,CUST001682,2025-08-01,Rewards points issue,1
TKT003427,CUST001682,2025-08-01,App/website login issue,1
TKT003428,CUST001682,2025-11-01,Billing dispute,1
TKT003429,CUST001684,2025-02-01,Fee complaint,1
TKT003430,CUST001684,2025-04-01,Fraud concern,1
TKT003431,CUST001686,2025-01-01,App/website login issue,1
TKT003432,CUST001686,2025-02-01,Rewards points issue,1
TKT003433,CUST001686,2025-02-01,Fee complaint,1
TKT003434,CUST001686,2025-04-01,Rewards points issue,1
TKT003435,CUST001686,2025-05-01,Billing dispute,1
TKT003436,CUST001686,2025-06-01,Fee complaint,1
TKT003437,CUST001686,2025-07-01,Rewards points issue,1
TKT003438,CUST001686,2025-08-01,App/website login issue,1
TKT003439,CUST001686,2025-09-01,Requesting card cancellation,1
TKT003440,CUST001686,2025-10-01,Billing dispute,1
TKT003441,CUST001686,2025-10-01,Fee complaint,1
TKT003442,CUST001687,2025-09-01,Rewards points issue,1
TKT003443,CUST001687,2025-10-01,Card not working,1
TKT003444,CUST001693,2025-06-01,Fee complaint,0
TKT003445,CUST001693,2025-07-01,App/website login issue,1
TKT003446,CUST001699,2025-01-01,Rewards points issue,1
TKT003447,CUST001699,2025-01-01,Card not working,1
TKT003448,CUST001699,2025-02-01,Requesting card cancellation,0
TKT003449,CUST001699,2025-03-01,Billing dispute,1
TKT003450,CUST001699,2025-03-01,App/website login issue,1
TKT003451,CUST001699,2025-05-01,Fee complaint,1
TKT003452,CUST001699,2025-08-01,General inquiry,1
TKT003453,CUST001699,2025-08-01,Late payment inquiry,1
TKT003454,CUST001699,2025-08-01,Requesting card cancellation,1
TKT003455,CUST001699,2025-09-01,Fee complaint,1
TKT003456,CUST001699,2025-09-01,Rewards points issue,1
TKT003457,CUST001699,2025-10-01,Card not working,1
TKT003458,CUST001699,2025-10-01,App/website login issue,1
TKT003459,CUST001699,2025-10-01,Late payment inquiry,1
TKT003460,CUST001699,2025-11-01,Fee complaint,1
TKT003461,CUST001699,2025-11-01,Billing dispute,1
TKT003462,CUST001699,2025-12-01,Late payment inquiry,1
TKT003463,CUST001700,2025-01-01,Requesting credit limit increase,1
TKT003464,CUST001700,2025-01-01,Requesting credit limit increase,1
TKT003465,CUST001700,2025-02-01,Card not working,1
TKT003466,CUST001700,2025-02-01,General inquiry,1
TKT003467,CUST001700,2025-02-01,Late payment inquiry,1
TKT003468,CUST001700,2025-06-01,Requesting card cancellation,1
TKT003469,CUST001700,2025-09-01,Requesting card cancellation,1
TKT003470,CUST001700,2025-09-01,Fee complaint,1
TKT003471,CUST001700,2025-10-01,Fee complaint,1
TKT003472,CUST001700,2025-11-01,Rewards points issue,1
TKT003473,CUST001709,2025-02-01,Requesting credit limit increase,1
TKT003474,CUST001709,2025-03-01,Card not working,1
TKT003475,CUST001709,2025-03-01,General inquiry,0
TKT003476,CUST001709,2025-06-01,App/website login issue,1
TKT003477,CUST001709,2025-06-01,Rewards points issue,1
TKT003478,CUST001709,2025-07-01,Late payment inquiry,1
TKT003479,CUST001709,2025-07-01,Fee complaint,1
TKT003480,CUST001709,2025-08-01,Fee complaint,0
TKT003481,CUST001709,2025-09-01,App/website login issue,0
TKT003482,CUST001709,2025-09-01,Fee complaint,1
TKT003483,CUST001709,2025-12-01,Card not working,1
TKT003484,CUST001711,2025-01-01,Late payment inquiry,1
TKT003485,CUST001711,2025-03-01,Billing dispute,1
TKT003486,CUST001711,2025-04-01,Requesting card cancellation,1
TKT003487,CUST001712,2025-03-01,Card not working,1
TKT003488,CUST001712,2025-03-01,Fee complaint,1
TKT003489,CUST001712,2025-05-01,Requesting credit limit increase,1
TKT003490,CUST001713,2025-01-01,Fee complaint,1
TKT003491,CUST001713,2025-01-01,Fee complaint,1
TKT003492,CUST001713,2025-01-01,General inquiry,1
TKT003493,CUST001713,2025-02-01,Late payment inquiry,0
TKT003494,CUST001713,2025-03-01,Billing dispute,1
TKT003495,CUST001713,2025-03-01,App/website login issue,1
TKT003496,CUST001713,2025-04-01,Late payment inquiry,1
TKT003497,CUST001713,2025-05-01,Requesting card cancellation,1
TKT003498,CUST001713,2025-06-01,Billing dispute,1
TKT003499,CUST001713,2025-06-01,Billing dispute,0
TKT003500,CUST001713,2025-07-01,General inquiry,1
TKT003501,CUST001713,2025-07-01,Requesting card cancellation,1
TKT003502,CUST001713,2025-08-01,Fraud concern,1
TKT003503,CUST001713,2025-09-01,Billing dispute,0
TKT003504,CUST001713,2025-10-01,Billing dispute,0
TKT003505,CUST001713,2025-10-01,Fee complaint,1
TKT003506,CUST001713,2025-10-01,Fraud concern,1
TKT003507,CUST001713,2025-11-01,Billing dispute,1
TKT003508,CUST001713,2025-11-01,Billing dispute,1
TKT003509,CUST001713,2025-11-01,Fee complaint,1
TKT003510,CUST001713,2025-12-01,Fee complaint,1
TKT003511,CUST001714,2025-07-01,Rewards points issue,0
TKT003512,CUST001714,2025-07-01,Late payment inquiry,1
TKT003513,CUST001718,2025-02-01,Card not working,1
TKT003514,CUST001718,2025-02-01,Fraud concern,0
TKT003515,CUST001718,2025-02-01,App/website login issue,1
TKT003516,CUST001718,2025-03-01,Late payment inquiry,1
TKT003517,CUST001718,2025-03-01,Rewards points issue,1
TKT003518,CUST001718,2025-03-01,Late payment inquiry,1
TKT003519,CUST001718,2025-04-01,Billing dispute,1
TKT003520,CUST001719,2025-03-01,Fraud concern,1
TKT003521,CUST001719,2025-05-01,Requesting card cancellation,1
TKT003522,CUST001721,2025-01-01,Requesting credit limit increase,1
TKT003523,CUST001721,2025-01-01,General inquiry,0
TKT003524,CUST001721,2025-03-01,Card not working,1
TKT003525,CUST001721,2025-06-01,Requesting card cancellation,1
TKT003526,CUST001721,2025-07-01,General inquiry,0
TKT003527,CUST001721,2025-08-01,Fraud concern,1
TKT003528,CUST001721,2025-08-01,App/website login issue,1
TKT003529,CUST001721,2025-09-01,Fee complaint,1
TKT003530,CUST001721,2025-09-01,Rewards points issue,0
TKT003531,CUST001721,2025-10-01,Card not working,1
TKT003532,CUST001721,2025-11-01,Late payment inquiry,1
TKT003533,CUST001723,2025-05-01,Fraud concern,1
TKT003534,CUST001723,2025-05-01,Requesting card cancellation,0
TKT003535,CUST001723,2025-05-01,Requesting card cancellation,1
TKT003536,CUST001723,2025-06-01,Late payment inquiry,0
TKT003537,CUST001723,2025-07-01,Card not working,1
TKT003538,CUST001724,2025-01-01,Requesting card cancellation,1
TKT003539,CUST001724,2025-01-01,Requesting card cancellation,0
TKT003540,CUST001724,2025-03-01,General inquiry,1
TKT003541,CUST001724,2025-03-01,Fee complaint,1
TKT003542,CUST001724,2025-04-01,Requesting card cancellation,1
TKT003543,CUST001724,2025-05-01,Fee complaint,1
TKT003544,CUST001724,2025-06-01,Card not working,1
TKT003545,CUST001724,2025-06-01,Card not working,1
TKT003546,CUST001724,2025-06-01,Fee complaint,1
TKT003547,CUST001724,2025-08-01,General inquiry,1
TKT003548,CUST001724,2025-09-01,Late payment inquiry,1
TKT003549,CUST001724,2025-09-01,Card not working,1
TKT003550,CUST001724,2025-10-01,General inquiry,1
TKT003551,CUST001724,2025-10-01,App/website login issue,1
TKT003552,CUST001731,2025-02-01,App/website login issue,1
TKT003553,CUST001732,2025-02-01,Requesting credit limit increase,1
TKT003554,CUST001732,2025-03-01,General inquiry,1
TKT003555,CUST001732,2025-05-01,Rewards points issue,1
TKT003556,CUST001732,2025-06-01,Fee complaint,0
TKT003557,CUST001732,2025-09-01,Card not working,1
TKT003558,CUST001732,2025-10-01,Rewards points issue,1
TKT003559,CUST001732,2025-11-01,App/website login issue,1
TKT003560,CUST001732,2025-11-01,General inquiry,1
TKT003561,CUST001732,2025-11-01,Requesting card cancellation,1
TKT003562,CUST001734,2025-01-01,General inquiry,0
TKT003563,CUST001734,2025-02-01,Billing dispute,1
TKT003564,CUST001735,2025-06-01,General inquiry,1
TKT003565,CUST001739,2025-01-01,Fee complaint,1
TKT003566,CUST001739,2025-02-01,Fee complaint,1
TKT003567,CUST001739,2025-03-01,Requesting card cancellation,0
TKT003568,CUST001739,2025-05-01,App/website login issue,1
TKT003569,CUST001743,2025-01-01,Fee complaint,1
TKT003570,CUST001743,2025-01-01,Fee complaint,1
TKT003571,CUST001743,2025-02-01,Requesting card cancellation,1
TKT003572,CUST001743,2025-02-01,Billing dispute,1
TKT003573,CUST001743,2025-02-01,Fee complaint,1
TKT003574,CUST001743,2025-02-01,Late payment inquiry,0
TKT003575,CUST001743,2025-02-01,Billing dispute,1
TKT003576,CUST001743,2025-03-01,General inquiry,1
TKT003577,CUST001743,2025-03-01,Late payment inquiry,1
TKT003578,CUST001743,2025-03-01,Late payment inquiry,1
TKT003579,CUST001743,2025-03-01,Requesting card cancellation,1
TKT003580,CUST001743,2025-03-01,Fee complaint,1
TKT003581,CUST001743,2025-04-01,Late payment inquiry,1
TKT003582,CUST001743,2025-05-01,Fee complaint,1
TKT003583,CUST001743,2025-05-01,Fee complaint,1
TKT003584,CUST001743,2025-06-01,Fee complaint,0
TKT003585,CUST001743,2025-07-01,Card not working,1
TKT003586,CUST001743,2025-07-01,Card not working,1
TKT003587,CUST001743,2025-07-01,Requesting card cancellation,1
TKT003588,CUST001743,2025-07-01,Billing dispute,0
TKT003589,CUST001743,2025-07-01,Requesting credit limit increase,1
TKT003590,CUST001743,2025-07-01,Fee complaint,0
TKT003591,CUST001743,2025-09-01,Rewards points issue,1
TKT003592,CUST001743,2025-10-01,Late payment inquiry,1
TKT003593,CUST001743,2025-10-01,Requesting card cancellation,1
TKT003594,CUST001743,2025-10-01,Fee complaint,1
TKT003595,CUST001743,2025-10-01,General inquiry,0
TKT003596,CUST001743,2025-11-01,Late payment inquiry,1
TKT003597,CUST001743,2025-11-01,App/website login issue,1
TKT003598,CUST001743,2025-11-01,App/website login issue,1
TKT003599,CUST001743,2025-11-01,General inquiry,1
TKT003600,CUST001743,2025-12-01,Late payment inquiry,1
TKT003601,CUST001743,2025-12-01,Requesting card cancellation,1
TKT003602,CUST001743,2025-12-01,App/website login issue,1
TKT003603,CUST001743,2025-12-01,Requesting card cancellation,1
TKT003604,CUST001743,2025-12-01,Requesting card cancellation,1
TKT003605,CUST001743,2025-12-01,Billing dispute,0
TKT003606,CUST001743,2025-12-01,Late payment inquiry,1
TKT003607,CUST001746,2025-01-01,General inquiry,1
TKT003608,CUST001746,2025-02-01,Fee complaint,1
TKT003609,CUST001746,2025-05-01,Card not working,1
TKT003610,CUST001750,2025-01-01,Card not working,1
TKT003611,CUST001750,2025-01-01,Requesting credit limit increase,1
TKT003612,CUST001750,2025-01-01,Requesting card cancellation,1
TKT003613,CUST001750,2025-03-01,Rewards points issue,1
TKT003614,CUST001750,2025-05-01,Card not working,0
TKT003615,CUST001750,2025-06-01,Card not working,1
TKT003616,CUST001750,2025-08-01,App/website login issue,1
TKT003617,CUST001750,2025-10-01,Requesting card cancellation,1
TKT003618,CUST001750,2025-11-01,Requesting card cancellation,1
TKT003619,CUST001750,2025-12-01,App/website login issue,1
TKT003620,CUST001751,2025-03-01,Billing dispute,1
TKT003621,CUST001751,2025-06-01,Billing dispute,1
TKT003622,CUST001751,2025-06-01,General inquiry,1
TKT003623,CUST001751,2025-07-01,Rewards points issue,1
TKT003624,CUST001751,2025-07-01,General inquiry,1
TKT003625,CUST001751,2025-08-01,Fraud concern,1
TKT003626,CUST001751,2025-08-01,App/website login issue,1
TKT003627,CUST001751,2025-09-01,General inquiry,1
TKT003628,CUST001751,2025-09-01,Requesting card cancellation,1
TKT003629,CUST001751,2025-09-01,Card not working,1
TKT003630,CUST001751,2025-10-01,Late payment inquiry,1
TKT003631,CUST001751,2025-11-01,Fee complaint,1
TKT003632,CUST001753,2025-01-01,Rewards points issue,1
TKT003633,CUST001753,2025-02-01,App/website login issue,1
TKT003634,CUST001753,2025-04-01,App/website login issue,1
TKT003635,CUST001753,2025-05-01,Billing dispute,1
TKT003636,CUST001753,2025-05-01,Billing dispute,1
TKT003637,CUST001753,2025-06-01,Fee complaint,1
TKT003638,CUST001753,2025-06-01,Requesting card cancellation,1
TKT003639,CUST001753,2025-06-01,Fee complaint,1
TKT003640,CUST001753,2025-08-01,Fraud concern,1
TKT003641,CUST001753,2025-09-01,Fee complaint,1
TKT003642,CUST001753,2025-10-01,Billing dispute,1
TKT003643,CUST001753,2025-10-01,Billing dispute,1
TKT003644,CUST001753,2025-11-01,Billing dispute,1
TKT003645,CUST001755,2025-06-01,General inquiry,0
TKT003646,CUST001759,2025-02-01,Rewards points issue,1
TKT003647,CUST001759,2025-02-01,Fee complaint,0
TKT003648,CUST001762,2025-08-01,Requesting credit limit increase,1
TKT003649,CUST001762,2025-08-01,Fee complaint,1
TKT003650,CUST001762,2025-08-01,Rewards points issue,1
TKT003651,CUST001762,2025-08-01,Late payment inquiry,1
TKT003652,CUST001762,2025-10-01,Rewards points issue,1
TKT003653,CUST001762,2025-10-01,Late payment inquiry,1
TKT003654,CUST001762,2025-10-01,Requesting card cancellation,1
TKT003655,CUST001772,2025-01-01,Card not working,1
TKT003656,CUST001772,2025-02-01,General inquiry,1
TKT003657,CUST001773,2025-02-01,Late payment inquiry,1
TKT003658,CUST001773,2025-02-01,Rewards points issue,1
TKT003659,CUST001773,2025-02-01,General inquiry,1
TKT003660,CUST001773,2025-03-01,Requesting card cancellation,0
TKT003661,CUST001776,2025-08-01,Fee complaint,1
TKT003662,CUST001776,2025-09-01,Fee complaint,1
TKT003663,CUST001776,2025-10-01,Late payment inquiry,0
TKT003664,CUST001777,2025-04-01,Billing dispute,1
TKT003665,CUST001779,2025-02-01,Fraud concern,1
TKT003666,CUST001779,2025-03-01,Requesting card cancellation,1
TKT003667,CUST001779,2025-04-01,Billing dispute,1
TKT003668,CUST001784,2025-03-01,Billing dispute,1
TKT003669,CUST001784,2025-06-01,General inquiry,1
TKT003670,CUST001784,2025-06-01,Rewards points issue,1
TKT003671,CUST001784,2025-06-01,Card not working,1
TKT003672,CUST001784,2025-07-01,Late payment inquiry,1
TKT003673,CUST001784,2025-08-01,App/website login issue,1
TKT003674,CUST001784,2025-08-01,App/website login issue,1
TKT003675,CUST001784,2025-09-01,Rewards points issue,1
TKT003676,CUST001784,2025-09-01,Late payment inquiry,1
TKT003677,CUST001784,2025-11-01,Rewards points issue,1
TKT003678,CUST001784,2025-12-01,Billing dispute,0
TKT003679,CUST001785,2025-03-01,Billing dispute,1
TKT003680,CUST001785,2025-03-01,App/website login issue,1
TKT003681,CUST001785,2025-05-01,Fee complaint,1
TKT003682,CUST001798,2025-10-01,General inquiry,1
TKT003683,CUST001798,2025-10-01,Billing dispute,1
TKT003684,CUST001809,2025-06-01,Late payment inquiry,1
TKT003685,CUST001809,2025-07-01,Rewards points issue,0
TKT003686,CUST001809,2025-08-01,Billing dispute,1
TKT003687,CUST001809,2025-08-01,Fee complaint,1
TKT003688,CUST001810,2025-07-01,Billing dispute,1
TKT003689,CUST001810,2025-08-01,Late payment inquiry,1
TKT003690,CUST001811,2025-07-01,App/website login issue,1
TKT003691,CUST001811,2025-07-01,Fee complaint,1
TKT003692,CUST001811,2025-08-01,General inquiry,1
TKT003693,CUST001811,2025-08-01,Billing dispute,1
TKT003694,CUST001811,2025-08-01,Fee complaint,1
TKT003695,CUST001814,2025-06-01,General inquiry,1
TKT003696,CUST001816,2025-01-01,App/website login issue,1
TKT003697,CUST001816,2025-02-01,Requesting credit limit increase,1
TKT003698,CUST001816,2025-02-01,Card not working,1
TKT003699,CUST001816,2025-03-01,Billing dispute,1
TKT003700,CUST001816,2025-04-01,App/website login issue,1
TKT003701,CUST001816,2025-04-01,General inquiry,1
TKT003702,CUST001816,2025-04-01,Late payment inquiry,0
TKT003703,CUST001816,2025-05-01,General inquiry,1
TKT003704,CUST001816,2025-06-01,Late payment inquiry,1
TKT003705,CUST001816,2025-06-01,Rewards points issue,1
TKT003706,CUST001816,2025-07-01,Late payment inquiry,1
TKT003707,CUST001816,2025-08-01,Late payment inquiry,1
TKT003708,CUST001816,2025-09-01,Late payment inquiry,0
TKT003709,CUST001816,2025-09-01,Fraud concern,1
TKT003710,CUST001816,2025-12-01,Fee complaint,1
TKT003711,CUST001816,2025-12-01,Fee complaint,1
TKT003712,CUST001818,2025-02-01,Requesting card cancellation,1
TKT003713,CUST001818,2025-03-01,Billing dispute,1
TKT003714,CUST001822,2025-04-01,Billing dispute,1
TKT003715,CUST001822,2025-05-01,General inquiry,1
TKT003716,CUST001822,2025-05-01,Billing dispute,1
TKT003717,CUST001822,2025-05-01,Requesting card cancellation,1
TKT003718,CUST001822,2025-06-01,Fraud concern,1
TKT003719,CUST001824,2025-08-01,Billing dispute,1
TKT003720,CUST001828,2025-03-01,App/website login issue,1
TKT003721,CUST001828,2025-03-01,Billing dispute,0
TKT003722,CUST001828,2025-05-01,Fee complaint,1
TKT003723,CUST001828,2025-06-01,Fee complaint,1
TKT003724,CUST001828,2025-09-01,General inquiry,1
TKT003725,CUST001828,2025-09-01,Fee complaint,1
TKT003726,CUST001828,2025-09-01,Requesting credit limit increase,1
TKT003727,CUST001828,2025-10-01,App/website login issue,1
TKT003728,CUST001828,2025-12-01,Card not working,1
TKT003729,CUST001828,2025-12-01,Late payment inquiry,1
TKT003730,CUST001834,2025-01-01,Fee complaint,1
TKT003731,CUST001834,2025-01-01,General inquiry,1
TKT003732,CUST001834,2025-02-01,Card not working,1
TKT003733,CUST001834,2025-02-01,Card not working,1
TKT003734,CUST001837,2025-10-01,Requesting card cancellation,1
TKT003735,CUST001837,2025-11-01,Card not working,0
TKT003736,CUST001837,2025-11-01,Requesting card cancellation,1
TKT003737,CUST001837,2025-11-01,Rewards points issue,1
TKT003738,CUST001842,2025-01-01,Fee complaint,1
TKT003739,CUST001842,2025-04-01,Fraud concern,0
TKT003740,CUST001844,2025-01-01,Late payment inquiry,1
TKT003741,CUST001847,2025-01-01,App/website login issue,1
TKT003742,CUST001847,2025-01-01,Billing dispute,1
TKT003743,CUST001852,2025-02-01,Fee complaint,1
TKT003744,CUST001852,2025-03-01,Billing dispute,1
TKT003745,CUST001852,2025-08-01,Requesting card cancellation,1
TKT003746,CUST001852,2025-08-01,Billing dispute,1
TKT003747,CUST001852,2025-11-01,Requesting card cancellation,1
TKT003748,CUST001852,2025-11-01,Fee complaint,1
TKT003749,CUST001855,2025-03-01,General inquiry,0
TKT003750,CUST001855,2025-04-01,Fee complaint,1
TKT003751,CUST001859,2025-10-01,Requesting credit limit increase,1
TKT003752,CUST001859,2025-10-01,General inquiry,1
TKT003753,CUST001859,2025-11-01,Fraud concern,0
TKT003754,CUST001859,2025-11-01,Billing dispute,1
TKT003755,CUST001861,2025-07-01,Card not working,1
TKT003756,CUST001861,2025-09-01,Rewards points issue,1
TKT003757,CUST001864,2025-03-01,App/website login issue,1
TKT003758,CUST001864,2025-03-01,Requesting card cancellation,0
TKT003759,CUST001864,2025-04-01,Billing dispute,1
TKT003760,CUST001864,2025-04-01,Fee complaint,1
TKT003761,CUST001864,2025-05-01,App/website login issue,1
TKT003762,CUST001865,2025-08-01,App/website login issue,1
TKT003763,CUST001865,2025-10-01,Billing dispute,1
TKT003764,CUST001868,2025-01-01,General inquiry,1
TKT003765,CUST001868,2025-01-01,Fraud concern,0
TKT003766,CUST001868,2025-02-01,Requesting card cancellation,1
TKT003767,CUST001868,2025-03-01,Requesting card cancellation,1
TKT003768,CUST001868,2025-03-01,Fee complaint,1
TKT003769,CUST001868,2025-04-01,Rewards points issue,1
TKT003770,CUST001868,2025-04-01,Requesting card cancellation,1
TKT003771,CUST001868,2025-06-01,Card not working,1
TKT003772,CUST001868,2025-06-01,Fee complaint,1
TKT003773,CUST001868,2025-09-01,General inquiry,1
TKT003774,CUST001868,2025-10-01,Billing dispute,1
TKT003775,CUST001868,2025-11-01,Fee complaint,1
TKT003776,CUST001868,2025-11-01,Requesting card cancellation,1
TKT003777,CUST001868,2025-12-01,Billing dispute,1
TKT003778,CUST001868,2025-12-01,Late payment inquiry,1
TKT003779,CUST001877,2025-03-01,Requesting card cancellation,1
TKT003780,CUST001877,2025-04-01,App/website login issue,1
TKT003781,CUST001877,2025-05-01,Fee complaint,1
TKT003782,CUST001877,2025-06-01,Rewards points issue,1
TKT003783,CUST001877,2025-06-01,Billing dispute,1
TKT003784,CUST001877,2025-09-01,Card not working,1
TKT003785,CUST001877,2025-10-01,Card not working,1
TKT003786,CUST001877,2025-11-01,App/website login issue,0
TKT003787,CUST001878,2025-02-01,Rewards points issue,1
TKT003788,CUST001878,2025-05-01,Rewards points issue,1
TKT003789,CUST001878,2025-08-01,Requesting card cancellation,1
TKT003790,CUST001878,2025-09-01,Card not working,1
TKT003791,CUST001887,2025-04-01,Fraud concern,1
TKT003792,CUST001887,2025-04-01,Requesting card cancellation,1
TKT003793,CUST001887,2025-04-01,Late payment inquiry,1
TKT003794,CUST001887,2025-05-01,Card not working,1
TKT003795,CUST001887,2025-06-01,Fee complaint,0
TKT003796,CUST001891,2025-02-01,General inquiry,1
TKT003797,CUST001891,2025-02-01,App/website login issue,1
TKT003798,CUST001891,2025-04-01,Billing dispute,1
TKT003799,CUST001891,2025-05-01,Billing dispute,1
TKT003800,CUST001891,2025-05-01,Card not working,1
TKT003801,CUST001891,2025-09-01,Late payment inquiry,1
TKT003802,CUST001891,2025-10-01,Late payment inquiry,1
TKT003803,CUST001891,2025-10-01,Rewards points issue,1
TKT003804,CUST001891,2025-10-01,Billing dispute,1
TKT003805,CUST001891,2025-12-01,Requesting card cancellation,1
TKT003806,CUST001893,2025-09-01,Fee complaint,1
TKT003807,CUST001893,2025-10-01,Fee complaint,1
TKT003808,CUST001893,2025-10-01,Requesting card cancellation,1
TKT003809,CUST001895,2025-06-01,Billing dispute,1
TKT003810,CUST001895,2025-08-01,General inquiry,1
TKT003811,CUST001899,2025-01-01,Requesting card cancellation,1
TKT003812,CUST001899,2025-06-01,Billing dispute,1
TKT003813,CUST001899,2025-06-01,Card not working,1
TKT003814,CUST001899,2025-08-01,Late payment inquiry,1
TKT003815,CUST001899,2025-08-01,Card not working,1
TKT003816,CUST001899,2025-09-01,Fee complaint,0
TKT003817,CUST001899,2025-10-01,Fee complaint,1
TKT003818,CUST001899,2025-10-01,General inquiry,1
TKT003819,CUST001901,2025-01-01,Rewards points issue,1
TKT003820,CUST001901,2025-03-01,Fraud concern,1
TKT003821,CUST001901,2025-05-01,Requesting card cancellation,1
TKT003822,CUST001901,2025-05-01,Late payment inquiry,0
TKT003823,CUST001901,2025-06-01,Fee complaint,1
TKT003824,CUST001901,2025-06-01,Late payment inquiry,1
TKT003825,CUST001901,2025-06-01,Card not working,1
TKT003826,CUST001901,2025-07-01,Billing dispute,0
TKT003827,CUST001901,2025-08-01,Fee complaint,1
TKT003828,CUST001901,2025-08-01,Fee complaint,1
TKT003829,CUST001901,2025-08-01,Card not working,1
TKT003830,CUST001901,2025-10-01,Billing dispute,1
TKT003831,CUST001904,2025-03-01,Card not working,1
TKT003832,CUST001904,2025-06-01,Fee complaint,0
TKT003833,CUST001904,2025-06-01,Requesting credit limit increase,1
TKT003834,CUST001904,2025-07-01,Billing dispute,0
TKT003835,CUST001904,2025-07-01,Fee complaint,1
TKT003836,CUST001904,2025-09-01,App/website login issue,1
TKT003837,CUST001904,2025-10-01,Rewards points issue,1
TKT003838,CUST001904,2025-11-01,Fee complaint,1
TKT003839,CUST001904,2025-12-01,Card not working,1
TKT003840,CUST001904,2025-12-01,Requesting credit limit increase,0
TKT003841,CUST001908,2025-09-01,Fee complaint,1
TKT003842,CUST001908,2025-11-01,Card not working,1
TKT003843,CUST001913,2025-06-01,Requesting credit limit increase,1
TKT003844,CUST001913,2025-08-01,Requesting card cancellation,1
TKT003845,CUST001914,2025-04-01,Rewards points issue,1
TKT003846,CUST001914,2025-04-01,Billing dispute,1
TKT003847,CUST001914,2025-05-01,Requesting credit limit increase,0
TKT003848,CUST001914,2025-06-01,Late payment inquiry,1
TKT003849,CUST001917,2025-01-01,Late payment inquiry,1
TKT003850,CUST001917,2025-02-01,Fee complaint,1
TKT003851,CUST001917,2025-03-01,Billing dispute,1
TKT003852,CUST001917,2025-07-01,Requesting card cancellation,1
TKT003853,CUST001917,2025-08-01,App/website login issue,1
TKT003854,CUST001917,2025-10-01,Billing dispute,1
TKT003855,CUST001917,2025-10-01,Requesting card cancellation,1
TKT003856,CUST001917,2025-11-01,Billing dispute,1
TKT003857,CUST001918,2025-03-01,Requesting credit limit increase,1
TKT003858,CUST001918,2025-05-01,Requesting credit limit increase,1
TKT003859,CUST001921,2025-07-01,Billing dispute,0
TKT003860,CUST001921,2025-08-01,Rewards points issue,1
TKT003861,CUST001921,2025-08-01,Late payment inquiry,1
TKT003862,CUST001921,2025-09-01,Requesting credit limit increase,1
TKT003863,CUST001921,2025-09-01,Late payment inquiry,1
TKT003864,CUST001927,2025-01-01,Fraud concern,1
TKT003865,CUST001927,2025-01-01,Late payment inquiry,1
TKT003866,CUST001927,2025-03-01,Rewards points issue,0
TKT003867,CUST001927,2025-04-01,Requesting card cancellation,1
TKT003868,CUST001927,2025-04-01,Fee complaint,1
TKT003869,CUST001927,2025-05-01,Billing dispute,0
TKT003870,CUST001927,2025-06-01,Fraud concern,1
TKT003871,CUST001927,2025-06-01,General inquiry,1
TKT003872,CUST001927,2025-09-01,Billing dispute,1
TKT003873,CUST001927,2025-11-01,Card not working,1
TKT003874,CUST001927,2025-12-01,App/website login issue,1
TKT003875,CUST001928,2025-01-01,Rewards points issue,1
TKT003876,CUST001928,2025-01-01,Requesting card cancellation,1
TKT003877,CUST001928,2025-01-01,General inquiry,1
TKT003878,CUST001934,2025-09-01,App/website login issue,1
TKT003879,CUST001934,2025-09-01,Billing dispute,1
TKT003880,CUST001935,2025-03-01,Rewards points issue,1
TKT003881,CUST001935,2025-04-01,Fee complaint,1
TKT003882,CUST001935,2025-05-01,Billing dispute,1
TKT003883,CUST001935,2025-05-01,Requesting card cancellation,1
TKT003884,CUST001936,2025-01-01,Card not working,1
TKT003885,CUST001936,2025-01-01,Late payment inquiry,1
TKT003886,CUST001936,2025-01-01,App/website login issue,1
TKT003887,CUST001936,2025-03-01,Requesting card cancellation,0
TKT003888,CUST001936,2025-03-01,Rewards points issue,1
TKT003889,CUST001936,2025-04-01,Requesting card cancellation,1
TKT003890,CUST001936,2025-04-01,Requesting card cancellation,0
TKT003891,CUST001936,2025-04-01,Requesting card cancellation,0
TKT003892,CUST001936,2025-06-01,Fee complaint,1
TKT003893,CUST001936,2025-09-01,App/website login issue,1
TKT003894,CUST001936,2025-09-01,Requesting credit limit increase,1
TKT003895,CUST001936,2025-10-01,General inquiry,0
TKT003896,CUST001936,2025-10-01,Billing dispute,1
TKT003897,CUST001936,2025-11-01,App/website login issue,1
TKT003898,CUST001936,2025-11-01,Billing dispute,1
TKT003899,CUST001936,2025-12-01,Fee complaint,1
TKT003900,CUST001938,2025-04-01,App/website login issue,1
TKT003901,CUST001938,2025-04-01,Card not working,0
TKT003902,CUST001938,2025-04-01,Requesting card cancellation,1
TKT003903,CUST001938,2025-05-01,Requesting credit limit increase,1
TKT003904,CUST001938,2025-05-01,General inquiry,1
TKT003905,CUST001938,2025-06-01,Fee complaint,1
TKT003906,CUST001938,2025-07-01,App/website login issue,1
TKT003907,CUST001938,2025-07-01,Billing dispute,1
TKT003908,CUST001938,2025-08-01,App/website login issue,1
TKT003909,CUST001938,2025-08-01,App/website login issue,1
TKT003910,CUST001938,2025-10-01,Billing dispute,1
TKT003911,CUST001938,2025-10-01,Billing dispute,1
TKT003912,CUST001950,2025-03-01,Late payment inquiry,1
TKT003913,CUST001950,2025-04-01,Billing dispute,1
TKT003914,CUST001950,2025-09-01,Fee complaint,1
TKT003915,CUST001950,2025-10-01,Late payment inquiry,1
TKT003916,CUST001950,2025-11-01,Requesting credit limit increase,1
TKT003917,CUST001950,2025-12-01,Fraud concern,1
TKT003918,CUST001950,2025-12-01,Fee complaint,1
TKT003919,CUST001951,2025-04-01,App/website login issue,1
TKT003920,CUST001951,2025-06-01,Late payment inquiry,1
TKT003921,CUST001951,2025-06-01,Fraud concern,1
TKT003922,CUST001955,2025-05-01,Late payment inquiry,1
TKT003923,CUST001955,2025-05-01,Card not working,1
TKT003924,CUST001955,2025-06-01,Requesting card cancellation,1
TKT003925,CUST001955,2025-07-01,General inquiry,1
TKT003926,CUST001957,2025-01-01,Card not working,0
TKT003927,CUST001957,2025-02-01,Billing dispute,0
TKT003928,CUST001957,2025-04-01,Late payment inquiry,1
TKT003929,CUST001957,2025-04-01,Rewards points issue,1
TKT003930,CUST001957,2025-04-01,Requesting card cancellation,1
TKT003931,CUST001957,2025-05-01,Requesting credit limit increase,1
TKT003932,CUST001957,2025-06-01,Card not working,1
TKT003933,CUST001957,2025-08-01,Card not working,1
TKT003934,CUST001957,2025-09-01,General inquiry,1
TKT003935,CUST001957,2025-11-01,Card not working,1
TKT003936,CUST001957,2025-11-01,Rewards points issue,1
TKT003937,CUST001957,2025-12-01,Rewards points issue,1
TKT003938,CUST001971,2025-04-01,Card not working,1
TKT003939,CUST001971,2025-05-01,Fee complaint,1
TKT003940,CUST001971,2025-05-01,General inquiry,1
TKT003941,CUST001971,2025-06-01,App/website login issue,1
TKT003942,CUST001971,2025-06-01,Fee complaint,1
TKT003943,CUST001976,2025-01-01,Requesting card cancellation,1
TKT003944,CUST001976,2025-01-01,Billing dispute,1
TKT003945,CUST001976,2025-01-01,Requesting credit limit increase,1
TKT003946,CUST001976,2025-01-01,Rewards points issue,1
TKT003947,CUST001976,2025-03-01,Late payment inquiry,1
TKT003948,CUST001976,2025-03-01,Card not working,0
TKT003949,CUST001980,2025-07-01,Billing dispute,1
TKT003950,CUST001980,2025-08-01,Billing dispute,1
TKT003951,CUST001980,2025-09-01,Billing dispute,1
TKT003952,CUST001980,2025-09-01,App/website login issue,1
TKT003953,CUST001986,2025-02-01,Billing dispute,0
TKT003954,CUST001986,2025-02-01,Fee complaint,1
TKT003955,CUST001986,2025-02-01,App/website login issue,1
TKT003956,CUST001986,2025-03-01,Late payment inquiry,1
TKT003957,CUST001986,2025-03-01,Fee complaint,0
TKT003958,CUST001986,2025-03-01,General inquiry,0
TKT003959,CUST001986,2025-04-01,Card not working,1
TKT003960,CUST001986,2025-04-01,Late payment inquiry,1
TKT003961,CUST001986,2025-05-01,Late payment inquiry,1
TKT003962,CUST001986,2025-07-01,Card not working,1
TKT003963,CUST001986,2025-07-01,Requesting card cancellation,1
TKT003964,CUST001986,2025-07-01,Rewards points issue,1
TKT003965,CUST001986,2025-08-01,Fee complaint,1
TKT003966,CUST001986,2025-08-01,Rewards points issue,1
TKT003967,CUST001986,2025-09-01,App/website login issue,0
TKT003968,CUST001986,2025-10-01,Fee complaint,1
TKT003969,CUST001986,2025-11-01,Fraud concern,1
TKT003970,CUST001990,2025-01-01,Rewards points issue,1
TKT003971,CUST001990,2025-04-01,Billing dispute,1
TKT003972,CUST001990,2025-04-01,Rewards points issue,1
TKT003973,CUST001990,2025-04-01,Fee complaint,1
TKT003974,CUST001990,2025-05-01,Fee complaint,0
TKT003975,CUST001990,2025-05-01,Requesting card cancellation,1
TKT003976,CUST001990,2025-06-01,Billing dispute,1
TKT003977,CUST001990,2025-08-01,Card not working,1
TKT003978,CUST001990,2025-08-01,General inquiry,1
TKT003979,CUST001991,2025-03-01,Card not working,1
TKT003980,CUST001991,2025-03-01,Rewards points issue,0
TKT003981,CUST001993,2025-01-01,Requesting card cancellation,1
TKT003982,CUST001993,2025-01-01,Card not working,1
TKT003983,CUST001993,2025-02-01,Billing dispute,1
TKT003984,CUST001993,2025-03-01,Late payment inquiry,1
TKT003985,CUST001993,2025-03-01,Rewards points issue,1
TKT003986,CUST001996,2025-01-01,Requesting card cancellation,0
TKT003987,CUST001996,2025-02-01,Requesting card cancellation,1
TKT003988,CUST001996,2025-03-01,Fee complaint,0
TKT003989,CUST001996,2025-04-01,General inquiry,1
TKT003990,CUST001996,2025-04-01,App/website login issue,1
TKT003991,CUST001996,2025-05-01,Late payment inquiry,1
TKT003992,CUST001996,2025-07-01,General inquiry,1
TKT003993,CUST001996,2025-10-01,App/website login issue,1
TKT003994,CUST001996,2025-12-01,Fee complaint,1
TKT003995,CUST001998,2025-09-01,Fee complaint,1
TKT003996,CUST001998,2025-09-01,Requesting credit limit increase,1
TKT003997,CUST001998,2025-11-01,Requesting card cancellation,1
TKT003998,CUST001998,2025-11-01,Rewards points issue,1
TKT003999,CUST001998,2025-11-01,Rewards points issue,1
TKT004000,CUST002003,2025-02-01,Late payment inquiry,1
TKT004001,CUST002003,2025-03-01,Fee complaint,1
TKT004002,CUST002003,2025-03-01,Rewards points issue,1
TKT004003,CUST002003,2025-03-01,Card not working,0
TKT004004,CUST002003,2025-03-01,Late payment inquiry,1
TKT004005,CUST002003,2025-04-01,Billing dispute,1
TKT004006,CUST002003,2025-04-01,Fee complaint,1
TKT004007,CUST002003,2025-07-01,Rewards points issue,1
TKT004008,CUST002003,2025-08-01,General inquiry,0
TKT004009,CUST002003,2025-09-01,Billing dispute,1
TKT004010,CUST002003,2025-10-01,Rewards points issue,1
TKT004011,CUST002003,2025-10-01,Requesting card cancellation,1
TKT004012,CUST002003,2025-10-01,Late payment inquiry,1
TKT004013,CUST002003,2025-11-01,App/website login issue,0
TKT004014,CUST002003,2025-11-01,General inquiry,1
TKT004015,CUST002005,2025-08-01,Fee complaint,1
TKT004016,CUST002005,2025-08-01,Late payment inquiry,1
TKT004017,CUST002005,2025-08-01,Card not working,1
TKT004018,CUST002005,2025-09-01,General inquiry,1
TKT004019,CUST002006,2025-02-01,Fee complaint,1
TKT004020,CUST002009,2025-01-01,Late payment inquiry,0
TKT004021,CUST002009,2025-01-01,General inquiry,1
TKT004022,CUST002009,2025-01-01,App/website login issue,1
TKT004023,CUST002009,2025-01-01,Billing dispute,1
TKT004024,CUST002009,2025-03-01,Billing dispute,1
TKT004025,CUST002009,2025-04-01,Late payment inquiry,1
TKT004026,CUST002009,2025-05-01,Rewards points issue,1
TKT004027,CUST002009,2025-06-01,Card not working,1
TKT004028,CUST002009,2025-06-01,Requesting card cancellation,1
TKT004029,CUST002009,2025-07-01,Requesting credit limit increase,1
TKT004030,CUST002009,2025-10-01,Rewards points issue,1
TKT004031,CUST002009,2025-11-01,App/website login issue,1
TKT004032,CUST002009,2025-11-01,Requesting card cancellation,1
TKT004033,CUST002009,2025-11-01,Fee complaint,1
TKT004034,CUST002009,2025-11-01,App/website login issue,1
TKT004035,CUST002009,2025-12-01,App/website login issue,1
TKT004036,CUST002009,2025-12-01,Fee complaint,0
TKT004037,CUST002011,2025-03-01,Card not working,1
TKT004038,CUST002011,2025-05-01,Card not working,1
TKT004039,CUST002013,2025-01-01,Card not working,1
TKT004040,CUST002013,2025-03-01,Requesting credit limit increase,1
TKT004041,CUST002013,2025-05-01,Card not working,1
TKT004042,CUST002013,2025-07-01,Fee complaint,1
TKT004043,CUST002013,2025-08-01,App/website login issue,1
TKT004044,CUST002013,2025-09-01,Requesting credit limit increase,0
TKT004045,CUST002013,2025-09-01,General inquiry,1
TKT004046,CUST002013,2025-09-01,Fee complaint,1
TKT004047,CUST002013,2025-10-01,Rewards points issue,1
TKT004048,CUST002014,2025-03-01,General inquiry,1
TKT004049,CUST002016,2025-02-01,Fee complaint,1
TKT004050,CUST002016,2025-02-01,Requesting credit limit increase,0
TKT004051,CUST002016,2025-02-01,Billing dispute,1
TKT004052,CUST002016,2025-03-01,General inquiry,1
TKT004053,CUST002016,2025-03-01,Card not working,1
TKT004054,CUST002016,2025-04-01,Late payment inquiry,1
TKT004055,CUST002016,2025-05-01,Card not working,1
TKT004056,CUST002016,2025-07-01,Billing dispute,1
TKT004057,CUST002016,2025-09-01,General inquiry,0
TKT004058,CUST002016,2025-09-01,Card not working,1
TKT004059,CUST002016,2025-10-01,Billing dispute,1
TKT004060,CUST002016,2025-11-01,General inquiry,0
TKT004061,CUST002019,2025-07-01,Fee complaint,1
TKT004062,CUST002019,2025-07-01,Card not working,1
TKT004063,CUST002019,2025-08-01,Late payment inquiry,1
TKT004064,CUST002026,2025-09-01,Card not working,1
TKT004065,CUST002027,2025-01-01,Billing dispute,1
TKT004066,CUST002027,2025-05-01,Card not working,1
TKT004067,CUST002027,2025-05-01,Billing dispute,1
TKT004068,CUST002027,2025-06-01,App/website login issue,0
TKT004069,CUST002027,2025-06-01,Rewards points issue,1
TKT004070,CUST002027,2025-07-01,Card not working,1
TKT004071,CUST002027,2025-08-01,Fee complaint,1
TKT004072,CUST002027,2025-09-01,Late payment inquiry,1
TKT004073,CUST002027,2025-09-01,Requesting card cancellation,1
TKT004074,CUST002027,2025-10-01,Fee complaint,0
TKT004075,CUST002027,2025-12-01,Billing dispute,1
TKT004076,CUST002037,2025-09-01,Rewards points issue,1
TKT004077,CUST002039,2025-01-01,Fee complaint,1
TKT004078,CUST002039,2025-03-01,Billing dispute,1
TKT004079,CUST002041,2025-03-01,App/website login issue,1
TKT004080,CUST002041,2025-03-01,Requesting card cancellation,1
TKT004081,CUST002041,2025-05-01,Fee complaint,0
TKT004082,CUST002041,2025-06-01,General inquiry,1
TKT004083,CUST002041,2025-12-01,Requesting credit limit increase,1
TKT004084,CUST002042,2025-03-01,Late payment inquiry,1
TKT004085,CUST002042,2025-04-01,Billing dispute,1
TKT004086,CUST002042,2025-04-01,Requesting card cancellation,1
TKT004087,CUST002042,2025-05-01,Card not working,1
TKT004088,CUST002042,2025-06-01,Fee complaint,1
TKT004089,CUST002042,2025-06-01,Fee complaint,1
TKT004090,CUST002042,2025-06-01,Billing dispute,1
TKT004091,CUST002042,2025-07-01,Fee complaint,1
TKT004092,CUST002042,2025-10-01,App/website login issue,1
TKT004093,CUST002042,2025-12-01,Late payment inquiry,1
TKT004094,CUST002050,2025-08-01,Requesting credit limit increase,1
TKT004095,CUST002050,2025-09-01,Fee complaint,1
TKT004096,CUST002054,2025-01-01,Card not working,1
TKT004097,CUST002054,2025-01-01,Late payment inquiry,1
TKT004098,CUST002054,2025-01-01,Billing dispute,1
TKT004099,CUST002054,2025-01-01,Billing dispute,1
TKT004100,CUST002054,2025-02-01,Late payment inquiry,1
TKT004101,CUST002054,2025-02-01,General inquiry,1
TKT004102,CUST002054,2025-02-01,Requesting card cancellation,1
TKT004103,CUST002054,2025-02-01,Rewards points issue,1
TKT004104,CUST002054,2025-03-01,App/website login issue,1
TKT004105,CUST002054,2025-03-01,Late payment inquiry,1
TKT004106,CUST002054,2025-03-01,Fee complaint,1
TKT004107,CUST002054,2025-03-01,Rewards points issue,1
TKT004108,CUST002054,2025-04-01,Fee complaint,1
TKT004109,CUST002054,2025-05-01,Fraud concern,1
TKT004110,CUST002054,2025-06-01,Late payment inquiry,1
TKT004111,CUST002054,2025-07-01,Fee complaint,1
TKT004112,CUST002054,2025-07-01,Fraud concern,1
TKT004113,CUST002054,2025-07-01,Rewards points issue,1
TKT004114,CUST002054,2025-08-01,General inquiry,1
TKT004115,CUST002054,2025-08-01,Billing dispute,1
TKT004116,CUST002054,2025-08-01,Requesting card cancellation,1
TKT004117,CUST002054,2025-08-01,Fee complaint,0
TKT004118,CUST002054,2025-08-01,App/website login issue,1
TKT004119,CUST002054,2025-09-01,Billing dispute,1
TKT004120,CUST002054,2025-09-01,Billing dispute,0
TKT004121,CUST002054,2025-09-01,App/website login issue,1
TKT004122,CUST002054,2025-09-01,Fee complaint,0
TKT004123,CUST002054,2025-10-01,General inquiry,1
TKT004124,CUST002054,2025-11-01,Billing dispute,1
TKT004125,CUST002054,2025-11-01,Fee complaint,1
TKT004126,CUST002054,2025-12-01,Card not working,1
TKT004127,CUST002054,2025-12-01,Late payment inquiry,1
TKT004128,CUST002058,2025-01-01,Requesting card cancellation,1
TKT004129,CUST002058,2025-02-01,Rewards points issue,1
TKT004130,CUST002058,2025-04-01,Card not working,0
TKT004131,CUST002058,2025-06-01,Rewards points issue,1
TKT004132,CUST002058,2025-07-01,Requesting card cancellation,1
TKT004133,CUST002058,2025-07-01,Billing dispute,1
TKT004134,CUST002058,2025-08-01,Billing dispute,1
TKT004135,CUST002058,2025-08-01,App/website login issue,1
TKT004136,CUST002058,2025-10-01,Billing dispute,0
TKT004137,CUST002058,2025-11-01,Card not working,1
TKT004138,CUST002058,2025-12-01,App/website login issue,1
TKT004139,CUST002058,2025-12-01,Requesting card cancellation,0
TKT004140,CUST002061,2025-02-01,Card not working,1
TKT004141,CUST002061,2025-02-01,Requesting credit limit increase,1
TKT004142,CUST002062,2025-04-01,Late payment inquiry,0
TKT004143,CUST002062,2025-04-01,App/website login issue,1
TKT004144,CUST002062,2025-05-01,Fee complaint,1
TKT004145,CUST002062,2025-06-01,Fee complaint,1
TKT004146,CUST002062,2025-06-01,Billing dispute,1
TKT004147,CUST002062,2025-06-01,Fee complaint,0
TKT004148,CUST002062,2025-06-01,Fraud concern,1
TKT004149,CUST002067,2025-01-01,Billing dispute,1
TKT004150,CUST002067,2025-01-01,Rewards points issue,1
TKT004151,CUST002067,2025-02-01,App/website login issue,1
TKT004152,CUST002067,2025-02-01,Rewards points issue,1
TKT004153,CUST002067,2025-02-01,Rewards points issue,1
TKT004154,CUST002067,2025-02-01,Late payment inquiry,1
TKT004155,CUST002067,2025-02-01,App/website login issue,1
TKT004156,CUST002067,2025-03-01,Card not working,1
TKT004157,CUST002067,2025-03-01,Late payment inquiry,1
TKT004158,CUST002067,2025-05-01,Fee complaint,1
TKT004159,CUST002067,2025-05-01,General inquiry,1
TKT004160,CUST002067,2025-06-01,Billing dispute,1
TKT004161,CUST002067,2025-06-01,Fraud concern,1
TKT004162,CUST002067,2025-06-01,Billing dispute,1
TKT004163,CUST002067,2025-07-01,Billing dispute,1
TKT004164,CUST002067,2025-07-01,Card not working,1
TKT004165,CUST002067,2025-08-01,App/website login issue,1
TKT004166,CUST002067,2025-08-01,Fee complaint,1
TKT004167,CUST002067,2025-11-01,Requesting credit limit increase,1
TKT004168,CUST002067,2025-11-01,Billing dispute,1
TKT004169,CUST002067,2025-11-01,App/website login issue,1
TKT004170,CUST002068,2025-03-01,Requesting credit limit increase,1
TKT004171,CUST002068,2025-03-01,Late payment inquiry,1
TKT004172,CUST002068,2025-03-01,App/website login issue,1
TKT004173,CUST002068,2025-04-01,Late payment inquiry,0
TKT004174,CUST002068,2025-04-01,Late payment inquiry,1
TKT004175,CUST002068,2025-06-01,Fraud concern,1
TKT004176,CUST002068,2025-06-01,Fraud concern,1
TKT004177,CUST002068,2025-06-01,Billing dispute,1
TKT004178,CUST002068,2025-06-01,Rewards points issue,1
TKT004179,CUST002068,2025-07-01,Late payment inquiry,1
TKT004180,CUST002068,2025-07-01,Late payment inquiry,0
TKT004181,CUST002068,2025-07-01,Late payment inquiry,1
TKT004182,CUST002068,2025-08-01,General inquiry,1
TKT004183,CUST002068,2025-08-01,Card not working,0
TKT004184,CUST002068,2025-08-01,Requesting card cancellation,1
TKT004185,CUST002068,2025-10-01,Billing dispute,1
TKT004186,CUST002068,2025-10-01,App/website login issue,1
TKT004187,CUST002068,2025-11-01,General inquiry,1
TKT004188,CUST002068,2025-11-01,Card not working,1
TKT004189,CUST002071,2025-06-01,Requesting credit limit increase,1
TKT004190,CUST002071,2025-07-01,Requesting card cancellation,1
TKT004191,CUST002071,2025-07-01,App/website login issue,1
TKT004192,CUST002071,2025-08-01,Card not working,0
TKT004193,CUST002078,2025-09-01,Fraud concern,1
TKT004194,CUST002078,2025-10-01,Requesting card cancellation,1
TKT004195,CUST002079,2025-01-01,Rewards points issue,1
TKT004196,CUST002079,2025-03-01,App/website login issue,1
TKT004197,CUST002085,2025-07-01,Billing dispute,1
TKT004198,CUST002085,2025-08-01,General inquiry,1
TKT004199,CUST002085,2025-08-01,Fee complaint,1
TKT004200,CUST002088,2025-01-01,App/website login issue,1
TKT004201,CUST002088,2025-01-01,Fee complaint,1
TKT004202,CUST002088,2025-01-01,Requesting credit limit increase,1
TKT004203,CUST002088,2025-02-01,Fee complaint,1
TKT004204,CUST002091,2025-03-01,Requesting card cancellation,1
TKT004205,CUST002093,2025-03-01,Fee complaint,1
TKT004206,CUST002093,2025-04-01,Billing dispute,1
TKT004207,CUST002093,2025-04-01,App/website login issue,1
TKT004208,CUST002093,2025-08-01,Fee complaint,1
TKT004209,CUST002093,2025-08-01,Fee complaint,1
TKT004210,CUST002095,2025-01-01,Fee complaint,1
TKT004211,CUST002095,2025-01-01,Requesting card cancellation,0
TKT004212,CUST002095,2025-02-01,Fee complaint,0
TKT004213,CUST002095,2025-02-01,Rewards points issue,1
TKT004214,CUST002095,2025-03-01,Requesting credit limit increase,1
TKT004215,CUST002095,2025-03-01,Requesting card cancellation,1
TKT004216,CUST002095,2025-03-01,Billing dispute,0
TKT004217,CUST002095,2025-03-01,App/website login issue,1
TKT004218,CUST002095,2025-04-01,App/website login issue,0
TKT004219,CUST002095,2025-04-01,Billing dispute,0
TKT004220,CUST002095,2025-07-01,Rewards points issue,1
TKT004221,CUST002095,2025-07-01,Fee complaint,0
TKT004222,CUST002095,2025-08-01,Requesting card cancellation,1
TKT004223,CUST002095,2025-08-01,General inquiry,1
TKT004224,CUST002095,2025-08-01,General inquiry,1
TKT004225,CUST002095,2025-08-01,Billing dispute,1
TKT004226,CUST002095,2025-09-01,Rewards points issue,1
TKT004227,CUST002095,2025-09-01,General inquiry,1
TKT004228,CUST002095,2025-09-01,Fee complaint,1
TKT004229,CUST002095,2025-09-01,Billing dispute,1
TKT004230,CUST002095,2025-10-01,Card not working,1
TKT004231,CUST002095,2025-10-01,Rewards points issue,1
TKT004232,CUST002095,2025-11-01,General inquiry,1
TKT004233,CUST002095,2025-11-01,General inquiry,1
TKT004234,CUST002095,2025-11-01,Requesting credit limit increase,1
TKT004235,CUST002095,2025-11-01,Fraud concern,1
TKT004236,CUST002095,2025-12-01,Fee complaint,1
TKT004237,CUST002095,2025-12-01,Fraud concern,1
TKT004238,CUST002095,2025-12-01,Late payment inquiry,0
TKT004239,CUST002096,2025-01-01,Rewards points issue,1
TKT004240,CUST002096,2025-01-01,Fraud concern,1
TKT004241,CUST002096,2025-02-01,Billing dispute,1
TKT004242,CUST002096,2025-03-01,Requesting card cancellation,1
TKT004243,CUST002096,2025-03-01,Late payment inquiry,1
TKT004244,CUST002096,2025-03-01,Card not working,1
TKT004245,CUST002096,2025-05-01,App/website login issue,1
TKT004246,CUST002096,2025-06-01,Late payment inquiry,1
TKT004247,CUST002096,2025-07-01,App/website login issue,1
TKT004248,CUST002096,2025-09-01,App/website login issue,0
TKT004249,CUST002096,2025-09-01,Late payment inquiry,1
TKT004250,CUST002096,2025-09-01,Late payment inquiry,1
TKT004251,CUST002096,2025-11-01,Billing dispute,1
TKT004252,CUST002096,2025-12-01,Fee complaint,1
TKT004253,CUST002096,2025-12-01,Fraud concern,1
TKT004254,CUST002098,2025-01-01,Requesting card cancellation,1
TKT004255,CUST002098,2025-01-01,Late payment inquiry,1
TKT004256,CUST002098,2025-02-01,Card not working,1
TKT004257,CUST002098,2025-03-01,Requesting card cancellation,1
TKT004258,CUST002098,2025-03-01,App/website login issue,1
TKT004259,CUST002098,2025-06-01,General inquiry,1
TKT004260,CUST002098,2025-08-01,Billing dispute,1
TKT004261,CUST002098,2025-08-01,Late payment inquiry,1
TKT004262,CUST002098,2025-09-01,Card not working,0
TKT004263,CUST002098,2025-10-01,Requesting credit limit increase,1
TKT004264,CUST002098,2025-11-01,Fraud concern,1
TKT004265,CUST002098,2025-11-01,Fraud concern,1
TKT004266,CUST002098,2025-12-01,Rewards points issue,1
TKT004267,CUST002107,2025-01-01,App/website login issue,1
TKT004268,CUST002107,2025-02-01,Billing dispute,1
TKT004269,CUST002107,2025-03-01,Fee complaint,1
TKT004270,CUST002107,2025-05-01,Billing dispute,1
TKT004271,CUST002107,2025-06-01,App/website login issue,1
TKT004272,CUST002107,2025-06-01,App/website login issue,1
TKT004273,CUST002107,2025-07-01,Card not working,1
TKT004274,CUST002107,2025-09-01,Fraud concern,1
TKT004275,CUST002107,2025-10-01,Billing dispute,1
TKT004276,CUST002107,2025-11-01,Card not working,1
TKT004277,CUST002107,2025-11-01,Fraud concern,1
TKT004278,CUST002107,2025-12-01,App/website login issue,1
TKT004279,CUST002107,2025-12-01,Rewards points issue,1
TKT004280,CUST002113,2025-01-01,Requesting card cancellation,1
TKT004281,CUST002113,2025-02-01,Fraud concern,1
TKT004282,CUST002113,2025-02-01,Fee complaint,1
TKT004283,CUST002113,2025-03-01,Card not working,1
TKT004284,CUST002113,2025-03-01,Requesting card cancellation,1
TKT004285,CUST002113,2025-03-01,General inquiry,1
TKT004286,CUST002114,2025-02-01,General inquiry,1
TKT004287,CUST002114,2025-02-01,Requesting card cancellation,1
TKT004288,CUST002114,2025-03-01,Fee complaint,1
TKT004289,CUST002114,2025-03-01,App/website login issue,1
TKT004290,CUST002114,2025-04-01,General inquiry,1
TKT004291,CUST002114,2025-06-01,Card not working,0
TKT004292,CUST002114,2025-07-01,Card not working,1
TKT004293,CUST002114,2025-07-01,Rewards points issue,1
TKT004294,CUST002114,2025-08-01,Requesting card cancellation,1
TKT004295,CUST002114,2025-10-01,Billing dispute,1
TKT004296,CUST002114,2025-10-01,Fee complaint,1
TKT004297,CUST002114,2025-10-01,Fee complaint,1
TKT004298,CUST002114,2025-11-01,Billing dispute,1
TKT004299,CUST002114,2025-12-01,Requesting card cancellation,1
TKT004300,CUST002121,2025-07-01,Card not working,1
TKT004301,CUST002138,2025-07-01,Rewards points issue,1
TKT004302,CUST002138,2025-07-01,Billing dispute,1
TKT004303,CUST002140,2025-01-01,Rewards points issue,0
TKT004304,CUST002140,2025-02-01,Late payment inquiry,0
TKT004305,CUST002140,2025-02-01,Requesting card cancellation,1
TKT004306,CUST002140,2025-02-01,Billing dispute,1
TKT004307,CUST002140,2025-02-01,Billing dispute,1
TKT004308,CUST002140,2025-02-01,App/website login issue,1
TKT004309,CUST002140,2025-02-01,Requesting card cancellation,1
TKT004310,CUST002140,2025-03-01,Billing dispute,1
TKT004311,CUST002140,2025-03-01,Card not working,1
TKT004312,CUST002140,2025-03-01,Fraud concern,1
TKT004313,CUST002140,2025-03-01,General inquiry,0
TKT004314,CUST002140,2025-03-01,Fraud concern,1
TKT004315,CUST002140,2025-04-01,Rewards points issue,1
TKT004316,CUST002140,2025-04-01,Card not working,1
TKT004317,CUST002140,2025-05-01,Requesting card cancellation,1
TKT004318,CUST002140,2025-06-01,Fraud concern,1
TKT004319,CUST002140,2025-06-01,App/website login issue,1
TKT004320,CUST002140,2025-06-01,Late payment inquiry,1
TKT004321,CUST002140,2025-06-01,Fee complaint,1
TKT004322,CUST002140,2025-07-01,Requesting card cancellation,1
TKT004323,CUST002140,2025-07-01,Requesting card cancellation,1
TKT004324,CUST002140,2025-07-01,App/website login issue,1
TKT004325,CUST002140,2025-07-01,Card not working,1
TKT004326,CUST002140,2025-07-01,Late payment inquiry,1
TKT004327,CUST002140,2025-08-01,App/website login issue,1
TKT004328,CUST002140,2025-09-01,Rewards points issue,0
TKT004329,CUST002140,2025-09-01,App/website login issue,1
TKT004330,CUST002140,2025-09-01,Fee complaint,1
TKT004331,CUST002140,2025-10-01,Card not working,0
TKT004332,CUST002140,2025-10-01,Rewards points issue,1
TKT004333,CUST002140,2025-11-01,Billing dispute,1
TKT004334,CUST002140,2025-11-01,Requesting card cancellation,1
TKT004335,CUST002140,2025-11-01,Card not working,1
TKT004336,CUST002140,2025-12-01,Card not working,1
TKT004337,CUST002140,2025-12-01,Billing dispute,1
TKT004338,CUST002141,2025-01-01,Card not working,1
TKT004339,CUST002141,2025-02-01,Requesting credit limit increase,1
TKT004340,CUST002141,2025-05-01,Billing dispute,1
TKT004341,CUST002141,2025-05-01,Billing dispute,1
TKT004342,CUST002141,2025-06-01,Late payment inquiry,1
TKT004343,CUST002141,2025-08-01,Fee complaint,1
TKT004344,CUST002141,2025-10-01,Card not working,1
TKT004345,CUST002141,2025-12-01,Rewards points issue,1
TKT004346,CUST002142,2025-07-01,General inquiry,1
TKT004347,CUST002142,2025-07-01,App/website login issue,1
TKT004348,CUST002142,2025-08-01,Rewards points issue,1
TKT004349,CUST002142,2025-08-01,Late payment inquiry,1
TKT004350,CUST002142,2025-09-01,Fee complaint,1
TKT004351,CUST002143,2025-03-01,Requesting card cancellation,1
TKT004352,CUST002143,2025-04-01,Late payment inquiry,0
TKT004353,CUST002147,2025-01-01,Requesting card cancellation,1
TKT004354,CUST002147,2025-02-01,Requesting credit limit increase,1
TKT004355,CUST002147,2025-04-01,Billing dispute,1
TKT004356,CUST002147,2025-04-01,App/website login issue,1
TKT004357,CUST002147,2025-04-01,Billing dispute,1
TKT004358,CUST002147,2025-05-01,Fee complaint,1
TKT004359,CUST002147,2025-06-01,Fee complaint,1
TKT004360,CUST002147,2025-06-01,Fee complaint,1
TKT004361,CUST002147,2025-06-01,Late payment inquiry,0
TKT004362,CUST002147,2025-06-01,Late payment inquiry,1
TKT004363,CUST002147,2025-06-01,General inquiry,0
TKT004364,CUST002147,2025-06-01,Late payment inquiry,1
TKT004365,CUST002147,2025-07-01,Rewards points issue,1
TKT004366,CUST002147,2025-08-01,Requesting card cancellation,1
TKT004367,CUST002147,2025-08-01,Rewards points issue,1
TKT004368,CUST002147,2025-09-01,Card not working,1
TKT004369,CUST002147,2025-09-01,Late payment inquiry,0
TKT004370,CUST002147,2025-09-01,App/website login issue,1
TKT004371,CUST002147,2025-10-01,Billing dispute,1
TKT004372,CUST002147,2025-10-01,Requesting card cancellation,1
TKT004373,CUST002147,2025-10-01,Card not working,1
TKT004374,CUST002147,2025-11-01,Fee complaint,1
TKT004375,CUST002147,2025-11-01,Late payment inquiry,0
TKT004376,CUST002147,2025-12-01,Requesting card cancellation,1
TKT004377,CUST002151,2025-10-01,Fee complaint,0
TKT004378,CUST002151,2025-11-01,Fraud concern,1
TKT004379,CUST002151,2025-11-01,Card not working,1
TKT004380,CUST002152,2025-03-01,Late payment inquiry,0
TKT004381,CUST002152,2025-05-01,Fraud concern,1
TKT004382,CUST002154,2025-07-01,Rewards points issue,1
TKT004383,CUST002154,2025-08-01,General inquiry,1
TKT004384,CUST002154,2025-08-01,Fee complaint,0
TKT004385,CUST002155,2025-01-01,Rewards points issue,1
TKT004386,CUST002156,2025-02-01,Rewards points issue,1
TKT004387,CUST002156,2025-04-01,Fee complaint,1
TKT004388,CUST002156,2025-04-01,Late payment inquiry,1
TKT004389,CUST002156,2025-04-01,General inquiry,1
TKT004390,CUST002156,2025-05-01,App/website login issue,1
TKT004391,CUST002156,2025-06-01,Card not working,1
TKT004392,CUST002156,2025-10-01,Billing dispute,1
TKT004393,CUST002156,2025-10-01,Rewards points issue,1
TKT004394,CUST002156,2025-10-01,Late payment inquiry,1
TKT004395,CUST002156,2025-10-01,Fraud concern,1
TKT004396,CUST002156,2025-11-01,Requesting credit limit increase,1
TKT004397,CUST002156,2025-11-01,Requesting credit limit increase,1
TKT004398,CUST002158,2025-01-01,Rewards points issue,1
TKT004399,CUST002158,2025-01-01,Requesting card cancellation,1
TKT004400,CUST002158,2025-03-01,Late payment inquiry,0
TKT004401,CUST002158,2025-04-01,App/website login issue,1
TKT004402,CUST002158,2025-05-01,Rewards points issue,1
TKT004403,CUST002158,2025-06-01,General inquiry,1
TKT004404,CUST002158,2025-06-01,Requesting credit limit increase,1
TKT004405,CUST002158,2025-07-01,Card not working,1
TKT004406,CUST002158,2025-08-01,Requesting credit limit increase,1
TKT004407,CUST002158,2025-08-01,Fee complaint,1
TKT004408,CUST002158,2025-08-01,Fee complaint,1
TKT004409,CUST002158,2025-09-01,Late payment inquiry,1
TKT004410,CUST002158,2025-10-01,Requesting card cancellation,1
TKT004411,CUST002158,2025-11-01,Fee complaint,1
TKT004412,CUST002158,2025-11-01,Requesting card cancellation,1
TKT004413,CUST002158,2025-11-01,App/website login issue,1
TKT004414,CUST002175,2025-02-01,App/website login issue,1
TKT004415,CUST002175,2025-03-01,Card not working,1
TKT004416,CUST002175,2025-07-01,Fee complaint,1
TKT004417,CUST002175,2025-08-01,Requesting card cancellation,1
TKT004418,CUST002175,2025-09-01,Billing dispute,1
TKT004419,CUST002175,2025-09-01,App/website login issue,1
TKT004420,CUST002175,2025-09-01,General inquiry,0
TKT004421,CUST002175,2025-10-01,Billing dispute,1
TKT004422,CUST002175,2025-10-01,Late payment inquiry,1
TKT004423,CUST002175,2025-10-01,Requesting card cancellation,1
TKT004424,CUST002176,2025-05-01,General inquiry,1
TKT004425,CUST002182,2025-04-01,Fee complaint,1
TKT004426,CUST002182,2025-04-01,Card not working,1
TKT004427,CUST002182,2025-04-01,Fee complaint,1
TKT004428,CUST002182,2025-06-01,Late payment inquiry,1
TKT004429,CUST002182,2025-07-01,App/website login issue,1
TKT004430,CUST002182,2025-08-01,Fee complaint,1
TKT004431,CUST002182,2025-09-01,Fee complaint,1
TKT004432,CUST002182,2025-10-01,Fraud concern,1
TKT004433,CUST002182,2025-10-01,Rewards points issue,1
TKT004434,CUST002182,2025-12-01,Requesting card cancellation,1
TKT004435,CUST002183,2025-01-01,Card not working,1
TKT004436,CUST002185,2025-01-01,Requesting card cancellation,1
TKT004437,CUST002185,2025-01-01,Fee complaint,1
TKT004438,CUST002185,2025-02-01,Requesting credit limit increase,1
TKT004439,CUST002185,2025-03-01,Billing dispute,0
TKT004440,CUST002185,2025-03-01,Late payment inquiry,1
TKT004441,CUST002185,2025-03-01,Billing dispute,1
TKT004442,CUST002185,2025-06-01,Late payment inquiry,0
TKT004443,CUST002185,2025-06-01,Billing dispute,1
TKT004444,CUST002185,2025-06-01,Card not working,1
TKT004445,CUST002185,2025-07-01,Rewards points issue,0
TKT004446,CUST002185,2025-12-01,Fee complaint,0
TKT004447,CUST002187,2025-07-01,App/website login issue,1
TKT004448,CUST002189,2025-01-01,App/website login issue,1
TKT004449,CUST002189,2025-01-01,App/website login issue,1
TKT004450,CUST002189,2025-02-01,Late payment inquiry,1
TKT004451,CUST002189,2025-02-01,General inquiry,1
TKT004452,CUST002189,2025-03-01,Billing dispute,1
TKT004453,CUST002189,2025-04-01,Card not working,0
TKT004454,CUST002189,2025-05-01,Billing dispute,1
TKT004455,CUST002189,2025-08-01,Fraud concern,1
TKT004456,CUST002189,2025-08-01,General inquiry,0
TKT004457,CUST002189,2025-08-01,Fee complaint,1
TKT004458,CUST002189,2025-09-01,Billing dispute,0
TKT004459,CUST002189,2025-11-01,Card not working,1
TKT004460,CUST002189,2025-11-01,Rewards points issue,1
TKT004461,CUST002195,2025-06-01,Rewards points issue,1
TKT004462,CUST002195,2025-06-01,Billing dispute,1
TKT004463,CUST002212,2025-01-01,Fraud concern,1
TKT004464,CUST002212,2025-04-01,Late payment inquiry,1
TKT004465,CUST002212,2025-04-01,Billing dispute,1
TKT004466,CUST002212,2025-04-01,App/website login issue,0
TKT004467,CUST002212,2025-06-01,Fraud concern,1
TKT004468,CUST002212,2025-07-01,General inquiry,1
TKT004469,CUST002212,2025-08-01,Late payment inquiry,1
TKT004470,CUST002212,2025-08-01,Fee complaint,1
TKT004471,CUST002212,2025-11-01,Rewards points issue,1
TKT004472,CUST002212,2025-12-01,Late payment inquiry,1
TKT004473,CUST002218,2025-01-01,Requesting card cancellation,1
TKT004474,CUST002218,2025-02-01,Billing dispute,1
TKT004475,CUST002218,2025-02-01,Fee complaint,1
TKT004476,CUST002218,2025-04-01,Card not working,0
TKT004477,CUST002218,2025-05-01,Fee complaint,1
TKT004478,CUST002218,2025-05-01,Billing dispute,1
TKT004479,CUST002218,2025-05-01,Billing dispute,1
TKT004480,CUST002218,2025-05-01,Rewards points issue,1
TKT004481,CUST002218,2025-07-01,Fee complaint,1
TKT004482,CUST002218,2025-07-01,Fee complaint,1
TKT004483,CUST002218,2025-08-01,Card not working,1
TKT004484,CUST002218,2025-10-01,App/website login issue,1
TKT004485,CUST002218,2025-10-01,Rewards points issue,1
TKT004486,CUST002218,2025-11-01,Card not working,1
TKT004487,CUST002218,2025-12-01,Requesting credit limit increase,1
TKT004488,CUST002218,2025-12-01,Fraud concern,1
TKT004489,CUST002219,2025-03-01,Fee complaint,0
TKT004490,CUST002219,2025-05-01,Fee complaint,1
TKT004491,CUST002219,2025-05-01,General inquiry,1
TKT004492,CUST002220,2025-01-01,Requesting card cancellation,1
TKT004493,CUST002220,2025-02-01,Fee complaint,1
TKT004494,CUST002220,2025-02-01,Card not working,1
TKT004495,CUST002220,2025-02-01,App/website login issue,0
TKT004496,CUST002220,2025-06-01,App/website login issue,0
TKT004497,CUST002220,2025-06-01,Rewards points issue,1
TKT004498,CUST002220,2025-06-01,Rewards points issue,0
TKT004499,CUST002220,2025-06-01,Card not working,1
TKT004500,CUST002220,2025-07-01,Fee complaint,1
TKT004501,CUST002220,2025-08-01,General inquiry,1
TKT004502,CUST002220,2025-08-01,Requesting credit limit increase,1
TKT004503,CUST002220,2025-08-01,General inquiry,1
TKT004504,CUST002220,2025-09-01,Rewards points issue,0
TKT004505,CUST002220,2025-09-01,Card not working,1
TKT004506,CUST002220,2025-09-01,Fraud concern,1
TKT004507,CUST002220,2025-10-01,Requesting card cancellation,1
TKT004508,CUST002220,2025-10-01,Requesting credit limit increase,1
TKT004509,CUST002220,2025-12-01,Late payment inquiry,1
TKT004510,CUST002220,2025-12-01,Fee complaint,1
TKT004511,CUST002223,2025-01-01,General inquiry,1
TKT004512,CUST002223,2025-02-01,Billing dispute,1
TKT004513,CUST002223,2025-02-01,Requesting card cancellation,1
TKT004514,CUST002223,2025-02-01,Requesting credit limit increase,0
TKT004515,CUST002223,2025-03-01,Fee complaint,0
TKT004516,CUST002223,2025-03-01,Fee complaint,1
TKT004517,CUST002223,2025-06-01,Card not working,1
TKT004518,CUST002223,2025-07-01,App/website login issue,1
TKT004519,CUST002223,2025-08-01,Billing dispute,1
TKT004520,CUST002223,2025-10-01,Requesting card cancellation,1
TKT004521,CUST002223,2025-11-01,Billing dispute,0
TKT004522,CUST002223,2025-11-01,Late payment inquiry,1
TKT004523,CUST002223,2025-11-01,General inquiry,1
TKT004524,CUST002223,2025-12-01,Card not working,1
TKT004525,CUST002224,2025-02-01,Fraud concern,0
TKT004526,CUST002224,2025-03-01,General inquiry,1
TKT004527,CUST002224,2025-03-01,App/website login issue,0
TKT004528,CUST002224,2025-03-01,Billing dispute,1
TKT004529,CUST002224,2025-04-01,App/website login issue,1
TKT004530,CUST002224,2025-04-01,General inquiry,1
TKT004531,CUST002224,2025-05-01,App/website login issue,1
TKT004532,CUST002224,2025-05-01,Requesting credit limit increase,1
TKT004533,CUST002224,2025-06-01,Fraud concern,1
TKT004534,CUST002224,2025-07-01,App/website login issue,1
TKT004535,CUST002224,2025-07-01,Billing dispute,1
TKT004536,CUST002224,2025-08-01,General inquiry,1
TKT004537,CUST002225,2025-02-01,Rewards points issue,1
TKT004538,CUST002225,2025-02-01,Requesting card cancellation,1
TKT004539,CUST002225,2025-04-01,Fee complaint,1
TKT004540,CUST002225,2025-04-01,Billing dispute,1
TKT004541,CUST002225,2025-04-01,Billing dispute,1
TKT004542,CUST002225,2025-04-01,Requesting credit limit increase,1
TKT004543,CUST002225,2025-05-01,Late payment inquiry,1
TKT004544,CUST002225,2025-06-01,Fee complaint,1
TKT004545,CUST002225,2025-06-01,Requesting card cancellation,1
TKT004546,CUST002225,2025-07-01,Late payment inquiry,1
TKT004547,CUST002225,2025-07-01,App/website login issue,1
TKT004548,CUST002225,2025-08-01,Requesting credit limit increase,0
TKT004549,CUST002225,2025-10-01,Requesting credit limit increase,1
TKT004550,CUST002225,2025-11-01,Fee complaint,0
TKT004551,CUST002225,2025-11-01,Fee complaint,1
TKT004552,CUST002225,2025-11-01,Rewards points issue,1
TKT004553,CUST002225,2025-12-01,Fee complaint,1
TKT004554,CUST002225,2025-12-01,Requesting card cancellation,1
TKT004555,CUST002225,2025-12-01,Fee complaint,0
TKT004556,CUST002225,2025-12-01,General inquiry,1
TKT004557,CUST002234,2025-01-01,Late payment inquiry,1
TKT004558,CUST002234,2025-02-01,Requesting card cancellation,1
TKT004559,CUST002234,2025-03-01,App/website login issue,1
TKT004560,CUST002234,2025-03-01,Late payment inquiry,1
TKT004561,CUST002234,2025-05-01,Fee complaint,1
TKT004562,CUST002234,2025-05-01,Card not working,1
TKT004563,CUST002234,2025-07-01,Fee complaint,1
TKT004564,CUST002239,2025-03-01,Billing dispute,1
TKT004565,CUST002239,2025-03-01,Late payment inquiry,1
TKT004566,CUST002239,2025-03-01,Fee complaint,0
TKT004567,CUST002239,2025-03-01,Card not working,1
TKT004568,CUST002239,2025-04-01,Late payment inquiry,0
TKT004569,CUST002242,2025-04-01,App/website login issue,1
TKT004570,CUST002242,2025-05-01,Requesting credit limit increase,1
TKT004571,CUST002242,2025-05-01,Fee complaint,1
TKT004572,CUST002242,2025-06-01,Billing dispute,1
TKT004573,CUST002242,2025-08-01,Rewards points issue,0
TKT004574,CUST002248,2025-03-01,App/website login issue,1
TKT004575,CUST002248,2025-03-01,Late payment inquiry,1
TKT004576,CUST002248,2025-03-01,App/website login issue,1
TKT004577,CUST002248,2025-03-01,Billing dispute,1
TKT004578,CUST002248,2025-04-01,Fee complaint,0
TKT004579,CUST002248,2025-06-01,Fee complaint,1
TKT004580,CUST002248,2025-06-01,App/website login issue,1
TKT004581,CUST002248,2025-09-01,Rewards points issue,1
TKT004582,CUST002248,2025-11-01,Card not working,1
TKT004583,CUST002248,2025-12-01,Fee complaint,1
TKT004584,CUST002249,2025-08-01,Fee complaint,1
TKT004585,CUST002249,2025-09-01,Billing dispute,1
TKT004586,CUST002249,2025-09-01,Rewards points issue,1
TKT004587,CUST002254,2025-01-01,Fee complaint,1
TKT004588,CUST002254,2025-02-01,Requesting credit limit increase,0
TKT004589,CUST002254,2025-03-01,Billing dispute,1
TKT004590,CUST002254,2025-05-01,Card not working,1
TKT004591,CUST002254,2025-07-01,Requesting card cancellation,1
TKT004592,CUST002254,2025-08-01,Fraud concern,1
TKT004593,CUST002254,2025-09-01,Late payment inquiry,0
TKT004594,CUST002254,2025-09-01,Billing dispute,1
TKT004595,CUST002254,2025-10-01,Rewards points issue,1
TKT004596,CUST002254,2025-12-01,Requesting credit limit increase,1
TKT004597,CUST002256,2025-02-01,General inquiry,1
TKT004598,CUST002256,2025-05-01,Requesting card cancellation,1
TKT004599,CUST002256,2025-07-01,Fraud concern,1
TKT004600,CUST002256,2025-11-01,Card not working,1
TKT004601,CUST002265,2025-01-01,App/website login issue,1
TKT004602,CUST002265,2025-07-01,General inquiry,1
TKT004603,CUST002265,2025-09-01,Late payment inquiry,0
TKT004604,CUST002265,2025-10-01,Late payment inquiry,0
TKT004605,CUST002265,2025-11-01,Rewards points issue,1
TKT004606,CUST002265,2025-12-01,Fee complaint,1
TKT004607,CUST002265,2025-12-01,Requesting credit limit increase,1
TKT004608,CUST002265,2025-12-01,Rewards points issue,1
TKT004609,CUST002268,2025-09-01,General inquiry,1
TKT004610,CUST002268,2025-09-01,Fraud concern,1
TKT004611,CUST002268,2025-10-01,Rewards points issue,1
TKT004612,CUST002271,2025-06-01,Late payment inquiry,0
TKT004613,CUST002275,2025-01-01,Billing dispute,1
TKT004614,CUST002275,2025-01-01,Fee complaint,1
TKT004615,CUST002275,2025-01-01,Billing dispute,1
TKT004616,CUST002275,2025-02-01,General inquiry,1
TKT004617,CUST002275,2025-04-01,Billing dispute,1
TKT004618,CUST002275,2025-05-01,Fee complaint,1
TKT004619,CUST002275,2025-05-01,Fee complaint,1
TKT004620,CUST002275,2025-07-01,Card not working,1
TKT004621,CUST002275,2025-08-01,Billing dispute,1
TKT004622,CUST002275,2025-09-01,Late payment inquiry,1
TKT004623,CUST002275,2025-10-01,Requesting card cancellation,1
TKT004624,CUST002275,2025-10-01,Requesting credit limit increase,1
TKT004625,CUST002275,2025-11-01,General inquiry,1
TKT004626,CUST002275,2025-12-01,Fee complaint,0
TKT004627,CUST002277,2025-01-01,Billing dispute,1
TKT004628,CUST002277,2025-02-01,General inquiry,0
TKT004629,CUST002277,2025-02-01,Billing dispute,0
TKT004630,CUST002277,2025-02-01,Requesting card cancellation,1
TKT004631,CUST002277,2025-03-01,Fee complaint,1
TKT004632,CUST002277,2025-04-01,Card not working,1
TKT004633,CUST002277,2025-04-01,Rewards points issue,1
TKT004634,CUST002277,2025-04-01,Fee complaint,1
TKT004635,CUST002277,2025-05-01,Fee complaint,1
TKT004636,CUST002277,2025-05-01,Requesting card cancellation,0
TKT004637,CUST002277,2025-06-01,App/website login issue,0
TKT004638,CUST002277,2025-06-01,Fee complaint,1
TKT004639,CUST002277,2025-07-01,Billing dispute,1
TKT004640,CUST002277,2025-08-01,Requesting card cancellation,0
TKT004641,CUST002277,2025-08-01,Requesting credit limit increase,1
TKT004642,CUST002279,2025-07-01,Rewards points issue,0
TKT004643,CUST002279,2025-07-01,App/website login issue,0
TKT004644,CUST002279,2025-07-01,Late payment inquiry,1
TKT004645,CUST002287,2025-01-01,Requesting credit limit increase,1
TKT004646,CUST002287,2025-02-01,Fee complaint,0
TKT004647,CUST002287,2025-02-01,Late payment inquiry,1
TKT004648,CUST002288,2025-05-01,Billing dispute,1
TKT004649,CUST002289,2025-01-01,Fee complaint,1
TKT004650,CUST002289,2025-02-01,Rewards points issue,1
TKT004651,CUST002289,2025-03-01,Requesting card cancellation,1
TKT004652,CUST002289,2025-04-01,Billing dispute,1
TKT004653,CUST002289,2025-04-01,Rewards points issue,1
TKT004654,CUST002289,2025-07-01,Late payment inquiry,1
TKT004655,CUST002289,2025-10-01,Fraud concern,1
TKT004656,CUST002289,2025-11-01,App/website login issue,1
TKT004657,CUST002289,2025-12-01,General inquiry,1
TKT004658,CUST002289,2025-12-01,App/website login issue,1
TKT004659,CUST002291,2025-08-01,Fee complaint,1
TKT004660,CUST002291,2025-08-01,Rewards points issue,1
TKT004661,CUST002299,2025-01-01,Fee complaint,1
TKT004662,CUST002299,2025-02-01,App/website login issue,0
TKT004663,CUST002299,2025-02-01,Fee complaint,0
TKT004664,CUST002310,2025-01-01,Card not working,1
TKT004665,CUST002310,2025-01-01,Requesting card cancellation,1
TKT004666,CUST002310,2025-02-01,Rewards points issue,0
TKT004667,CUST002310,2025-05-01,App/website login issue,0
TKT004668,CUST002310,2025-05-01,Billing dispute,1
TKT004669,CUST002310,2025-06-01,App/website login issue,1
TKT004670,CUST002310,2025-07-01,Billing dispute,0
TKT004671,CUST002310,2025-07-01,Card not working,0
TKT004672,CUST002310,2025-07-01,Fee complaint,1
TKT004673,CUST002310,2025-10-01,Late payment inquiry,1
TKT004674,CUST002310,2025-10-01,Late payment inquiry,1
TKT004675,CUST002310,2025-10-01,Requesting credit limit increase,1
TKT004676,CUST002310,2025-11-01,Fee complaint,1
TKT004677,CUST002310,2025-11-01,Requesting card cancellation,1
TKT004678,CUST002310,2025-12-01,Billing dispute,1
TKT004679,CUST002311,2025-07-01,Requesting card cancellation,1
TKT004680,CUST002314,2025-01-01,Billing dispute,1
TKT004681,CUST002314,2025-02-01,Billing dispute,1
TKT004682,CUST002314,2025-03-01,Rewards points issue,1
TKT004683,CUST002314,2025-04-01,Fraud concern,1
TKT004684,CUST002314,2025-05-01,Rewards points issue,1
TKT004685,CUST002314,2025-07-01,General inquiry,0
TKT004686,CUST002314,2025-08-01,Billing dispute,1
TKT004687,CUST002314,2025-09-01,App/website login issue,1
TKT004688,CUST002314,2025-10-01,Billing dispute,1
TKT004689,CUST002314,2025-12-01,App/website login issue,1
TKT004690,CUST002314,2025-12-01,Fee complaint,1
TKT004691,CUST002316,2025-01-01,Fee complaint,1
TKT004692,CUST002316,2025-02-01,Late payment inquiry,1
TKT004693,CUST002316,2025-02-01,Fee complaint,1
TKT004694,CUST002316,2025-02-01,Card not working,1
TKT004695,CUST002316,2025-04-01,Late payment inquiry,1
TKT004696,CUST002316,2025-04-01,General inquiry,0
TKT004697,CUST002316,2025-06-01,Card not working,1
TKT004698,CUST002316,2025-07-01,Requesting card cancellation,1
TKT004699,CUST002316,2025-08-01,Billing dispute,1
TKT004700,CUST002316,2025-08-01,Card not working,1
TKT004701,CUST002316,2025-09-01,Fee complaint,1
TKT004702,CUST002316,2025-10-01,Billing dispute,1
TKT004703,CUST002316,2025-11-01,App/website login issue,0
TKT004704,CUST002316,2025-11-01,General inquiry,1
TKT004705,CUST002316,2025-11-01,Fee complaint,1
TKT004706,CUST002318,2025-01-01,Requesting card cancellation,1
TKT004707,CUST002318,2025-02-01,Card not working,1
TKT004708,CUST002318,2025-02-01,Requesting card cancellation,1
TKT004709,CUST002318,2025-03-01,General inquiry,1
TKT004710,CUST002318,2025-05-01,Fraud concern,1
TKT004711,CUST002318,2025-06-01,Rewards points issue,1
TKT004712,CUST002318,2025-06-01,Billing dispute,1
TKT004713,CUST002318,2025-08-01,Billing dispute,0
TKT004714,CUST002318,2025-08-01,Rewards points issue,1
TKT004715,CUST002318,2025-09-01,Fee complaint,1
TKT004716,CUST002318,2025-09-01,Fee complaint,1
TKT004717,CUST002318,2025-11-01,Billing dispute,0
TKT004718,CUST002318,2025-11-01,Fee complaint,1
TKT004719,CUST002318,2025-12-01,Fraud concern,1
TKT004720,CUST002319,2025-03-01,Late payment inquiry,0
TKT004721,CUST002319,2025-04-01,Requesting card cancellation,1
TKT004722,CUST002319,2025-04-01,Rewards points issue,1
TKT004723,CUST002319,2025-05-01,Rewards points issue,1
TKT004724,CUST002319,2025-06-01,Billing dispute,1
TKT004725,CUST002319,2025-06-01,Requesting credit limit increase,1
TKT004726,CUST002319,2025-10-01,App/website login issue,1
TKT004727,CUST002319,2025-10-01,Card not working,0
TKT004728,CUST002319,2025-12-01,Rewards points issue,1
TKT004729,CUST002325,2025-01-01,Fee complaint,1
TKT004730,CUST002325,2025-02-01,Card not working,1
TKT004731,CUST002325,2025-04-01,Billing dispute,1
TKT004732,CUST002325,2025-04-01,General inquiry,1
TKT004733,CUST002325,2025-05-01,Card not working,1
TKT004734,CUST002325,2025-05-01,Fraud concern,1
TKT004735,CUST002325,2025-06-01,Billing dispute,0
TKT004736,CUST002325,2025-06-01,Billing dispute,1
TKT004737,CUST002325,2025-07-01,Billing dispute,1
TKT004738,CUST002325,2025-10-01,Rewards points issue,1
TKT004739,CUST002325,2025-12-01,App/website login issue,1
TKT004740,CUST002330,2025-07-01,App/website login issue,0
TKT004741,CUST002330,2025-08-01,App/website login issue,1
TKT004742,CUST002330,2025-08-01,Fee complaint,1
TKT004743,CUST002330,2025-09-01,Card not working,0
TKT004744,CUST002330,2025-09-01,Rewards points issue,0
TKT004745,CUST002333,2025-01-01,Requesting credit limit increase,1
TKT004746,CUST002333,2025-01-01,Requesting card cancellation,1
TKT004747,CUST002333,2025-02-01,Fraud concern,1
TKT004748,CUST002333,2025-05-01,Fee complaint,1
TKT004749,CUST002333,2025-08-01,App/website login issue,1
TKT004750,CUST002333,2025-08-01,Card not working,1
TKT004751,CUST002333,2025-08-01,Fee complaint,1
TKT004752,CUST002333,2025-09-01,Requesting card cancellation,1
TKT004753,CUST002333,2025-09-01,App/website login issue,1
TKT004754,CUST002333,2025-11-01,Late payment inquiry,1
TKT004755,CUST002333,2025-12-01,Fee complaint,1
TKT004756,CUST002333,2025-12-01,Requesting credit limit increase,0
TKT004757,CUST002340,2025-07-01,Rewards points issue,1
TKT004758,CUST002340,2025-07-01,Late payment inquiry,0
TKT004759,CUST002340,2025-07-01,Card not working,1
TKT004760,CUST002340,2025-07-01,App/website login issue,1
TKT004761,CUST002344,2025-01-01,Late payment inquiry,1
TKT004762,CUST002344,2025-01-01,Requesting card cancellation,1
TKT004763,CUST002344,2025-02-01,Billing dispute,1
TKT004764,CUST002345,2025-01-01,Fee complaint,0
TKT004765,CUST002345,2025-01-01,App/website login issue,1
TKT004766,CUST002345,2025-02-01,Rewards points issue,0
TKT004767,CUST002345,2025-02-01,Late payment inquiry,0
TKT004768,CUST002345,2025-02-01,App/website login issue,1
TKT004769,CUST002345,2025-02-01,Rewards points issue,1
TKT004770,CUST002345,2025-06-01,App/website login issue,1
TKT004771,CUST002345,2025-07-01,General inquiry,1
TKT004772,CUST002345,2025-07-01,Fraud concern,1
TKT004773,CUST002345,2025-09-01,Card not working,1
TKT004774,CUST002345,2025-10-01,Fee complaint,1
TKT004775,CUST002345,2025-11-01,Card not working,1
TKT004776,CUST002347,2025-01-01,Fee complaint,1
TKT004777,CUST002347,2025-01-01,Late payment inquiry,1
TKT004778,CUST002347,2025-01-01,Rewards points issue,0
TKT004779,CUST002347,2025-02-01,Requesting card cancellation,1
TKT004780,CUST002347,2025-02-01,Late payment inquiry,1
TKT004781,CUST002347,2025-04-01,Billing dispute,1
TKT004782,CUST002347,2025-04-01,App/website login issue,1
TKT004783,CUST002347,2025-05-01,Billing dispute,1
TKT004784,CUST002347,2025-05-01,Requesting credit limit increase,1
TKT004785,CUST002347,2025-06-01,Requesting credit limit increase,1
TKT004786,CUST002347,2025-08-01,Requesting credit limit increase,1
TKT004787,CUST002347,2025-08-01,Billing dispute,1
TKT004788,CUST002347,2025-08-01,Billing dispute,0
TKT004789,CUST002347,2025-08-01,Rewards points issue,1
TKT004790,CUST002347,2025-10-01,General inquiry,1
TKT004791,CUST002347,2025-10-01,Fraud concern,1
TKT004792,CUST002347,2025-11-01,Billing dispute,1
TKT004793,CUST002347,2025-12-01,Requesting card cancellation,1
TKT004794,CUST002349,2025-09-01,Requesting credit limit increase,1
TKT004795,CUST002349,2025-10-01,Card not working,1
TKT004796,CUST002354,2025-02-01,Requesting card cancellation,0
TKT004797,CUST002354,2025-02-01,Fee complaint,1
TKT004798,CUST002354,2025-04-01,Requesting card cancellation,1
TKT004799,CUST002354,2025-04-01,Billing dispute,1
TKT004800,CUST002355,2025-01-01,Requesting card cancellation,1
TKT004801,CUST002355,2025-01-01,Fee complaint,1
TKT004802,CUST002355,2025-02-01,General inquiry,0
TKT004803,CUST002355,2025-03-01,Rewards points issue,1
TKT004804,CUST002355,2025-04-01,General inquiry,1
TKT004805,CUST002355,2025-05-01,Fee complaint,1
TKT004806,CUST002355,2025-05-01,Requesting card cancellation,0
TKT004807,CUST002355,2025-06-01,Billing dispute,1
TKT004808,CUST002355,2025-06-01,App/website login issue,1
TKT004809,CUST002355,2025-07-01,General inquiry,1
TKT004810,CUST002355,2025-08-01,Card not working,1
TKT004811,CUST002355,2025-08-01,Billing dispute,1
TKT004812,CUST002355,2025-08-01,Card not working,1
TKT004813,CUST002355,2025-09-01,Requesting credit limit increase,1
TKT004814,CUST002355,2025-10-01,Requesting card cancellation,1
TKT004815,CUST002355,2025-12-01,Fee complaint,0
TKT004816,CUST002355,2025-12-01,Rewards points issue,1
TKT004817,CUST002357,2025-01-01,App/website login issue,0
TKT004818,CUST002365,2025-01-01,Requesting card cancellation,1
TKT004819,CUST002365,2025-01-01,Fee complaint,1
TKT004820,CUST002365,2025-02-01,Late payment inquiry,1
TKT004821,CUST002365,2025-05-01,Billing dispute,1
TKT004822,CUST002365,2025-06-01,Late payment inquiry,1
TKT004823,CUST002365,2025-07-01,General inquiry,1
TKT004824,CUST002365,2025-07-01,Fee complaint,1
TKT004825,CUST002365,2025-08-01,Billing dispute,1
TKT004826,CUST002365,2025-10-01,Card not working,1
TKT004827,CUST002365,2025-10-01,Fee complaint,0
TKT004828,CUST002365,2025-11-01,Billing dispute,1
TKT004829,CUST002365,2025-12-01,Requesting card cancellation,0
TKT004830,CUST002372,2025-01-01,Rewards points issue,1
TKT004831,CUST002372,2025-02-01,Billing dispute,0
TKT004832,CUST002372,2025-02-01,App/website login issue,1
TKT004833,CUST002372,2025-03-01,App/website login issue,1
TKT004834,CUST002372,2025-04-01,Requesting card cancellation,1
TKT004835,CUST002372,2025-05-01,Card not working,1
TKT004836,CUST002372,2025-06-01,Card not working,1
TKT004837,CUST002372,2025-07-01,Billing dispute,1
TKT004838,CUST002372,2025-09-01,Rewards points issue,1
TKT004839,CUST002372,2025-10-01,Rewards points issue,1
TKT004840,CUST002372,2025-11-01,Requesting card cancellation,1
TKT004841,CUST002372,2025-11-01,Requesting credit limit increase,1
TKT004842,CUST002375,2025-06-01,App/website login issue,1
TKT004843,CUST002375,2025-07-01,App/website login issue,1
TKT004844,CUST002377,2025-03-01,Billing dispute,0
TKT004845,CUST002377,2025-03-01,Billing dispute,1
TKT004846,CUST002377,2025-04-01,Billing dispute,1
TKT004847,CUST002377,2025-05-01,Requesting card cancellation,1
TKT004848,CUST002377,2025-07-01,Fee complaint,0
TKT004849,CUST002377,2025-08-01,General inquiry,1
TKT004850,CUST002377,2025-08-01,Billing dispute,0
TKT004851,CUST002377,2025-10-01,Fraud concern,1
TKT004852,CUST002377,2025-10-01,General inquiry,1
TKT004853,CUST002377,2025-11-01,Billing dispute,1
TKT004854,CUST002377,2025-11-01,General inquiry,1
TKT004855,CUST002377,2025-11-01,Late payment inquiry,1
TKT004856,CUST002377,2025-11-01,Fee complaint,1
TKT004857,CUST002379,2025-01-01,Requesting card cancellation,1
TKT004858,CUST002379,2025-04-01,General inquiry,1
TKT004859,CUST002379,2025-06-01,Requesting card cancellation,1
TKT004860,CUST002379,2025-07-01,Card not working,0
TKT004861,CUST002379,2025-07-01,Late payment inquiry,1
TKT004862,CUST002379,2025-08-01,General inquiry,1
TKT004863,CUST002379,2025-11-01,Fraud concern,1
TKT004864,CUST002379,2025-11-01,Late payment inquiry,1
TKT004865,CUST002379,2025-11-01,Late payment inquiry,1
TKT004866,CUST002379,2025-12-01,Requesting card cancellation,1
TKT004867,CUST002382,2025-05-01,General inquiry,1
TKT004868,CUST002385,2025-02-01,Requesting card cancellation,1
TKT004869,CUST002385,2025-03-01,Requesting card cancellation,1
TKT004870,CUST002392,2025-02-01,Requesting card cancellation,1
TKT004871,CUST002392,2025-03-01,Billing dispute,0
TKT004872,CUST002393,2025-03-01,Billing dispute,1
TKT004873,CUST002393,2025-06-01,App/website login issue,1
TKT004874,CUST002393,2025-06-01,General inquiry,1
TKT004875,CUST002393,2025-07-01,Billing dispute,1
TKT004876,CUST002393,2025-08-01,Requesting card cancellation,1
TKT004877,CUST002393,2025-08-01,Rewards points issue,1
TKT004878,CUST002393,2025-09-01,Billing dispute,1
TKT004879,CUST002393,2025-10-01,Fee complaint,1
TKT004880,CUST002393,2025-10-01,Requesting credit limit increase,1
TKT004881,CUST002393,2025-11-01,Billing dispute,0
TKT004882,CUST002393,2025-12-01,Fraud concern,1
TKT004883,CUST002394,2025-02-01,Fee complaint,1
TKT004884,CUST002394,2025-02-01,Fee complaint,1
TKT004885,CUST002394,2025-04-01,General inquiry,1
TKT004886,CUST002394,2025-04-01,Billing dispute,1
TKT004887,CUST002394,2025-05-01,Rewards points issue,1
TKT004888,CUST002394,2025-06-01,Fee complaint,1
TKT004889,CUST002394,2025-08-01,App/website login issue,1
TKT004890,CUST002394,2025-09-01,Fee complaint,1
TKT004891,CUST002394,2025-09-01,Fee complaint,0
TKT004892,CUST002394,2025-10-01,Rewards points issue,1
TKT004893,CUST002394,2025-11-01,Rewards points issue,1
TKT004894,CUST002394,2025-11-01,Requesting card cancellation,1
TKT004895,CUST002396,2025-09-01,Billing dispute,0
TKT004896,CUST002396,2025-09-01,Late payment inquiry,1
TKT004897,CUST002396,2025-09-01,App/website login issue,1
TKT004898,CUST002396,2025-11-01,Card not working,1
TKT004899,CUST002396,2025-11-01,Fee complaint,1
TKT004900,CUST002398,2025-04-01,Requesting card cancellation,1
TKT004901,CUST002399,2025-08-01,Billing dispute,1
TKT004902,CUST002401,2025-04-01,Billing dispute,1
TKT004903,CUST002401,2025-05-01,Card not working,1
TKT004904,CUST002401,2025-05-01,Fraud concern,1
TKT004905,CUST002401,2025-05-01,Billing dispute,1
TKT004906,CUST002401,2025-06-01,Rewards points issue,1
TKT004907,CUST002401,2025-06-01,General inquiry,1
TKT004908,CUST002401,2025-07-01,Rewards points issue,0
TKT004909,CUST002401,2025-07-01,Fee complaint,1
TKT004910,CUST002401,2025-07-01,Fee complaint,1
TKT004911,CUST002401,2025-08-01,Fee complaint,1
TKT004912,CUST002401,2025-09-01,Requesting credit limit increase,0
TKT004913,CUST002401,2025-10-01,Billing dispute,0
TKT004914,CUST002401,2025-11-01,Billing dispute,1
TKT004915,CUST002401,2025-12-01,Card not working,1
TKT004916,CUST002401,2025-12-01,Card not working,1
TKT004917,CUST002405,2025-01-01,App/website login issue,1
TKT004918,CUST002405,2025-01-01,Card not working,1
TKT004919,CUST002405,2025-02-01,Fee complaint,1
TKT004920,CUST002405,2025-02-01,Requesting card cancellation,1
TKT004921,CUST002405,2025-02-01,Late payment inquiry,1
TKT004922,CUST002405,2025-02-01,Fee complaint,0
TKT004923,CUST002405,2025-03-01,App/website login issue,1
TKT004924,CUST002405,2025-05-01,Late payment inquiry,1
TKT004925,CUST002405,2025-08-01,Late payment inquiry,1
TKT004926,CUST002405,2025-09-01,General inquiry,1
TKT004927,CUST002405,2025-10-01,Billing dispute,0
TKT004928,CUST002405,2025-10-01,Billing dispute,1
TKT004929,CUST002405,2025-10-01,Late payment inquiry,1
TKT004930,CUST002405,2025-11-01,Rewards points issue,1
TKT004931,CUST002405,2025-11-01,Card not working,1
TKT004932,CUST002405,2025-12-01,Billing dispute,1
TKT004933,CUST002406,2025-08-01,Billing dispute,0
TKT004934,CUST002406,2025-09-01,Requesting card cancellation,0
TKT004935,CUST002406,2025-10-01,Card not working,1
TKT004936,CUST002409,2025-01-01,Requesting credit limit increase,1
TKT004937,CUST002409,2025-02-01,Fee complaint,0
TKT004938,CUST002409,2025-03-01,Requesting card cancellation,1
TKT004939,CUST002410,2025-03-01,Card not working,1
TKT004940,CUST002410,2025-04-01,Requesting card cancellation,1
TKT004941,CUST002410,2025-04-01,Fee complaint,1
TKT004942,CUST002413,2025-07-01,Card not working,0
TKT004943,CUST002413,2025-07-01,App/website login issue,1
TKT004944,CUST002413,2025-07-01,Late payment inquiry,1
TKT004945,CUST002413,2025-08-01,Rewards points issue,1
TKT004946,CUST002413,2025-08-01,App/website login issue,1
TKT004947,CUST002413,2025-08-01,General inquiry,1
TKT004948,CUST002413,2025-09-01,Billing dispute,1
TKT004949,CUST002413,2025-09-01,Billing dispute,1
TKT004950,CUST002419,2025-04-01,App/website login issue,1
TKT004951,CUST002423,2025-01-01,Late payment inquiry,1
TKT004952,CUST002423,2025-05-01,Billing dispute,1
TKT004953,CUST002423,2025-07-01,Billing dispute,0
TKT004954,CUST002423,2025-08-01,Fee complaint,0
TKT004955,CUST002423,2025-09-01,Fee complaint,1
TKT004956,CUST002423,2025-10-01,Late payment inquiry,1
TKT004957,CUST002423,2025-12-01,Fee complaint,1
TKT004958,CUST002427,2025-01-01,Card not working,1
TKT004959,CUST002427,2025-02-01,Card not working,1
TKT004960,CUST002427,2025-04-01,Billing dispute,1
TKT004961,CUST002427,2025-04-01,Billing dispute,1
TKT004962,CUST002427,2025-04-01,Fraud concern,0
TKT004963,CUST002427,2025-05-01,Billing dispute,0
TKT004964,CUST002427,2025-06-01,Billing dispute,1
TKT004965,CUST002427,2025-06-01,Requesting card cancellation,1
TKT004966,CUST002427,2025-08-01,Fee complaint,1
TKT004967,CUST002427,2025-09-01,Billing dispute,0
TKT004968,CUST002427,2025-09-01,Fee complaint,1
TKT004969,CUST002427,2025-10-01,General inquiry,1
TKT004970,CUST002427,2025-11-01,General inquiry,1
TKT004971,CUST002427,2025-12-01,Card not working,1
TKT004972,CUST002428,2025-02-01,Billing dispute,1
TKT004973,CUST002428,2025-02-01,General inquiry,1
TKT004974,CUST002428,2025-03-01,Card not working,0
TKT004975,CUST002428,2025-04-01,Requesting credit limit increase,1
TKT004976,CUST002428,2025-04-01,Fee complaint,1
TKT004977,CUST002428,2025-04-01,Requesting card cancellation,1
TKT004978,CUST002435,2025-09-01,Requesting credit limit increase,1
TKT004979,CUST002440,2025-07-01,Rewards points issue,1
TKT004980,CUST002440,2025-07-01,Billing dispute,1
TKT004981,CUST002440,2025-07-01,Fee complaint,1
TKT004982,CUST002440,2025-08-01,Fee complaint,1
TKT004983,CUST002440,2025-08-01,Rewards points issue,0
TKT004984,CUST002440,2025-08-01,Billing dispute,1
TKT004985,CUST002443,2025-01-01,General inquiry,1
TKT004986,CUST002443,2025-01-01,Billing dispute,0
TKT004987,CUST002444,2025-04-01,Late payment inquiry,1
TKT004988,CUST002447,2025-03-01,Fee complaint,1
TKT004989,CUST002447,2025-03-01,Requesting credit limit increase,1
TKT004990,CUST002447,2025-04-01,General inquiry,1
TKT004991,CUST002452,2025-07-01,General inquiry,1
TKT004992,CUST002452,2025-08-01,App/website login issue,0
TKT004993,CUST002454,2025-01-01,Fee complaint,1
TKT004994,CUST002454,2025-01-01,Rewards points issue,1
TKT004995,CUST002454,2025-02-01,App/website login issue,1
TKT004996,CUST002454,2025-02-01,Rewards points issue,0
TKT004997,CUST002454,2025-02-01,Requesting credit limit increase,1
TKT004998,CUST002454,2025-04-01,Billing dispute,0
TKT004999,CUST002454,2025-05-01,App/website login issue,1
TKT005000,CUST002454,2025-05-01,Late payment inquiry,1
TKT005001,CUST002454,2025-05-01,Billing dispute,1
TKT005002,CUST002454,2025-08-01,Fee complaint,1
TKT005003,CUST002454,2025-08-01,Requesting card cancellation,0
TKT005004,CUST002454,2025-09-01,Card not working,1
TKT005005,CUST002454,2025-10-01,Requesting card cancellation,0
TKT005006,CUST002454,2025-10-01,Requesting card cancellation,1
TKT005007,CUST002454,2025-12-01,General inquiry,1
TKT005008,CUST002454,2025-12-01,Fee complaint,1
TKT005009,CUST002456,2025-06-01,Requesting credit limit increase,1
TKT005010,CUST002456,2025-06-01,Late payment inquiry,1
TKT005011,CUST002456,2025-07-01,Billing dispute,1
TKT005012,CUST002468,2025-01-01,Billing dispute,1
TKT005013,CUST002468,2025-02-01,Billing dispute,1
TKT005014,CUST002468,2025-04-01,Billing dispute,1
TKT005015,CUST002468,2025-05-01,App/website login issue,1
TKT005016,CUST002468,2025-05-01,Late payment inquiry,1
TKT005017,CUST002468,2025-06-01,Fee complaint,0
TKT005018,CUST002468,2025-08-01,Rewards points issue,1
TKT005019,CUST002468,2025-09-01,Fee complaint,1
TKT005020,CUST002468,2025-10-01,Rewards points issue,1
TKT005021,CUST002468,2025-10-01,Requesting credit limit increase,1
TKT005022,CUST002468,2025-12-01,General inquiry,1
TKT005023,CUST002468,2025-12-01,Late payment inquiry,1
TKT005024,CUST002468,2025-12-01,Requesting card cancellation,1
TKT005025,CUST002469,2025-02-01,Rewards points issue,1
TKT005026,CUST002469,2025-02-01,Late payment inquiry,0
TKT005027,CUST002469,2025-02-01,Late payment inquiry,1
TKT005028,CUST002469,2025-04-01,Requesting credit limit increase,1
TKT005029,CUST002469,2025-04-01,Fee complaint,1
TKT005030,CUST002469,2025-06-01,Late payment inquiry,1
TKT005031,CUST002469,2025-06-01,Late payment inquiry,1
TKT005032,CUST002469,2025-07-01,Fee complaint,1
TKT005033,CUST002469,2025-07-01,Requesting credit limit increase,1
TKT005034,CUST002469,2025-08-01,Requesting credit limit increase,1
TKT005035,CUST002469,2025-09-01,Billing dispute,1
TKT005036,CUST002469,2025-09-01,Late payment inquiry,1
TKT005037,CUST002469,2025-11-01,Late payment inquiry,1
TKT005038,CUST002469,2025-11-01,Requesting credit limit increase,1
TKT005039,CUST002469,2025-11-01,Card not working,1
TKT005040,CUST002469,2025-12-01,Requesting credit limit increase,1
TKT005041,CUST002474,2025-01-01,Late payment inquiry,1
TKT005042,CUST002474,2025-02-01,Billing dispute,1
TKT005043,CUST002474,2025-02-01,App/website login issue,1
TKT005044,CUST002474,2025-02-01,Late payment inquiry,1
TKT005045,CUST002474,2025-03-01,App/website login issue,1
TKT005046,CUST002474,2025-05-01,App/website login issue,1
TKT005047,CUST002474,2025-06-01,Requesting credit limit increase,1
TKT005048,CUST002474,2025-07-01,Rewards points issue,0
TKT005049,CUST002474,2025-09-01,General inquiry,0
TKT005050,CUST002474,2025-11-01,Fee complaint,1
TKT005051,CUST002474,2025-12-01,Fee complaint,1
TKT005052,CUST002475,2025-01-01,General inquiry,0
TKT005053,CUST002475,2025-01-01,Fee complaint,1
TKT005054,CUST002475,2025-01-01,Fraud concern,1
TKT005055,CUST002475,2025-01-01,Fee complaint,0
TKT005056,CUST002475,2025-02-01,Fraud concern,1
TKT005057,CUST002475,2025-03-01,Requesting card cancellation,0
TKT005058,CUST002475,2025-06-01,General inquiry,1
TKT005059,CUST002475,2025-06-01,Requesting card cancellation,1
TKT005060,CUST002475,2025-06-01,Billing dispute,1
TKT005061,CUST002475,2025-07-01,Requesting card cancellation,0
TKT005062,CUST002475,2025-07-01,General inquiry,1
TKT005063,CUST002475,2025-07-01,Rewards points issue,0
TKT005064,CUST002475,2025-08-01,Rewards points issue,1
TKT005065,CUST002476,2025-03-01,Card not working,1
TKT005066,CUST002476,2025-04-01,Fee complaint,1
TKT005067,CUST002476,2025-04-01,Late payment inquiry,0
TKT005068,CUST002480,2025-04-01,Card not working,1
TKT005069,CUST002480,2025-04-01,Rewards points issue,1
TKT005070,CUST002480,2025-05-01,Rewards points issue,1
TKT005071,CUST002480,2025-06-01,Fraud concern,0
TKT005072,CUST002481,2025-01-01,Card not working,1
TKT005073,CUST002481,2025-03-01,Billing dispute,1
TKT005074,CUST002481,2025-03-01,Requesting credit limit increase,0
TKT005075,CUST002481,2025-06-01,Billing dispute,0
TKT005076,CUST002481,2025-08-01,Requesting card cancellation,0
TKT005077,CUST002481,2025-09-01,App/website login issue,1
TKT005078,CUST002481,2025-10-01,General inquiry,0
TKT005079,CUST002481,2025-11-01,Late payment inquiry,1
TKT005080,CUST002481,2025-11-01,Card not working,1
TKT005081,CUST002481,2025-12-01,Requesting credit limit increase,1
TKT005082,CUST002487,2025-04-01,Fee complaint,1
TKT005083,CUST002487,2025-04-01,Rewards points issue,1
TKT005084,CUST002487,2025-04-01,Requesting credit limit increase,1
TKT005085,CUST002487,2025-05-01,Card not working,0
TKT005086,CUST002487,2025-05-01,Billing dispute,1
TKT005087,CUST002487,2025-05-01,Card not working,1
TKT005088,CUST002487,2025-07-01,Card not working,1
TKT005089,CUST002487,2025-08-01,Fee complaint,1
TKT005090,CUST002487,2025-08-01,App/website login issue,1
TKT005091,CUST002487,2025-08-01,Late payment inquiry,1
TKT005092,CUST002487,2025-08-01,Requesting card cancellation,1
TKT005093,CUST002487,2025-08-01,Requesting credit limit increase,0
TKT005094,CUST002487,2025-09-01,Billing dispute,1
TKT005095,CUST002487,2025-10-01,Rewards points issue,1
TKT005096,CUST002487,2025-10-01,Card not working,1
TKT005097,CUST002487,2025-12-01,General inquiry,1
TKT005098,CUST002487,2025-12-01,Late payment inquiry,1
TKT005099,CUST002491,2025-03-01,Fee complaint,1
TKT005100,CUST002493,2025-01-01,General inquiry,1
TKT005101,CUST002493,2025-01-01,Rewards points issue,1
TKT005102,CUST002493,2025-01-01,General inquiry,1
TKT005103,CUST002493,2025-02-01,Fee complaint,1
TKT005104,CUST002493,2025-02-01,General inquiry,0
TKT005105,CUST002493,2025-03-01,Fee complaint,1
TKT005106,CUST002493,2025-07-01,General inquiry,1
TKT005107,CUST002495,2025-01-01,Card not working,1
TKT005108,CUST002495,2025-02-01,Billing dispute,1
TKT005109,CUST002495,2025-02-01,Fee complaint,1
TKT005110,CUST002495,2025-02-01,Late payment inquiry,1
TKT005111,CUST002495,2025-03-01,Rewards points issue,1
TKT005112,CUST002495,2025-04-01,Card not working,1
TKT005113,CUST002495,2025-05-01,General inquiry,1
TKT005114,CUST002495,2025-06-01,Fee complaint,1
TKT005115,CUST002495,2025-07-01,Requesting card cancellation,1
TKT005116,CUST002495,2025-08-01,Requesting credit limit increase,1
TKT005117,CUST002495,2025-09-01,Card not working,0
TKT005118,CUST002495,2025-11-01,General inquiry,1
TKT005119,CUST002495,2025-11-01,Requesting credit limit increase,1
TKT005120,CUST002495,2025-12-01,Late payment inquiry,1
TKT005121,CUST002496,2025-05-01,General inquiry,1
TKT005122,CUST002496,2025-05-01,General inquiry,1
TKT005123,CUST002496,2025-05-01,General inquiry,1
TKT005124,CUST002496,2025-07-01,Fraud concern,0
TKT005125,CUST002500,2025-03-01,Card not working,0
TKT005126,CUST002500,2025-04-01,Rewards points issue,1
TKT005127,CUST002500,2025-04-01,Fee complaint,1
TKT005128,CUST002500,2025-05-01,Card not working,1
TKT005129,CUST002500,2025-05-01,Card not working,1
TKT005130,CUST002500,2025-05-01,Card not working,0
TKT005131,CUST002500,2025-08-01,Fee complaint,1
TKT005132,CUST002500,2025-08-01,Late payment inquiry,1
TKT005133,CUST002500,2025-08-01,Card not working,1
TKT005134,CUST002500,2025-10-01,Rewards points issue,1
TKT005135,CUST002500,2025-10-01,Billing dispute,1
TKT005136,CUST002500,2025-11-01,Requesting card cancellation,1
TKT005137,CUST002500,2025-11-01,Requesting credit limit increase,1
TKT005138,CUST002500,2025-12-01,Billing dispute,1
TKT005139,CUST002500,2025-12-01,Fee complaint,1
TKT005140,CUST002500,2025-12-01,Billing dispute,1
TKT005141,CUST002502,2025-07-01,Billing dispute,1
TKT005142,CUST002502,2025-07-01,Fraud concern,1
TKT005143,CUST002502,2025-08-01,Billing dispute,1
TKT005144,CUST002502,2025-08-01,Requesting card cancellation,1
TKT005145,CUST002502,2025-09-01,Late payment inquiry,1
TKT005146,CUST002504,2025-06-01,Fraud concern,1
TKT005147,CUST002504,2025-06-01,Fraud concern,1
TKT005148,CUST002504,2025-07-01,Billing dispute,1
TKT005149,CUST002504,2025-07-01,Late payment inquiry,1
TKT005150,CUST002504,2025-08-01,App/website login issue,1
TKT005151,CUST002508,2025-02-01,General inquiry,1
TKT005152,CUST002508,2025-03-01,Requesting card cancellation,1
TKT005153,CUST002508,2025-03-01,Billing dispute,1
TKT005154,CUST002508,2025-04-01,Rewards points issue,1
TKT005155,CUST002508,2025-05-01,Requesting card cancellation,1
TKT005156,CUST002508,2025-06-01,Card not working,1
TKT005157,CUST002508,2025-08-01,General inquiry,1
TKT005158,CUST002508,2025-08-01,Late payment inquiry,0
TKT005159,CUST002508,2025-09-01,Fee complaint,0
TKT005160,CUST002508,2025-09-01,App/website login issue,1
TKT005161,CUST002508,2025-10-01,App/website login issue,1
TKT005162,CUST002508,2025-12-01,General inquiry,1
TKT005163,CUST002513,2025-02-01,Card not working,0
TKT005164,CUST002513,2025-02-01,Card not working,1
TKT005165,CUST002513,2025-04-01,App/website login issue,1
TKT005166,CUST002513,2025-06-01,App/website login issue,1
TKT005167,CUST002513,2025-07-01,General inquiry,1
TKT005168,CUST002513,2025-08-01,Billing dispute,1
TKT005169,CUST002513,2025-09-01,App/website login issue,1
TKT005170,CUST002513,2025-10-01,Fee complaint,1
TKT005171,CUST002513,2025-10-01,Requesting card cancellation,1
TKT005172,CUST002513,2025-10-01,Requesting card cancellation,1
TKT005173,CUST002513,2025-11-01,Fee complaint,1
TKT005174,CUST002513,2025-11-01,Requesting card cancellation,1
TKT005175,CUST002516,2025-04-01,Card not working,0
TKT005176,CUST002517,2025-09-01,Rewards points issue,1
TKT005177,CUST002518,2025-01-01,General inquiry,1
TKT005178,CUST002518,2025-03-01,Card not working,1
TKT005179,CUST002518,2025-03-01,Fee complaint,1
TKT005180,CUST002518,2025-04-01,Requesting credit limit increase,1
TKT005181,CUST002518,2025-05-01,Rewards points issue,1
TKT005182,CUST002518,2025-06-01,Late payment inquiry,1
TKT005183,CUST002518,2025-06-01,Requesting card cancellation,1
TKT005184,CUST002518,2025-06-01,Requesting credit limit increase,1
TKT005185,CUST002518,2025-06-01,Billing dispute,1
TKT005186,CUST002518,2025-07-01,Card not working,0
TKT005187,CUST002518,2025-09-01,App/website login issue,0
TKT005188,CUST002518,2025-09-01,Fee complaint,1
TKT005189,CUST002518,2025-12-01,Requesting credit limit increase,0
TKT005190,CUST002520,2025-01-01,Billing dispute,1
TKT005191,CUST002520,2025-01-01,Rewards points issue,1
TKT005192,CUST002520,2025-03-01,Rewards points issue,0
TKT005193,CUST002520,2025-04-01,Rewards points issue,1
TKT005194,CUST002520,2025-04-01,Fee complaint,0
TKT005195,CUST002520,2025-05-01,Rewards points issue,1
TKT005196,CUST002520,2025-05-01,App/website login issue,1
TKT005197,CUST002520,2025-06-01,Billing dispute,1
TKT005198,CUST002520,2025-07-01,Billing dispute,1
TKT005199,CUST002520,2025-07-01,Billing dispute,1
TKT005200,CUST002520,2025-07-01,Rewards points issue,0
TKT005201,CUST002520,2025-08-01,Card not working,1
TKT005202,CUST002520,2025-08-01,Rewards points issue,1
TKT005203,CUST002520,2025-08-01,Rewards points issue,0
TKT005204,CUST002520,2025-11-01,Requesting card cancellation,0
TKT005205,CUST002520,2025-11-01,Requesting card cancellation,1
TKT005206,CUST002520,2025-12-01,App/website login issue,1
TKT005207,CUST002520,2025-12-01,Rewards points issue,1
TKT005208,CUST002522,2025-01-01,Fee complaint,1
TKT005209,CUST002522,2025-01-01,Requesting credit limit increase,1
TKT005210,CUST002522,2025-02-01,General inquiry,1
TKT005211,CUST002522,2025-03-01,Rewards points issue,1
TKT005212,CUST002522,2025-05-01,Card not working,1
TKT005213,CUST002522,2025-06-01,Billing dispute,1
TKT005214,CUST002522,2025-07-01,App/website login issue,1
TKT005215,CUST002522,2025-08-01,App/website login issue,0
TKT005216,CUST002522,2025-09-01,Billing dispute,1
TKT005217,CUST002522,2025-10-01,Billing dispute,1
TKT005218,CUST002522,2025-10-01,Late payment inquiry,0
TKT005219,CUST002522,2025-11-01,Late payment inquiry,1
TKT005220,CUST002522,2025-11-01,Requesting card cancellation,1
TKT005221,CUST002522,2025-12-01,Fee complaint,1
TKT005222,CUST002522,2025-12-01,Billing dispute,1
TKT005223,CUST002524,2025-01-01,Card not working,1
TKT005224,CUST002524,2025-01-01,General inquiry,1
TKT005225,CUST002524,2025-03-01,Rewards points issue,1
TKT005226,CUST002524,2025-04-01,Billing dispute,1
TKT005227,CUST002524,2025-05-01,Requesting card cancellation,1
TKT005228,CUST002524,2025-05-01,Requesting card cancellation,1
TKT005229,CUST002524,2025-06-01,App/website login issue,1
TKT005230,CUST002524,2025-07-01,Fee complaint,1
TKT005231,CUST002524,2025-07-01,Fee complaint,1
TKT005232,CUST002524,2025-07-01,App/website login issue,1
TKT005233,CUST002524,2025-09-01,Billing dispute,1
TKT005234,CUST002524,2025-09-01,Card not working,1
TKT005235,CUST002524,2025-10-01,Card not working,1
TKT005236,CUST002524,2025-11-01,Requesting credit limit increase,1
TKT005237,CUST002524,2025-11-01,App/website login issue,0
TKT005238,CUST002524,2025-12-01,App/website login issue,1
TKT005239,CUST002524,2025-12-01,Fee complaint,1
TKT005240,CUST002526,2025-02-01,App/website login issue,1
TKT005241,CUST002526,2025-03-01,Late payment inquiry,1
TKT005242,CUST002526,2025-03-01,Rewards points issue,1
TKT005243,CUST002526,2025-03-01,Billing dispute,1
TKT005244,CUST002526,2025-05-01,Requesting card cancellation,0
TKT005245,CUST002526,2025-08-01,Billing dispute,1
TKT005246,CUST002526,2025-09-01,General inquiry,1
TKT005247,CUST002526,2025-09-01,App/website login issue,1
TKT005248,CUST002526,2025-09-01,Requesting card cancellation,1
TKT005249,CUST002533,2025-01-01,App/website login issue,1
TKT005250,CUST002533,2025-01-01,Card not working,1
TKT005251,CUST002533,2025-02-01,Fee complaint,1
TKT005252,CUST002533,2025-02-01,Rewards points issue,1
TKT005253,CUST002533,2025-05-01,General inquiry,1
TKT005254,CUST002533,2025-05-01,Billing dispute,1
TKT005255,CUST002533,2025-06-01,General inquiry,0
TKT005256,CUST002533,2025-06-01,Card not working,1
TKT005257,CUST002533,2025-09-01,Requesting card cancellation,1
TKT005258,CUST002533,2025-09-01,Billing dispute,1
TKT005259,CUST002533,2025-10-01,General inquiry,1
TKT005260,CUST002533,2025-11-01,Requesting card cancellation,1
TKT005261,CUST002533,2025-12-01,Late payment inquiry,1
TKT005262,CUST002535,2025-07-01,App/website login issue,1
TKT005263,CUST002535,2025-08-01,App/website login issue,1
TKT005264,CUST002541,2025-06-01,Fraud concern,0
TKT005265,CUST002541,2025-07-01,Rewards points issue,1
TKT005266,CUST002541,2025-08-01,Rewards points issue,1
TKT005267,CUST002541,2025-08-01,Card not working,1
TKT005268,CUST002542,2025-02-01,Rewards points issue,1
TKT005269,CUST002542,2025-02-01,Rewards points issue,0
TKT005270,CUST002544,2025-04-01,Late payment inquiry,1
TKT005271,CUST002544,2025-04-01,App/website login issue,1
TKT005272,CUST002544,2025-06-01,Billing dispute,1
TKT005273,CUST002544,2025-06-01,Requesting card cancellation,1
TKT005274,CUST002545,2025-01-01,Rewards points issue,1
TKT005275,CUST002545,2025-02-01,General inquiry,1
TKT005276,CUST002545,2025-03-01,Fraud concern,1
TKT005277,CUST002545,2025-04-01,Fee complaint,1
TKT005278,CUST002545,2025-04-01,App/website login issue,0
TKT005279,CUST002545,2025-05-01,Card not working,1
TKT005280,CUST002545,2025-06-01,Rewards points issue,0
TKT005281,CUST002545,2025-10-01,Rewards points issue,1
TKT005282,CUST002545,2025-10-01,Requesting card cancellation,0
TKT005283,CUST002547,2025-01-01,Requesting card cancellation,1
TKT005284,CUST002547,2025-01-01,Requesting card cancellation,1
TKT005285,CUST002547,2025-03-01,Late payment inquiry,1
TKT005286,CUST002549,2025-06-01,Card not working,1
TKT005287,CUST002549,2025-07-01,General inquiry,1
TKT005288,CUST002549,2025-07-01,Billing dispute,1
TKT005289,CUST002551,2025-07-01,Fee complaint,1
TKT005290,CUST002551,2025-07-01,App/website login issue,1
TKT005291,CUST002551,2025-08-01,General inquiry,1
TKT005292,CUST002557,2025-02-01,Fee complaint,1
TKT005293,CUST002557,2025-04-01,General inquiry,1
TKT005294,CUST002557,2025-05-01,Fee complaint,1
TKT005295,CUST002557,2025-08-01,General inquiry,1
TKT005296,CUST002557,2025-08-01,App/website login issue,1
TKT005297,CUST002557,2025-09-01,General inquiry,0
TKT005298,CUST002557,2025-09-01,Billing dispute,1
TKT005299,CUST002557,2025-10-01,General inquiry,1
TKT005300,CUST002557,2025-12-01,App/website login issue,0
TKT005301,CUST002557,2025-12-01,Late payment inquiry,1
TKT005302,CUST002557,2025-12-01,Requesting card cancellation,1
TKT005303,CUST002557,2025-12-01,Fee complaint,1
TKT005304,CUST002559,2025-04-01,Fee complaint,0
TKT005305,CUST002559,2025-04-01,App/website login issue,1
TKT005306,CUST002559,2025-04-01,Late payment inquiry,1
TKT005307,CUST002559,2025-05-01,Fee complaint,1
TKT005308,CUST002559,2025-05-01,Fee complaint,1
TKT005309,CUST002559,2025-05-01,Rewards points issue,0
TKT005310,CUST002560,2025-03-01,Late payment inquiry,1
TKT005311,CUST002560,2025-04-01,Rewards points issue,1
TKT005312,CUST002561,2025-02-01,Billing dispute,1
TKT005313,CUST002561,2025-02-01,Billing dispute,0
TKT005314,CUST002561,2025-02-01,Requesting card cancellation,1
TKT005315,CUST002561,2025-03-01,Late payment inquiry,1
TKT005316,CUST002561,2025-04-01,Rewards points issue,1
TKT005317,CUST002564,2025-02-01,Billing dispute,1
TKT005318,CUST002564,2025-02-01,Late payment inquiry,1
TKT005319,CUST002564,2025-03-01,App/website login issue,1
TKT005320,CUST002564,2025-04-01,Fee complaint,1
TKT005321,CUST002564,2025-04-01,Fee complaint,1
TKT005322,CUST002564,2025-05-01,Billing dispute,1
TKT005323,CUST002564,2025-05-01,Fraud concern,0
TKT005324,CUST002564,2025-05-01,Fee complaint,0
TKT005325,CUST002564,2025-07-01,General inquiry,1
TKT005326,CUST002564,2025-08-01,App/website login issue,0
TKT005327,CUST002564,2025-08-01,General inquiry,1
TKT005328,CUST002564,2025-09-01,Billing dispute,1
TKT005329,CUST002564,2025-09-01,Card not working,1
TKT005330,CUST002564,2025-10-01,General inquiry,1
TKT005331,CUST002564,2025-10-01,Fee complaint,1
TKT005332,CUST002564,2025-12-01,Requesting credit limit increase,0
TKT005333,CUST002564,2025-12-01,Rewards points issue,0
TKT005334,CUST002574,2025-01-01,Requesting card cancellation,1
TKT005335,CUST002574,2025-01-01,App/website login issue,1
TKT005336,CUST002574,2025-01-01,General inquiry,1
TKT005337,CUST002574,2025-02-01,Requesting card cancellation,1
TKT005338,CUST002574,2025-02-01,Requesting card cancellation,1
TKT005339,CUST002574,2025-03-01,Card not working,1
TKT005340,CUST002574,2025-05-01,Card not working,1
TKT005341,CUST002574,2025-07-01,Fee complaint,1
TKT005342,CUST002574,2025-07-01,Requesting card cancellation,1
TKT005343,CUST002574,2025-09-01,Card not working,1
TKT005344,CUST002574,2025-09-01,App/website login issue,1
TKT005345,CUST002574,2025-10-01,App/website login issue,1
TKT005346,CUST002574,2025-12-01,General inquiry,1
TKT005347,CUST002579,2025-01-01,General inquiry,1
TKT005348,CUST002579,2025-02-01,Card not working,1
TKT005349,CUST002579,2025-02-01,App/website login issue,1
TKT005350,CUST002581,2025-01-01,Requesting card cancellation,1
TKT005351,CUST002581,2025-02-01,General inquiry,1
TKT005352,CUST002581,2025-04-01,Billing dispute,1
TKT005353,CUST002581,2025-05-01,Rewards points issue,1
TKT005354,CUST002581,2025-07-01,Late payment inquiry,1
TKT005355,CUST002581,2025-07-01,General inquiry,1
TKT005356,CUST002581,2025-09-01,General inquiry,1
TKT005357,CUST002581,2025-12-01,Late payment inquiry,1
TKT005358,CUST002581,2025-12-01,Late payment inquiry,1
TKT005359,CUST002583,2025-02-01,App/website login issue,1
TKT005360,CUST002583,2025-03-01,Rewards points issue,1
TKT005361,CUST002583,2025-04-01,Fee complaint,1
TKT005362,CUST002583,2025-04-01,App/website login issue,1
TKT005363,CUST002583,2025-04-01,Rewards points issue,1
TKT005364,CUST002584,2025-02-01,Fee complaint,0
TKT005365,CUST002584,2025-03-01,Billing dispute,1
TKT005366,CUST002584,2025-04-01,General inquiry,1
TKT005367,CUST002584,2025-04-01,App/website login issue,1
TKT005368,CUST002584,2025-04-01,General inquiry,1
TKT005369,CUST002584,2025-04-01,Fee complaint,1
TKT005370,CUST002585,2025-05-01,Card not working,1
TKT005371,CUST002585,2025-06-01,Requesting credit limit increase,0
TKT005372,CUST002585,2025-06-01,Fee complaint,1
TKT005373,CUST002585,2025-06-01,Fee complaint,1
TKT005374,CUST002588,2025-03-01,Requesting credit limit increase,1
TKT005375,CUST002588,2025-03-01,App/website login issue,1
TKT005376,CUST002588,2025-03-01,Late payment inquiry,1
TKT005377,CUST002588,2025-03-01,Rewards points issue,1
TKT005378,CUST002588,2025-04-01,Billing dispute,1
TKT005379,CUST002588,2025-08-01,Billing dispute,0
TKT005380,CUST002588,2025-10-01,App/website login issue,1
TKT005381,CUST002588,2025-11-01,Requesting credit limit increase,1
TKT005382,CUST002588,2025-12-01,App/website login issue,1
TKT005383,CUST002590,2025-02-01,Billing dispute,1
TKT005384,CUST002590,2025-04-01,General inquiry,1
TKT005385,CUST002590,2025-05-01,General inquiry,1
TKT005386,CUST002590,2025-05-01,Fee complaint,1
TKT005387,CUST002590,2025-06-01,Requesting card cancellation,1
TKT005388,CUST002590,2025-06-01,Requesting card cancellation,1
TKT005389,CUST002590,2025-06-01,General inquiry,0
TKT005390,CUST002590,2025-06-01,Fee complaint,1
TKT005391,CUST002590,2025-07-01,App/website login issue,1
TKT005392,CUST002590,2025-09-01,App/website login issue,1
TKT005393,CUST002590,2025-11-01,Card not working,0
TKT005394,CUST002594,2025-02-01,Requesting credit limit increase,0
TKT005395,CUST002594,2025-03-01,Fee complaint,1
TKT005396,CUST002597,2025-01-01,Rewards points issue,1
TKT005397,CUST002597,2025-01-01,Fee complaint,1
TKT005398,CUST002597,2025-02-01,App/website login issue,1
TKT005399,CUST002597,2025-02-01,Fee complaint,1
TKT005400,CUST002598,2025-06-01,Rewards points issue,0
TKT005401,CUST002598,2025-07-01,Billing dispute,1
TKT005402,CUST002598,2025-07-01,Fee complaint,1
TKT005403,CUST002598,2025-07-01,Fee complaint,1
TKT005404,CUST002598,2025-08-01,Fee complaint,1
TKT005405,CUST002604,2025-02-01,Billing dispute,1
TKT005406,CUST002604,2025-04-01,Fraud concern,1
TKT005407,CUST002604,2025-05-01,Requesting credit limit increase,1
TKT005408,CUST002604,2025-05-01,Billing dispute,1
TKT005409,CUST002604,2025-05-01,General inquiry,1
TKT005410,CUST002604,2025-06-01,Card not working,1
TKT005411,CUST002604,2025-06-01,Card not working,1
TKT005412,CUST002604,2025-07-01,Billing dispute,1
TKT005413,CUST002604,2025-08-01,Requesting card cancellation,1
TKT005414,CUST002604,2025-12-01,Billing dispute,1
TKT005415,CUST002608,2025-01-01,Card not working,1
TKT005416,CUST002608,2025-02-01,Billing dispute,1
TKT005417,CUST002608,2025-04-01,Billing dispute,1
TKT005418,CUST002608,2025-04-01,Requesting card cancellation,1
TKT005419,CUST002608,2025-06-01,Requesting card cancellation,1
TKT005420,CUST002608,2025-08-01,Card not working,1
TKT005421,CUST002608,2025-09-01,Requesting card cancellation,1
TKT005422,CUST002608,2025-10-01,Requesting credit limit increase,0
TKT005423,CUST002608,2025-12-01,General inquiry,1
TKT005424,CUST002609,2025-01-01,Late payment inquiry,1
TKT005425,CUST002609,2025-01-01,Rewards points issue,1
TKT005426,CUST002609,2025-02-01,Rewards points issue,1
TKT005427,CUST002609,2025-03-01,Billing dispute,1
TKT005428,CUST002609,2025-03-01,Fraud concern,1
TKT005429,CUST002610,2025-01-01,General inquiry,1
TKT005430,CUST002610,2025-02-01,General inquiry,1
TKT005431,CUST002621,2025-01-01,Late payment inquiry,1
TKT005432,CUST002621,2025-02-01,Rewards points issue,1
TKT005433,CUST002621,2025-03-01,Rewards points issue,0
TKT005434,CUST002621,2025-03-01,Requesting credit limit increase,1
TKT005435,CUST002626,2025-01-01,Fee complaint,1
TKT005436,CUST002626,2025-01-01,Late payment inquiry,1
TKT005437,CUST002626,2025-02-01,Billing dispute,1
TKT005438,CUST002626,2025-02-01,Late payment inquiry,1
TKT005439,CUST002626,2025-03-01,General inquiry,1
TKT005440,CUST002626,2025-05-01,Rewards points issue,1
TKT005441,CUST002626,2025-06-01,Late payment inquiry,1
TKT005442,CUST002626,2025-07-01,Fee complaint,1
TKT005443,CUST002626,2025-07-01,App/website login issue,0
TKT005444,CUST002626,2025-08-01,Requesting card cancellation,1
TKT005445,CUST002626,2025-08-01,Late payment inquiry,1
TKT005446,CUST002626,2025-08-01,Requesting card cancellation,1
TKT005447,CUST002626,2025-09-01,Rewards points issue,1
TKT005448,CUST002626,2025-09-01,Billing dispute,1
TKT005449,CUST002626,2025-10-01,App/website login issue,1
TKT005450,CUST002626,2025-12-01,Card not working,1
TKT005451,CUST002626,2025-12-01,Billing dispute,1
TKT005452,CUST002626,2025-12-01,Requesting card cancellation,1
TKT005453,CUST002631,2025-01-01,Fee complaint,1
TKT005454,CUST002631,2025-02-01,App/website login issue,1
TKT005455,CUST002631,2025-02-01,Late payment inquiry,1
TKT005456,CUST002631,2025-02-01,Fee complaint,1
TKT005457,CUST002631,2025-02-01,Card not working,1
TKT005458,CUST002631,2025-03-01,Fee complaint,1
TKT005459,CUST002631,2025-03-01,App/website login issue,1
TKT005460,CUST002631,2025-04-01,Card not working,1
TKT005461,CUST002631,2025-04-01,Rewards points issue,0
TKT005462,CUST002631,2025-05-01,Billing dispute,1
TKT005463,CUST002631,2025-05-01,Rewards points issue,0
TKT005464,CUST002631,2025-09-01,General inquiry,1
TKT005465,CUST002631,2025-09-01,Requesting credit limit increase,1
TKT005466,CUST002631,2025-10-01,App/website login issue,1
TKT005467,CUST002631,2025-10-01,Card not working,1
TKT005468,CUST002631,2025-12-01,Fee complaint,0
TKT005469,CUST002631,2025-12-01,Billing dispute,1
TKT005470,CUST002638,2025-07-01,Rewards points issue,0
TKT005471,CUST002638,2025-07-01,Card not working,1
TKT005472,CUST002638,2025-09-01,App/website login issue,1
TKT005473,CUST002639,2025-01-01,App/website login issue,0
TKT005474,CUST002639,2025-01-01,Late payment inquiry,1
TKT005475,CUST002639,2025-02-01,Requesting credit limit increase,1
TKT005476,CUST002639,2025-02-01,Late payment inquiry,1
TKT005477,CUST002639,2025-03-01,Billing dispute,1
TKT005478,CUST002641,2025-07-01,Billing dispute,1
TKT005479,CUST002641,2025-08-01,Fee complaint,1
TKT005480,CUST002641,2025-09-01,Billing dispute,1
TKT005481,CUST002645,2025-07-01,Fee complaint,1
TKT005482,CUST002645,2025-08-01,Card not working,1
TKT005483,CUST002648,2025-01-01,General inquiry,1
TKT005484,CUST002648,2025-02-01,Card not working,1
TKT005485,CUST002648,2025-02-01,App/website login issue,1
TKT005486,CUST002648,2025-02-01,Fee complaint,0
TKT005487,CUST002648,2025-03-01,General inquiry,1
TKT005488,CUST002648,2025-04-01,Late payment inquiry,1
TKT005489,CUST002648,2025-06-01,Late payment inquiry,1
TKT005490,CUST002648,2025-08-01,Card not working,0
TKT005491,CUST002648,2025-09-01,General inquiry,1
TKT005492,CUST002648,2025-10-01,Fee complaint,0
TKT005493,CUST002648,2025-12-01,General inquiry,1
TKT005494,CUST002648,2025-12-01,Card not working,1
TKT005495,CUST002648,2025-12-01,Billing dispute,0
TKT005496,CUST002649,2025-02-01,Fee complaint,0
TKT005497,CUST002649,2025-06-01,Late payment inquiry,1
TKT005498,CUST002649,2025-10-01,Rewards points issue,1
TKT005499,CUST002649,2025-10-01,Card not working,1
TKT005500,CUST002649,2025-11-01,General inquiry,1
TKT005501,CUST002659,2025-01-01,General inquiry,1
TKT005502,CUST002659,2025-01-01,Fraud concern,1
TKT005503,CUST002659,2025-02-01,Requesting card cancellation,1
TKT005504,CUST002659,2025-03-01,Requesting card cancellation,1
TKT005505,CUST002659,2025-03-01,Requesting credit limit increase,1
TKT005506,CUST002659,2025-03-01,Billing dispute,1
TKT005507,CUST002659,2025-04-01,Fee complaint,1
TKT005508,CUST002659,2025-05-01,Fee complaint,1
TKT005509,CUST002659,2025-05-01,Late payment inquiry,1
TKT005510,CUST002659,2025-08-01,Requesting card cancellation,1
TKT005511,CUST002659,2025-10-01,App/website login issue,1
TKT005512,CUST002659,2025-11-01,App/website login issue,0
TKT005513,CUST002659,2025-11-01,Rewards points issue,1
TKT005514,CUST002659,2025-12-01,Billing dispute,1
TKT005515,CUST002665,2025-04-01,General inquiry,1
TKT005516,CUST002665,2025-04-01,App/website login issue,1
TKT005517,CUST002673,2025-03-01,Billing dispute,1
TKT005518,CUST002673,2025-05-01,General inquiry,1
TKT005519,CUST002673,2025-05-01,Fee complaint,1
TKT005520,CUST002674,2025-01-01,Requesting card cancellation,0
TKT005521,CUST002674,2025-06-01,Card not working,1
TKT005522,CUST002674,2025-06-01,Card not working,1
TKT005523,CUST002674,2025-06-01,Fee complaint,0
TKT005524,CUST002674,2025-07-01,Fee complaint,0
TKT005525,CUST002674,2025-09-01,Fraud concern,1
TKT005526,CUST002674,2025-11-01,Fraud concern,1
TKT005527,CUST002674,2025-11-01,Billing dispute,1
TKT005528,CUST002674,2025-12-01,App/website login issue,0
TKT005529,CUST002681,2025-08-01,Fee complaint,1
TKT005530,CUST002681,2025-09-01,Billing dispute,0
TKT005531,CUST002681,2025-09-01,Fraud concern,1
TKT005532,CUST002682,2025-04-01,Billing dispute,1
TKT005533,CUST002682,2025-05-01,Fee complaint,1
TKT005534,CUST002685,2025-01-01,Card not working,1
TKT005535,CUST002685,2025-03-01,Card not working,1
TKT005536,CUST002685,2025-05-01,Late payment inquiry,1
TKT005537,CUST002685,2025-05-01,Fee complaint,1
TKT005538,CUST002685,2025-06-01,App/website login issue,1
TKT005539,CUST002685,2025-08-01,Fee complaint,1
TKT005540,CUST002685,2025-09-01,Card not working,0
TKT005541,CUST002685,2025-10-01,Late payment inquiry,1
TKT005542,CUST002685,2025-10-01,Late payment inquiry,1
TKT005543,CUST002685,2025-11-01,Fee complaint,1
TKT005544,CUST002685,2025-12-01,Fraud concern,1
TKT005545,CUST002685,2025-12-01,Billing dispute,1
TKT005546,CUST002685,2025-12-01,Rewards points issue,0
TKT005547,CUST002691,2025-04-01,Late payment inquiry,1
TKT005548,CUST002691,2025-04-01,General inquiry,1
TKT005549,CUST002691,2025-05-01,Billing dispute,0
TKT005550,CUST002691,2025-08-01,Rewards points issue,1
TKT005551,CUST002691,2025-09-01,General inquiry,1
TKT005552,CUST002691,2025-09-01,Billing dispute,1
TKT005553,CUST002691,2025-10-01,Late payment inquiry,1
TKT005554,CUST002691,2025-11-01,Late payment inquiry,1
TKT005555,CUST002691,2025-12-01,Requesting card cancellation,1
TKT005556,CUST002693,2025-01-01,Card not working,0
TKT005557,CUST002693,2025-01-01,Requesting card cancellation,1
TKT005558,CUST002693,2025-02-01,Late payment inquiry,1
TKT005559,CUST002693,2025-02-01,Card not working,1
TKT005560,CUST002693,2025-03-01,Card not working,1
TKT005561,CUST002693,2025-03-01,General inquiry,1
TKT005562,CUST002693,2025-04-01,Fraud concern,0
TKT005563,CUST002693,2025-05-01,Requesting card cancellation,1
TKT005564,CUST002693,2025-06-01,Late payment inquiry,0
TKT005565,CUST002693,2025-06-01,App/website login issue,1
TKT005566,CUST002693,2025-06-01,Fee complaint,1
TKT005567,CUST002693,2025-06-01,Card not working,1
TKT005568,CUST002693,2025-07-01,General inquiry,1
TKT005569,CUST002693,2025-08-01,Card not working,1
TKT005570,CUST002693,2025-09-01,General inquiry,1
TKT005571,CUST002693,2025-10-01,Billing dispute,1
TKT005572,CUST002693,2025-11-01,General inquiry,0
TKT005573,CUST002693,2025-11-01,Fee complaint,1
TKT005574,CUST002693,2025-12-01,Rewards points issue,1
TKT005575,CUST002695,2025-09-01,Late payment inquiry,1
TKT005576,CUST002695,2025-10-01,Fee complaint,1
TKT005577,CUST002695,2025-10-01,Fee complaint,1
TKT005578,CUST002696,2025-04-01,Fee complaint,1
TKT005579,CUST002696,2025-05-01,Fee complaint,0
TKT005580,CUST002696,2025-06-01,Fee complaint,0
TKT005581,CUST002699,2025-03-01,General inquiry,1
TKT005582,CUST002699,2025-03-01,Requesting credit limit increase,1
TKT005583,CUST002699,2025-03-01,General inquiry,1
TKT005584,CUST002699,2025-03-01,Requesting card cancellation,0
TKT005585,CUST002699,2025-05-01,Requesting credit limit increase,1
TKT005586,CUST002699,2025-05-01,Card not working,1
TKT005587,CUST002699,2025-05-01,Billing dispute,1
TKT005588,CUST002699,2025-05-01,General inquiry,1
TKT005589,CUST002703,2025-01-01,Fee complaint,1
TKT005590,CUST002703,2025-01-01,Fraud concern,1
TKT005591,CUST002703,2025-02-01,Rewards points issue,1
TKT005592,CUST002703,2025-03-01,App/website login issue,1
TKT005593,CUST002703,2025-03-01,Fee complaint,1
TKT005594,CUST002703,2025-05-01,App/website login issue,1
TKT005595,CUST002703,2025-05-01,Billing dispute,1
TKT005596,CUST002703,2025-07-01,App/website login issue,0
TKT005597,CUST002703,2025-08-01,Billing dispute,1
TKT005598,CUST002703,2025-09-01,Fee complaint,1
TKT005599,CUST002703,2025-09-01,Requesting card cancellation,1
TKT005600,CUST002703,2025-10-01,Requesting card cancellation,1
TKT005601,CUST002703,2025-12-01,Fraud concern,0
TKT005602,CUST002703,2025-12-01,Fee complaint,1
TKT005603,CUST002704,2025-01-01,Fee complaint,1
TKT005604,CUST002704,2025-05-01,Requesting card cancellation,1
TKT005605,CUST002704,2025-06-01,Requesting credit limit increase,1
TKT005606,CUST002704,2025-06-01,General inquiry,1
TKT005607,CUST002704,2025-08-01,General inquiry,1
TKT005608,CUST002704,2025-09-01,Card not working,1
TKT005609,CUST002704,2025-09-01,General inquiry,0
TKT005610,CUST002704,2025-10-01,Requesting card cancellation,0
TKT005611,CUST002704,2025-11-01,Card not working,1
TKT005612,CUST002706,2025-02-01,Billing dispute,1
TKT005613,CUST002706,2025-02-01,Requesting credit limit increase,0
TKT005614,CUST002706,2025-02-01,Rewards points issue,1
TKT005615,CUST002706,2025-03-01,Rewards points issue,1
TKT005616,CUST002706,2025-05-01,General inquiry,1
TKT005617,CUST002706,2025-06-01,Requesting card cancellation,1
TKT005618,CUST002713,2025-04-01,Fee complaint,1
TKT005619,CUST002713,2025-05-01,App/website login issue,0
TKT005620,CUST002713,2025-06-01,Late payment inquiry,1
TKT005621,CUST002715,2025-01-01,Card not working,1
TKT005622,CUST002715,2025-01-01,App/website login issue,1
TKT005623,CUST002715,2025-02-01,Late payment inquiry,1
TKT005624,CUST002715,2025-04-01,Billing dispute,1
TKT005625,CUST002715,2025-04-01,Late payment inquiry,1
TKT005626,CUST002715,2025-05-01,Requesting card cancellation,0
TKT005627,CUST002715,2025-05-01,Fee complaint,1
TKT005628,CUST002715,2025-05-01,Billing dispute,1
TKT005629,CUST002718,2025-01-01,Billing dispute,1
TKT005630,CUST002718,2025-05-01,Billing dispute,1
TKT005631,CUST002718,2025-05-01,Fee complaint,0
TKT005632,CUST002718,2025-07-01,Requesting card cancellation,1
TKT005633,CUST002718,2025-07-01,Fee complaint,1
TKT005634,CUST002718,2025-08-01,Requesting credit limit increase,1
TKT005635,CUST002718,2025-08-01,General inquiry,1
TKT005636,CUST002718,2025-09-01,App/website login issue,1
TKT005637,CUST002718,2025-09-01,General inquiry,1
TKT005638,CUST002721,2025-09-01,App/website login issue,1
TKT005639,CUST002721,2025-09-01,Requesting credit limit increase,1
TKT005640,CUST002723,2025-01-01,Requesting credit limit increase,0
TKT005641,CUST002723,2025-01-01,Rewards points issue,1
TKT005642,CUST002723,2025-02-01,App/website login issue,1
TKT005643,CUST002723,2025-03-01,Billing dispute,1
TKT005644,CUST002723,2025-03-01,Fee complaint,1
TKT005645,CUST002723,2025-03-01,Rewards points issue,1
TKT005646,CUST002723,2025-04-01,Card not working,1
TKT005647,CUST002723,2025-04-01,App/website login issue,1
TKT005648,CUST002723,2025-05-01,App/website login issue,1
TKT005649,CUST002723,2025-05-01,App/website login issue,1
TKT005650,CUST002723,2025-05-01,Late payment inquiry,1
TKT005651,CUST002723,2025-05-01,Requesting card cancellation,1
TKT005652,CUST002723,2025-06-01,General inquiry,0
TKT005653,CUST002723,2025-07-01,General inquiry,1
TKT005654,CUST002723,2025-07-01,App/website login issue,1
TKT005655,CUST002723,2025-10-01,Billing dispute,1
TKT005656,CUST002723,2025-12-01,Fee complaint,1
TKT005657,CUST002724,2025-01-01,General inquiry,1
TKT005658,CUST002724,2025-03-01,Billing dispute,0
TKT005659,CUST002724,2025-04-01,Fee complaint,1
TKT005660,CUST002724,2025-06-01,Fee complaint,1
TKT005661,CUST002724,2025-06-01,Requesting card cancellation,1
TKT005662,CUST002724,2025-07-01,Fee complaint,1
TKT005663,CUST002724,2025-08-01,Billing dispute,1
TKT005664,CUST002724,2025-08-01,Rewards points issue,1
TKT005665,CUST002724,2025-10-01,Rewards points issue,1
TKT005666,CUST002724,2025-11-01,App/website login issue,1
TKT005667,CUST002724,2025-11-01,General inquiry,1
TKT005668,CUST002727,2025-03-01,Fee complaint,0
TKT005669,CUST002727,2025-04-01,App/website login issue,1
TKT005670,CUST002727,2025-04-01,Billing dispute,1
TKT005671,CUST002727,2025-06-01,Billing dispute,1
TKT005672,CUST002727,2025-08-01,Card not working,0
TKT005673,CUST002727,2025-08-01,General inquiry,1
TKT005674,CUST002727,2025-12-01,Fee complaint,0
TKT005675,CUST002728,2025-02-01,Rewards points issue,1
TKT005676,CUST002728,2025-02-01,Fee complaint,1
TKT005677,CUST002728,2025-03-01,Fee complaint,1
TKT005678,CUST002728,2025-03-01,Fee complaint,1
TKT005679,CUST002728,2025-03-01,Rewards points issue,0
TKT005680,CUST002728,2025-04-01,Card not working,1
TKT005681,CUST002728,2025-05-01,Rewards points issue,1
TKT005682,CUST002728,2025-06-01,Requesting credit limit increase,1
TKT005683,CUST002728,2025-07-01,App/website login issue,1
TKT005684,CUST002728,2025-07-01,Fee complaint,1
TKT005685,CUST002728,2025-09-01,Requesting credit limit increase,1
TKT005686,CUST002728,2025-10-01,Billing dispute,1
TKT005687,CUST002728,2025-11-01,Billing dispute,1
TKT005688,CUST002728,2025-12-01,Fee complaint,1
TKT005689,CUST002737,2025-01-01,General inquiry,0
TKT005690,CUST002737,2025-02-01,Late payment inquiry,1
TKT005691,CUST002737,2025-05-01,Billing dispute,1
TKT005692,CUST002737,2025-06-01,Rewards points issue,1
TKT005693,CUST002737,2025-07-01,General inquiry,1
TKT005694,CUST002737,2025-09-01,General inquiry,0
TKT005695,CUST002737,2025-10-01,Fee complaint,1
TKT005696,CUST002737,2025-10-01,Requesting card cancellation,1
TKT005697,CUST002751,2025-03-01,Card not working,1
TKT005698,CUST002752,2025-01-01,Fraud concern,1
TKT005699,CUST002752,2025-02-01,Requesting card cancellation,0
TKT005700,CUST002756,2025-02-01,Late payment inquiry,1
TKT005701,CUST002756,2025-02-01,Fee complaint,1
TKT005702,CUST002756,2025-03-01,Rewards points issue,1
TKT005703,CUST002756,2025-03-01,Fee complaint,1
TKT005704,CUST002766,2025-01-01,App/website login issue,1
TKT005705,CUST002766,2025-01-01,Card not working,1
TKT005706,CUST002766,2025-03-01,Requesting card cancellation,1
TKT005707,CUST002766,2025-04-01,Fee complaint,1
TKT005708,CUST002766,2025-06-01,Fraud concern,1
TKT005709,CUST002766,2025-08-01,Billing dispute,1
TKT005710,CUST002766,2025-09-01,Fee complaint,1
TKT005711,CUST002766,2025-09-01,Fee complaint,1
TKT005712,CUST002766,2025-09-01,Late payment inquiry,0
TKT005713,CUST002766,2025-11-01,Requesting card cancellation,1
TKT005714,CUST002766,2025-11-01,Fraud concern,1
TKT005715,CUST002766,2025-12-01,Billing dispute,1
TKT005716,CUST002766,2025-12-01,App/website login issue,1
TKT005717,CUST002768,2025-10-01,General inquiry,1
TKT005718,CUST002768,2025-11-01,Late payment inquiry,0
TKT005719,CUST002771,2025-10-01,General inquiry,1
TKT005720,CUST002771,2025-11-01,Fraud concern,1
TKT005721,CUST002775,2025-02-01,Requesting card cancellation,0
TKT005722,CUST002775,2025-02-01,Card not working,1
TKT005723,CUST002775,2025-03-01,Late payment inquiry,1
TKT005724,CUST002775,2025-03-01,Fee complaint,1
TKT005725,CUST002777,2025-04-01,Fee complaint,1
TKT005726,CUST002777,2025-05-01,Late payment inquiry,1
TKT005727,CUST002780,2025-01-01,Fraud concern,1
TKT005728,CUST002780,2025-02-01,Requesting credit limit increase,1
TKT005729,CUST002780,2025-03-01,App/website login issue,1
TKT005730,CUST002782,2025-03-01,App/website login issue,1
TKT005731,CUST002782,2025-04-01,Fee complaint,1
TKT005732,CUST002782,2025-04-01,Requesting credit limit increase,1
TKT005733,CUST002787,2025-01-01,Rewards points issue,1
TKT005734,CUST002787,2025-02-01,Fee complaint,1
TKT005735,CUST002787,2025-03-01,Billing dispute,1
TKT005736,CUST002787,2025-03-01,Late payment inquiry,1
TKT005737,CUST002787,2025-03-01,Requesting credit limit increase,0
TKT005738,CUST002787,2025-03-01,App/website login issue,1
TKT005739,CUST002787,2025-04-01,Late payment inquiry,0
TKT005740,CUST002787,2025-05-01,Fraud concern,1
TKT005741,CUST002787,2025-05-01,Billing dispute,1
TKT005742,CUST002787,2025-07-01,Fraud concern,1
TKT005743,CUST002787,2025-08-01,Rewards points issue,0
TKT005744,CUST002787,2025-08-01,Fee complaint,1
TKT005745,CUST002787,2025-09-01,Rewards points issue,1
TKT005746,CUST002787,2025-09-01,Billing dispute,1
TKT005747,CUST002787,2025-10-01,Billing dispute,1
TKT005748,CUST002787,2025-11-01,General inquiry,1
TKT005749,CUST002787,2025-12-01,App/website login issue,1
TKT005750,CUST002788,2025-04-01,Rewards points issue,1
TKT005751,CUST002788,2025-05-01,Requesting credit limit increase,0
TKT005752,CUST002788,2025-05-01,Late payment inquiry,1
TKT005753,CUST002789,2025-01-01,Card not working,1
TKT005754,CUST002789,2025-01-01,General inquiry,1
TKT005755,CUST002790,2025-02-01,General inquiry,1
TKT005756,CUST002790,2025-02-01,Billing dispute,1
TKT005757,CUST002790,2025-03-01,Billing dispute,1
TKT005758,CUST002790,2025-03-01,Fee complaint,1
TKT005759,CUST002790,2025-05-01,Late payment inquiry,0
TKT005760,CUST002790,2025-05-01,Billing dispute,1
TKT005761,CUST002790,2025-05-01,Fee complaint,1
TKT005762,CUST002790,2025-05-01,Card not working,1
TKT005763,CUST002790,2025-07-01,Rewards points issue,1
TKT005764,CUST002790,2025-08-01,Fraud concern,1
TKT005765,CUST002790,2025-08-01,Late payment inquiry,1
TKT005766,CUST002790,2025-10-01,Late payment inquiry,1
TKT005767,CUST002790,2025-12-01,Rewards points issue,1
TKT005768,CUST002790,2025-12-01,Fraud concern,1
TKT005769,CUST002790,2025-12-01,App/website login issue,1
TKT005770,CUST002790,2025-12-01,Fee complaint,1
TKT005771,CUST002808,2025-05-01,Requesting card cancellation,0
TKT005772,CUST002808,2025-07-01,Requesting card cancellation,1
TKT005773,CUST002808,2025-07-01,General inquiry,1
TKT005774,CUST002808,2025-07-01,Requesting credit limit increase,1
TKT005775,CUST002809,2025-08-01,Fee complaint,1
TKT005776,CUST002809,2025-09-01,Requesting card cancellation,1
TKT005777,CUST002811,2025-01-01,Fraud concern,1
TKT005778,CUST002811,2025-01-01,Late payment inquiry,1
TKT005779,CUST002811,2025-03-01,Billing dispute,1
TKT005780,CUST002815,2025-09-01,Requesting card cancellation,1
TKT005781,CUST002815,2025-10-01,Fee complaint,0
TKT005782,CUST002825,2025-01-01,Fee complaint,1
TKT005783,CUST002825,2025-02-01,Billing dispute,1
TKT005784,CUST002825,2025-05-01,Late payment inquiry,0
TKT005785,CUST002825,2025-05-01,Rewards points issue,1
TKT005786,CUST002825,2025-05-01,Fraud concern,1
TKT005787,CUST002825,2025-07-01,Requesting card cancellation,1
TKT005788,CUST002825,2025-07-01,Fraud concern,1
TKT005789,CUST002825,2025-07-01,Card not working,0
TKT005790,CUST002825,2025-09-01,Fee complaint,1
TKT005791,CUST002830,2025-04-01,Billing dispute,0
TKT005792,CUST002830,2025-06-01,Billing dispute,0
TKT005793,CUST002833,2025-04-01,Fee complaint,0
TKT005794,CUST002838,2025-02-01,Late payment inquiry,1
TKT005795,CUST002838,2025-02-01,Billing dispute,0
TKT005796,CUST002838,2025-05-01,General inquiry,1
TKT005797,CUST002838,2025-06-01,Fraud concern,0
TKT005798,CUST002838,2025-06-01,App/website login issue,1
TKT005799,CUST002838,2025-06-01,Card not working,0
TKT005800,CUST002838,2025-06-01,Fraud concern,1
TKT005801,CUST002838,2025-06-01,App/website login issue,0
TKT005802,CUST002838,2025-07-01,Fee complaint,1
TKT005803,CUST002838,2025-08-01,Fee complaint,1
TKT005804,CUST002838,2025-08-01,Requesting card cancellation,1
TKT005805,CUST002838,2025-10-01,General inquiry,1
TKT005806,CUST002838,2025-11-01,App/website login issue,1
TKT005807,CUST002838,2025-11-01,Rewards points issue,1
TKT005808,CUST002838,2025-12-01,Requesting card cancellation,1
TKT005809,CUST002841,2025-04-01,Billing dispute,0
TKT005810,CUST002841,2025-05-01,Requesting card cancellation,0
TKT005811,CUST002841,2025-05-01,App/website login issue,1
TKT005812,CUST002841,2025-05-01,Requesting card cancellation,0
TKT005813,CUST002841,2025-05-01,Card not working,1
TKT005814,CUST002841,2025-06-01,General inquiry,1
TKT005815,CUST002845,2025-02-01,General inquiry,1
TKT005816,CUST002845,2025-02-01,Requesting card cancellation,1
TKT005817,CUST002846,2025-01-01,Rewards points issue,1
TKT005818,CUST002846,2025-01-01,App/website login issue,1
TKT005819,CUST002846,2025-01-01,Billing dispute,0
TKT005820,CUST002846,2025-02-01,Requesting card cancellation,1
TKT005821,CUST002846,2025-02-01,Requesting credit limit increase,1
TKT005822,CUST002846,2025-05-01,App/website login issue,1
TKT005823,CUST002846,2025-07-01,Billing dispute,1
TKT005824,CUST002846,2025-08-01,Billing dispute,1
TKT005825,CUST002846,2025-09-01,Fee complaint,1
TKT005826,CUST002846,2025-11-01,Billing dispute,1
TKT005827,CUST002846,2025-12-01,Requesting card cancellation,1
TKT005828,CUST002846,2025-12-01,Fee complaint,1
TKT005829,CUST002849,2025-02-01,Requesting card cancellation,1
TKT005830,CUST002849,2025-02-01,Card not working,1
TKT005831,CUST002857,2025-06-01,Billing dispute,1
TKT005832,CUST002857,2025-06-01,Fee complaint,1
TKT005833,CUST002857,2025-07-01,Card not working,1
TKT005834,CUST002857,2025-08-01,Late payment inquiry,1
TKT005835,CUST002857,2025-08-01,Rewards points issue,1
TKT005836,CUST002863,2025-01-01,Requesting credit limit increase,1
TKT005837,CUST002863,2025-02-01,General inquiry,1
TKT005838,CUST002863,2025-02-01,General inquiry,1
TKT005839,CUST002863,2025-03-01,App/website login issue,1
TKT005840,CUST002863,2025-07-01,Fee complaint,1
TKT005841,CUST002863,2025-07-01,Rewards points issue,1
TKT005842,CUST002863,2025-08-01,Fee complaint,1
TKT005843,CUST002863,2025-08-01,Billing dispute,1
TKT005844,CUST002863,2025-08-01,Fee complaint,1
TKT005845,CUST002863,2025-09-01,Billing dispute,0
TKT005846,CUST002863,2025-09-01,Fee complaint,1
TKT005847,CUST002863,2025-09-01,Billing dispute,0
TKT005848,CUST002863,2025-09-01,Card not working,1
TKT005849,CUST002863,2025-11-01,Requesting card cancellation,1
TKT005850,CUST002863,2025-11-01,Billing dispute,1
TKT005851,CUST002863,2025-11-01,Requesting card cancellation,1
TKT005852,CUST002863,2025-12-01,Card not working,1
TKT005853,CUST002867,2025-01-01,Rewards points issue,1
TKT005854,CUST002867,2025-01-01,Rewards points issue,1
TKT005855,CUST002867,2025-01-01,General inquiry,1
TKT005856,CUST002867,2025-02-01,App/website login issue,1
TKT005857,CUST002867,2025-07-01,Billing dispute,1
TKT005858,CUST002867,2025-08-01,Billing dispute,1
TKT005859,CUST002867,2025-09-01,Fee complaint,1
TKT005860,CUST002871,2025-01-01,General inquiry,1
TKT005861,CUST002871,2025-01-01,Late payment inquiry,1
TKT005862,CUST002871,2025-02-01,Requesting card cancellation,1
TKT005863,CUST002871,2025-02-01,General inquiry,0
TKT005864,CUST002871,2025-02-01,Late payment inquiry,1
TKT005865,CUST002871,2025-03-01,General inquiry,1
TKT005866,CUST002871,2025-04-01,Requesting card cancellation,1
TKT005867,CUST002871,2025-04-01,Late payment inquiry,1
TKT005868,CUST002871,2025-05-01,Fee complaint,1
TKT005869,CUST002871,2025-08-01,Card not working,0
TKT005870,CUST002871,2025-11-01,Rewards points issue,1
TKT005871,CUST002873,2025-02-01,Billing dispute,0
TKT005872,CUST002873,2025-03-01,Rewards points issue,1
TKT005873,CUST002873,2025-06-01,General inquiry,1
TKT005874,CUST002873,2025-07-01,Fee complaint,0
TKT005875,CUST002873,2025-07-01,Fee complaint,1
TKT005876,CUST002873,2025-08-01,Requesting card cancellation,1
TKT005877,CUST002873,2025-08-01,Fee complaint,1
TKT005878,CUST002873,2025-09-01,Card not working,1
TKT005879,CUST002873,2025-09-01,Billing dispute,0
TKT005880,CUST002873,2025-09-01,Billing dispute,1
TKT005881,CUST002873,2025-11-01,Rewards points issue,1
TKT005882,CUST002873,2025-11-01,Fraud concern,1
TKT005883,CUST002873,2025-11-01,Billing dispute,0
TKT005884,CUST002873,2025-12-01,Fee complaint,1
TKT005885,CUST002878,2025-02-01,Rewards points issue,1
TKT005886,CUST002879,2025-04-01,Fee complaint,1
TKT005887,CUST002879,2025-05-01,Late payment inquiry,1
TKT005888,CUST002879,2025-07-01,Late payment inquiry,1
TKT005889,CUST002879,2025-11-01,General inquiry,0
TKT005890,CUST002879,2025-12-01,Fraud concern,1
TKT005891,CUST002879,2025-12-01,Fraud concern,1
TKT005892,CUST002879,2025-12-01,Fraud concern,1
TKT005893,CUST002879,2025-12-01,Late payment inquiry,0
TKT005894,CUST002880,2025-01-01,Rewards points issue,0
TKT005895,CUST002880,2025-02-01,Requesting credit limit increase,1
TKT005896,CUST002882,2025-02-01,Rewards points issue,1
TKT005897,CUST002882,2025-02-01,Requesting credit limit increase,1
TKT005898,CUST002882,2025-03-01,Fee complaint,1
TKT005899,CUST002885,2025-07-01,Late payment inquiry,1
TKT005900,CUST002885,2025-07-01,Fraud concern,1
TKT005901,CUST002885,2025-08-01,General inquiry,0
TKT005902,CUST002885,2025-09-01,App/website login issue,1
TKT005903,CUST002885,2025-09-01,Late payment inquiry,1
TKT005904,CUST002885,2025-09-01,Requesting card cancellation,1
TKT005905,CUST002886,2025-05-01,Requesting credit limit increase,1
TKT005906,CUST002886,2025-05-01,Requesting card cancellation,1
TKT005907,CUST002886,2025-05-01,Rewards points issue,1
TKT005908,CUST002886,2025-06-01,Requesting credit limit increase,1
TKT005909,CUST002886,2025-06-01,Fee complaint,1
TKT005910,CUST002886,2025-07-01,General inquiry,1
TKT005911,CUST002887,2025-01-01,Billing dispute,1
TKT005912,CUST002887,2025-01-01,Requesting card cancellation,1
TKT005913,CUST002887,2025-02-01,Fee complaint,0
TKT005914,CUST002887,2025-03-01,Fee complaint,1
TKT005915,CUST002887,2025-03-01,Requesting card cancellation,1
TKT005916,CUST002887,2025-05-01,General inquiry,1
TKT005917,CUST002887,2025-06-01,Card not working,1
TKT005918,CUST002887,2025-07-01,Billing dispute,1
TKT005919,CUST002887,2025-08-01,Rewards points issue,1
TKT005920,CUST002887,2025-11-01,Late payment inquiry,1
TKT005921,CUST002887,2025-12-01,Late payment inquiry,0
TKT005922,CUST002892,2025-01-01,Requesting credit limit increase,1
TKT005923,CUST002892,2025-02-01,Card not working,1
TKT005924,CUST002892,2025-03-01,Fee complaint,1
TKT005925,CUST002892,2025-03-01,Fee complaint,1
TKT005926,CUST002892,2025-04-01,Rewards points issue,1
TKT005927,CUST002892,2025-04-01,App/website login issue,1
TKT005928,CUST002892,2025-06-01,Card not working,0
TKT005929,CUST002892,2025-09-01,Requesting card cancellation,1
TKT005930,CUST002892,2025-09-01,Card not working,1
TKT005931,CUST002892,2025-11-01,Fraud concern,0
TKT005932,CUST002893,2025-09-01,App/website login issue,1
TKT005933,CUST002893,2025-10-01,Billing dispute,1
TKT005934,CUST002893,2025-10-01,Requesting credit limit increase,1
TKT005935,CUST002893,2025-10-01,Billing dispute,1
TKT005936,CUST002897,2025-03-01,App/website login issue,1
TKT005937,CUST002897,2025-03-01,Fee complaint,1
TKT005938,CUST002897,2025-04-01,Requesting credit limit increase,1
TKT005939,CUST002897,2025-04-01,Billing dispute,1
TKT005940,CUST002897,2025-06-01,General inquiry,1
TKT005941,CUST002897,2025-06-01,Requesting card cancellation,0
TKT005942,CUST002897,2025-06-01,Billing dispute,0
TKT005943,CUST002897,2025-06-01,Fraud concern,1
TKT005944,CUST002898,2025-01-01,Billing dispute,1
TKT005945,CUST002898,2025-03-01,Billing dispute,1
TKT005946,CUST002898,2025-04-01,Requesting credit limit increase,0
TKT005947,CUST002898,2025-04-01,Fee complaint,1
TKT005948,CUST002898,2025-05-01,Requesting credit limit increase,1
TKT005949,CUST002898,2025-06-01,Requesting card cancellation,1
TKT005950,CUST002898,2025-06-01,App/website login issue,1
TKT005951,CUST002898,2025-10-01,Fee complaint,1
TKT005952,CUST002898,2025-10-01,Requesting card cancellation,1
TKT005953,CUST002898,2025-12-01,Late payment inquiry,1
TKT005954,CUST002900,2025-07-01,Card not working,1
TKT005955,CUST002900,2025-07-01,Rewards points issue,1
TKT005956,CUST002900,2025-08-01,General inquiry,1
TKT005957,CUST002900,2025-09-01,Rewards points issue,1
TKT005958,CUST002901,2025-01-01,Billing dispute,1
TKT005959,CUST002901,2025-01-01,Requesting card cancellation,0
TKT005960,CUST002901,2025-05-01,Requesting card cancellation,1
TKT005961,CUST002901,2025-05-01,Fraud concern,1
TKT005962,CUST002901,2025-06-01,App/website login issue,1
TKT005963,CUST002901,2025-07-01,Requesting card cancellation,1
TKT005964,CUST002901,2025-08-01,General inquiry,1
TKT005965,CUST002901,2025-09-01,General inquiry,1
TKT005966,CUST002901,2025-10-01,Late payment inquiry,1
TKT005967,CUST002901,2025-11-01,Requesting card cancellation,1
TKT005968,CUST002901,2025-12-01,Fraud concern,1
TKT005969,CUST002901,2025-12-01,Late payment inquiry,1
TKT005970,CUST002901,2025-12-01,General inquiry,1
TKT005971,CUST002904,2025-01-01,Fee complaint,1
TKT005972,CUST002904,2025-01-01,Requesting card cancellation,1
TKT005973,CUST002904,2025-02-01,App/website login issue,0
TKT005974,CUST002904,2025-04-01,Fee complaint,1
TKT005975,CUST002904,2025-05-01,Requesting card cancellation,1
TKT005976,CUST002904,2025-05-01,Requesting card cancellation,1
TKT005977,CUST002904,2025-06-01,Fee complaint,1
TKT005978,CUST002904,2025-07-01,Requesting card cancellation,1
TKT005979,CUST002904,2025-07-01,Late payment inquiry,1
TKT005980,CUST002904,2025-08-01,Billing dispute,1
TKT005981,CUST002904,2025-09-01,Fee complaint,1
TKT005982,CUST002904,2025-09-01,App/website login issue,1
TKT005983,CUST002904,2025-09-01,Fee complaint,1
TKT005984,CUST002904,2025-10-01,Requesting card cancellation,1
TKT005985,CUST002904,2025-11-01,General inquiry,1
TKT005986,CUST002904,2025-12-01,Requesting card cancellation,1
TKT005987,CUST002904,2025-12-01,Card not working,1
TKT005988,CUST002904,2025-12-01,Requesting credit limit increase,1
TKT005989,CUST002907,2025-09-01,Billing dispute,1
TKT005990,CUST002912,2025-02-01,Billing dispute,1
TKT005991,CUST002912,2025-05-01,Billing dispute,1
TKT005992,CUST002912,2025-06-01,Rewards points issue,1
TKT005993,CUST002912,2025-06-01,Fee complaint,1
TKT005994,CUST002912,2025-07-01,Fee complaint,1
TKT005995,CUST002912,2025-09-01,Requesting credit limit increase,1
TKT005996,CUST002912,2025-09-01,General inquiry,0
TKT005997,CUST002912,2025-10-01,Fee complaint,1
TKT005998,CUST002912,2025-11-01,Late payment inquiry,1
TKT005999,CUST002912,2025-11-01,Rewards points issue,1
TKT006000,CUST002912,2025-11-01,Billing dispute,1
TKT006001,CUST002912,2025-11-01,Late payment inquiry,1
TKT006002,CUST002916,2025-01-01,Fee complaint,1
TKT006003,CUST002916,2025-01-01,Card not working,1
TKT006004,CUST002916,2025-02-01,App/website login issue,1
TKT006005,CUST002916,2025-03-01,General inquiry,0
TKT006006,CUST002916,2025-03-01,General inquiry,1
TKT006007,CUST002916,2025-03-01,General inquiry,1
TKT006008,CUST002916,2025-03-01,App/website login issue,1
TKT006009,CUST002916,2025-06-01,Fraud concern,1
TKT006010,CUST002916,2025-06-01,Rewards points issue,1
TKT006011,CUST002916,2025-07-01,Fee complaint,1
TKT006012,CUST002916,2025-07-01,Late payment inquiry,1
TKT006013,CUST002916,2025-08-01,Fee complaint,1
TKT006014,CUST002916,2025-08-01,Requesting card cancellation,1
TKT006015,CUST002916,2025-09-01,General inquiry,1
TKT006016,CUST002916,2025-10-01,General inquiry,1
TKT006017,CUST002916,2025-10-01,General inquiry,1
TKT006018,CUST002916,2025-10-01,Card not working,1
TKT006019,CUST002916,2025-12-01,Requesting card cancellation,1
TKT006020,CUST002919,2025-01-01,Fee complaint,1
TKT006021,CUST002919,2025-01-01,Late payment inquiry,0
TKT006022,CUST002919,2025-03-01,Late payment inquiry,1
TKT006023,CUST002919,2025-04-01,Requesting card cancellation,1
TKT006024,CUST002919,2025-05-01,Card not working,1
TKT006025,CUST002919,2025-06-01,Requesting card cancellation,0
TKT006026,CUST002919,2025-07-01,General inquiry,1
TKT006027,CUST002919,2025-08-01,Billing dispute,1
TKT006028,CUST002919,2025-08-01,Billing dispute,0
TKT006029,CUST002919,2025-09-01,Requesting credit limit increase,1
TKT006030,CUST002919,2025-09-01,Card not working,1
TKT006031,CUST002919,2025-10-01,Rewards points issue,1
TKT006032,CUST002919,2025-10-01,Card not working,1
TKT006033,CUST002919,2025-10-01,App/website login issue,1
TKT006034,CUST002919,2025-11-01,Billing dispute,1
TKT006035,CUST002919,2025-11-01,Card not working,1
TKT006036,CUST002919,2025-12-01,Rewards points issue,1
TKT006037,CUST002927,2025-04-01,Rewards points issue,1
TKT006038,CUST002927,2025-04-01,Billing dispute,1
TKT006039,CUST002927,2025-06-01,App/website login issue,1
TKT006040,CUST002928,2025-02-01,Requesting card cancellation,0
TKT006041,CUST002928,2025-02-01,General inquiry,1
TKT006042,CUST002928,2025-04-01,Requesting card cancellation,1
TKT006043,CUST002938,2025-02-01,Fee complaint,1
TKT006044,CUST002938,2025-02-01,Requesting credit limit increase,1
TKT006045,CUST002938,2025-02-01,Billing dispute,1
TKT006046,CUST002938,2025-03-01,Requesting credit limit increase,1
TKT006047,CUST002940,2025-02-01,Card not working,1
TKT006048,CUST002940,2025-03-01,Card not working,1
TKT006049,CUST002944,2025-05-01,Fraud concern,1
TKT006050,CUST002944,2025-05-01,Card not working,1
TKT006051,CUST002944,2025-05-01,Requesting card cancellation,1
TKT006052,CUST002944,2025-05-01,App/website login issue,1
TKT006053,CUST002944,2025-06-01,Late payment inquiry,1
TKT006054,CUST002944,2025-06-01,Billing dispute,1
TKT006055,CUST002944,2025-06-01,Rewards points issue,1
TKT006056,CUST002944,2025-07-01,Late payment inquiry,1
TKT006057,CUST002944,2025-07-01,Requesting card cancellation,0
TKT006058,CUST002944,2025-08-01,Late payment inquiry,1
TKT006059,CUST002944,2025-08-01,Requesting card cancellation,1
TKT006060,CUST002944,2025-08-01,Card not working,1
TKT006061,CUST002944,2025-09-01,General inquiry,1
TKT006062,CUST002944,2025-11-01,Billing dispute,1
TKT006063,CUST002944,2025-12-01,General inquiry,0
TKT006064,CUST002944,2025-12-01,Late payment inquiry,1
TKT006065,CUST002945,2025-05-01,General inquiry,1
TKT006066,CUST002945,2025-07-01,App/website login issue,1
TKT006067,CUST002945,2025-07-01,Fee complaint,1
TKT006068,CUST002949,2025-04-01,Fee complaint,1
TKT006069,CUST002949,2025-04-01,Late payment inquiry,1
TKT006070,CUST002959,2025-01-01,Billing dispute,1
TKT006071,CUST002959,2025-01-01,Rewards points issue,1
TKT006072,CUST002959,2025-02-01,Card not working,1
TKT006073,CUST002959,2025-02-01,Billing dispute,1
TKT006074,CUST002959,2025-05-01,Card not working,1
TKT006075,CUST002959,2025-05-01,App/website login issue,0
TKT006076,CUST002959,2025-07-01,Fee complaint,1
TKT006077,CUST002959,2025-07-01,App/website login issue,1
TKT006078,CUST002959,2025-08-01,Card not working,1
TKT006079,CUST002959,2025-09-01,Late payment inquiry,1
TKT006080,CUST002959,2025-10-01,Fee complaint,0
TKT006081,CUST002959,2025-11-01,Billing dispute,1
TKT006082,CUST002962,2025-09-01,Card not working,0
TKT006083,CUST002962,2025-11-01,App/website login issue,1
TKT006084,CUST002978,2025-04-01,Card not working,1
TKT006085,CUST002978,2025-05-01,Late payment inquiry,1
TKT006086,CUST002980,2025-01-01,Fee complaint,1
TKT006087,CUST002980,2025-01-01,App/website login issue,1
TKT006088,CUST002980,2025-01-01,Fraud concern,1
TKT006089,CUST002982,2025-01-01,General inquiry,1
TKT006090,CUST002982,2025-04-01,General inquiry,1
TKT006091,CUST002982,2025-07-01,Card not working,1
TKT006092,CUST002982,2025-08-01,Rewards points issue,0
TKT006093,CUST002982,2025-09-01,Card not working,0
TKT006094,CUST002982,2025-11-01,App/website login issue,1
TKT006095,CUST002982,2025-12-01,Requesting credit limit increase,1
TKT006096,CUST002985,2025-01-01,Late payment inquiry,1
TKT006097,CUST002985,2025-01-01,Requesting card cancellation,1
TKT006098,CUST002988,2025-01-01,Fee complaint,1
TKT006099,CUST002988,2025-01-01,App/website login issue,1
TKT006100,CUST002988,2025-04-01,Late payment inquiry,0
TKT006101,CUST002988,2025-05-01,Requesting card cancellation,1
TKT006102,CUST002988,2025-05-01,Fee complaint,1
TKT006103,CUST002988,2025-07-01,Fee complaint,1
TKT006104,CUST002988,2025-07-01,Fee complaint,0
TKT006105,CUST002988,2025-08-01,App/website login issue,1
TKT006106,CUST002988,2025-09-01,Requesting card cancellation,1
TKT006107,CUST002988,2025-10-01,General inquiry,1
TKT006108,CUST002988,2025-12-01,Late payment inquiry,1
TKT006109,CUST002988,2025-12-01,Billing dispute,0
TKT006110,CUST002989,2025-04-01,Billing dispute,1
TKT006111,CUST002989,2025-05-01,Fee complaint,1
TKT006112,CUST002989,2025-05-01,Late payment inquiry,1
TKT006113,CUST002989,2025-07-01,Rewards points issue,1
TKT006114,CUST002989,2025-08-01,Rewards points issue,1
TKT006115,CUST002989,2025-09-01,Rewards points issue,1
TKT006116,CUST002989,2025-10-01,Requesting card cancellation,1
TKT006117,CUST002989,2025-10-01,Fee complaint,1
TKT006118,CUST002989,2025-10-01,Requesting card cancellation,1
TKT006119,CUST002989,2025-12-01,Requesting credit limit increase,1
TKT006120,CUST002989,2025-12-01,Card not working,1
TKT006121,CUST002991,2025-02-01,Fee complaint,1
TKT006122,CUST002991,2025-02-01,Late payment inquiry,1
TKT006123,CUST002991,2025-03-01,General inquiry,1
TKT006124,CUST002991,2025-05-01,Requesting card cancellation,1
TKT006125,CUST002991,2025-06-01,Fee complaint,0
TKT006126,CUST002991,2025-06-01,General inquiry,1
TKT006127,CUST002991,2025-11-01,Late payment inquiry,1
TKT006128,CUST002991,2025-12-01,Requesting credit limit increase,1
TKT006129,CUST002991,2025-12-01,Fee complaint,1
TKT006130,CUST002996,2025-06-01,Billing dispute,1
